{"time":"2026-05-31T01:59:00.8303741+03:00","level":"INFO","msg":"gateway: configuration loaded","port":"8081","csharp_url":"http://localhost:5000","support_url":"http://localhost:5001","orchestrator_url":"http://localhost:5003","prodbert_url":"http://localhost:8001","nats_url":"nats://127.0.0.1:4222"}
{"time":"2026-05-31T01:59:01.5247681+03:00","level":"INFO","msg":"gateway: postgres connected"}
{"time":"2026-05-31T01:59:01.6041675+03:00","level":"INFO","msg":"messaging: NATS JetStream and DLQ streams configured"}
{"time":"2026-05-31T01:59:01.6046985+03:00","level":"INFO","msg":"outbox_worker: started dispatcher"}
{"time":"2026-05-31T01:59:01.6046985+03:00","level":"INFO","msg":"reconciliation_worker: started"}
{"time":"2026-05-31T01:59:01.6052319+03:00","level":"INFO","msg":"gateway: listening","addr":":8081"}
{"time":"2026-05-31T01:59:21.178294+03:00","level":"INFO","msg":"auth_event","event":"missing_token","user_id":"","trace_id":"f1720166aad986a2b451e822b3142cb6","success":false,"ts":"2026-05-30T22:59:21Z"}
{"time":"2026-05-31T01:59:21.2263101+03:00","level":"INFO","msg":"request","method":"GET","path":"/api/v1/cart","status":401,"latency_ms":48,"trace_id":"f1720166aad986a2b451e822b3142cb6","remote_addr":"[::1]:50632"}
{"time":"2026-05-31T01:59:31.6049195+03:00","level":"INFO","msg":"reconciliation_worker: running health checks"}
{"time":"2026-05-31T02:00:01.6050616+03:00","level":"INFO","msg":"reconciliation_worker: running health checks"}
{"time":"2026-05-31T02:00:03.3342071+03:00","level":"INFO","msg":"auth_event","event":"missing_token","user_id":"","trace_id":"a20f5b086eda602eb5bc8dbd315b45db","success":false,"ts":"2026-05-30T23:00:03Z"}
{"time":"2026-05-31T02:00:03.3342071+03:00","level":"INFO","msg":"request","method":"GET","path":"/api/v1/cart","status":401,"latency_ms":0,"trace_id":"a20f5b086eda602eb5bc8dbd315b45db","remote_addr":"[::1]:59450"}
{"time":"2026-05-31T02:00:18.6114556+03:00","level":"INFO","msg":"auth_event","event":"token_validated","user_id":"753658c7-916a-4b3b-97f3-201d89a0dcd2","trace_id":"725429aa92cf5a838db60e9cb41c9af7","success":true,"ts":"2026-05-30T23:00:18Z"}
{"time":"2026-05-31T02:00:21.2672604+03:00","level":"INFO","msg":"proxy: upstream response","upstream":"http://localhost:5003","path":"/ai/recommend/me","status":200,"trace_id":"725429aa92cf5a838db60e9cb41c9af7"}
{"time":"2026-05-31T02:00:21.3135992+03:00","level":"WARN","msg":"slow request","path":"/api/v1/ai/recommend/me","latency_ms":2701,"trace_id":"725429aa92cf5a838db60e9cb41c9af7"}
{"time":"2026-05-31T02:00:21.3141877+03:00","level":"INFO","msg":"request","method":"GET","path":"/api/v1/ai/recommend/me","status":200,"latency_ms":2703,"trace_id":"725429aa92cf5a838db60e9cb41c9af7","remote_addr":"[::1]:60835"}
{"time":"2026-05-31T02:00:31.6050277+03:00","level":"INFO","msg":"reconciliation_worker: running health checks"}
{"time":"2026-05-31T02:00:44.8487914+03:00","level":"INFO","msg":"auth_event","event":"token_validated","user_id":"753658c7-916a-4b3b-97f3-201d89a0dcd2","trace_id":"a16031fb6b59953dae49deba2f81e5e2","success":true,"ts":"2026-05-30T23:00:44Z"}
{"time":"2026-05-31T02:00:44.851446+03:00","level":"INFO","msg":"auth_event","event":"token_validated","user_id":"753658c7-916a-4b3b-97f3-201d89a0dcd2","trace_id":"04b5fb58c1ee95e9cd49843946490447","success":true,"ts":"2026-05-30T23:00:44Z"}
{"time":"2026-05-31T02:00:44.851446+03:00","level":"INFO","msg":"auth_event","event":"token_validated","user_id":"753658c7-916a-4b3b-97f3-201d89a0dcd2","trace_id":"0ee4340a9d6a781eb426222b3dde8deb","success":true,"ts":"2026-05-30T23:00:44Z"}
{"time":"2026-05-31T02:00:44.851446+03:00","level":"INFO","msg":"auth_event","event":"token_validated","user_id":"753658c7-916a-4b3b-97f3-201d89a0dcd2","trace_id":"04d8213d33e3e323a4d6788edc9d0e60","success":true,"ts":"2026-05-30T23:00:44Z"}
{"time":"2026-05-31T02:00:45.6151401+03:00","level":"INFO","msg":"proxy: upstream response","upstream":"http://localhost:5000","path":"/api/wishlist","status":200,"trace_id":"0ee4340a9d6a781eb426222b3dde8deb"}
{"time":"2026-05-31T02:00:45.6151401+03:00","level":"INFO","msg":"request","method":"GET","path":"/api/v1/wishlist","status":200,"latency_ms":763,"trace_id":"0ee4340a9d6a781eb426222b3dde8deb","remote_addr":"[::1]:58214"}
{"time":"2026-05-31T02:00:45.6342782+03:00","level":"INFO","msg":"proxy: upstream response","upstream":"http://localhost:5000","path":"/api/wallet","status":200,"trace_id":"04b5fb58c1ee95e9cd49843946490447"}
{"time":"2026-05-31T02:00:45.6342782+03:00","level":"INFO","msg":"request","method":"GET","path":"/api/v1/wallet","status":200,"latency_ms":784,"trace_id":"04b5fb58c1ee95e9cd49843946490447","remote_addr":"[::1]:58211"}
{"time":"2026-05-31T02:00:45.6552119+03:00","level":"INFO","msg":"proxy: upstream response","upstream":"http://localhost:5000","path":"/api/products","status":200,"trace_id":"a16031fb6b59953dae49deba2f81e5e2"}
{"time":"2026-05-31T02:00:45.655774+03:00","level":"INFO","msg":"request","method":"GET","path":"/api/v1/products","status":200,"latency_ms":806,"trace_id":"a16031fb6b59953dae49deba2f81e5e2","remote_addr":"[::1]:58212"}
{"time":"2026-05-31T02:00:46.794992+03:00","level":"INFO","msg":"proxy: upstream response","upstream":"http://localhost:5003","path":"/ai/recommend/me","status":200,"trace_id":"04d8213d33e3e323a4d6788edc9d0e60"}
{"time":"2026-05-31T02:00:46.8413065+03:00","level":"WARN","msg":"slow request","path":"/api/v1/ai/recommend/me","latency_ms":1943,"trace_id":"04d8213d33e3e323a4d6788edc9d0e60"}
{"time":"2026-05-31T02:00:46.8413065+03:00","level":"INFO","msg":"request","method":"GET","path":"/api/v1/ai/recommend/me","status":200,"latency_ms":1989,"trace_id":"04d8213d33e3e323a4d6788edc9d0e60","remote_addr":"[::1]:58213"}
{"time":"2026-05-31T02:01:01.6053233+03:00","level":"INFO","msg":"reconciliation_worker: running health checks"}
{"time":"2026-05-31T02:01:31.6049284+03:00","level":"INFO","msg":"reconciliation_worker: running health checks"}
{"time":"2026-05-31T02:01:49.5737873+03:00","level":"INFO","msg":"auth_event","event":"missing_token","user_id":"","trace_id":"b4f376fba8c43aa8bcea877e99db6a1e","success":false,"ts":"2026-05-30T23:01:49Z"}
{"time":"2026-05-31T02:01:49.5742956+03:00","level":"INFO","msg":"request","method":"GET","path":"/api/v1/products","status":401,"latency_ms":0,"trace_id":"b4f376fba8c43aa8bcea877e99db6a1e","remote_addr":"[::1]:63642"}
{"time":"2026-05-31T02:01:49.5742956+03:00","level":"INFO","msg":"auth_event","event":"missing_token","user_id":"","trace_id":"8817598cc82068f963331a1b3ba34b12","success":false,"ts":"2026-05-30T23:01:49Z"}
{"time":"2026-05-31T02:01:49.5742956+03:00","level":"INFO","msg":"auth_event","event":"missing_token","user_id":"","trace_id":"c395c2bb7c057225c73f06d9b2adf482","success":false,"ts":"2026-05-30T23:01:49Z"}
{"time":"2026-05-31T02:01:49.577171+03:00","level":"INFO","msg":"request","method":"GET","path":"/api/v1/wishlist","status":401,"latency_ms":2,"trace_id":"c395c2bb7c057225c73f06d9b2adf482","remote_addr":"[::1]:63644"}
{"time":"2026-05-31T02:01:49.5748397+03:00","level":"INFO","msg":"auth_event","event":"missing_token","user_id":"","trace_id":"8553c1296d9a00d481c1dea3e26dfc5b","success":false,"ts":"2026-05-30T23:01:49Z"}
{"time":"2026-05-31T02:01:49.577171+03:00","level":"INFO","msg":"request","method":"GET","path":"/api/v1/wallet","status":401,"latency_ms":2,"trace_id":"8817598cc82068f963331a1b3ba34b12","remote_addr":"[::1]:63643"}
{"time":"2026-05-31T02:01:49.5824419+03:00","level":"INFO","msg":"request","method":"GET","path":"/api/v1/ai/recommend/me","status":401,"latency_ms":7,"trace_id":"8553c1296d9a00d481c1dea3e26dfc5b","remote_addr":"[::1]:63645"}
{"time":"2026-05-31T02:01:49.7166026+03:00","level":"INFO","msg":"proxy: upstream response","upstream":"http://localhost:5000","path":"/api/auth/refresh","status":200,"trace_id":"f2fb1fb2dc6d4e0769d178d1dd16da6b"}
{"time":"2026-05-31T02:01:49.7172942+03:00","level":"INFO","msg":"proxy: upstream response","upstream":"http://localhost:5000","path":"/api/auth/refresh","status":200,"trace_id":"9990d44c9b7994365974f485c21fa5fd"}
{"time":"2026-05-31T02:01:49.7589005+03:00","level":"INFO","msg":"request","method":"POST","path":"/api/v1/auth/refresh","status":200,"latency_ms":129,"trace_id":"9990d44c9b7994365974f485c21fa5fd","remote_addr":"[::1]:49321"}
{"time":"2026-05-31T02:01:49.738978+03:00","level":"INFO","msg":"proxy: upstream response","upstream":"http://localhost:5000","path":"/api/auth/refresh","status":200,"trace_id":"be82f24bde7c5556710f6f2aa3c13751"}
{"time":"2026-05-31T02:01:49.7557084+03:00","level":"INFO","msg":"request","method":"POST","path":"/api/v1/auth/refresh","status":200,"latency_ms":126,"trace_id":"f2fb1fb2dc6d4e0769d178d1dd16da6b","remote_addr":"[::1]:49322"}
{"time":"2026-05-31T02:01:49.7609145+03:00","level":"INFO","msg":"request","method":"POST","path":"/api/v1/auth/refresh","status":200,"latency_ms":127,"trace_id":"be82f24bde7c5556710f6f2aa3c13751","remote_addr":"[::1]:49323"}
{"time":"2026-05-31T02:01:49.8507283+03:00","level":"INFO","msg":"auth_event","event":"token_validated","user_id":"753658c7-916a-4b3b-97f3-201d89a0dcd2","trace_id":"761cb548d79b0c37b015521f2ed082f5","success":true,"ts":"2026-05-30T23:01:49Z"}
{"time":"2026-05-31T02:01:49.8507283+03:00","level":"INFO","msg":"auth_event","event":"token_validated","user_id":"753658c7-916a-4b3b-97f3-201d89a0dcd2","trace_id":"a4579858d70cbdad8a72b9d69d8dd226","success":true,"ts":"2026-05-30T23:01:49Z"}
{"time":"2026-05-31T02:01:49.853696+03:00","level":"INFO","msg":"auth_event","event":"token_validated","user_id":"753658c7-916a-4b3b-97f3-201d89a0dcd2","trace_id":"ed352834bbb4711a998354f48830d841","success":true,"ts":"2026-05-30T23:01:49Z"}
{"time":"2026-05-31T02:01:50.0166422+03:00","level":"INFO","msg":"proxy: upstream response","upstream":"http://localhost:5000","path":"/api/wallet","status":200,"trace_id":"a4579858d70cbdad8a72b9d69d8dd226"}
{"time":"2026-05-31T02:01:50.0171554+03:00","level":"INFO","msg":"request","method":"GET","path":"/api/v1/wallet","status":200,"latency_ms":166,"trace_id":"a4579858d70cbdad8a72b9d69d8dd226","remote_addr":"[::1]:54583"}
{"time":"2026-05-31T02:01:50.0177023+03:00","level":"INFO","msg":"proxy: upstream response","upstream":"http://localhost:5000","path":"/api/products","status":200,"trace_id":"761cb548d79b0c37b015521f2ed082f5"}
{"time":"2026-05-31T02:01:50.0182514+03:00","level":"INFO","msg":"request","method":"GET","path":"/api/v1/products","status":200,"latency_ms":167,"trace_id":"761cb548d79b0c37b015521f2ed082f5","remote_addr":"[::1]:59229"}
{"time":"2026-05-31T02:01:50.0364282+03:00","level":"INFO","msg":"proxy: upstream response","upstream":"http://localhost:5000","path":"/api/wishlist","status":200,"trace_id":"ed352834bbb4711a998354f48830d841"}
{"time":"2026-05-31T02:01:50.0371396+03:00","level":"INFO","msg":"request","method":"GET","path":"/api/v1/wishlist","status":200,"latency_ms":183,"trace_id":"ed352834bbb4711a998354f48830d841","remote_addr":"[::1]:54584"}
{"time":"2026-05-31T02:01:50.2730496+03:00","level":"INFO","msg":"proxy: upstream response","upstream":"http://localhost:5000","path":"/api/auth/refresh","status":200,"trace_id":"43b2dd4fa8dbca3945262f8ab8d668a9"}
{"time":"2026-05-31T02:01:50.2734669+03:00","level":"INFO","msg":"request","method":"POST","path":"/api/v1/auth/refresh","status":200,"latency_ms":639,"trace_id":"43b2dd4fa8dbca3945262f8ab8d668a9","remote_addr":"[::1]:49324"}
{"time":"2026-05-31T02:01:50.2881363+03:00","level":"INFO","msg":"auth_event","event":"token_validated","user_id":"753658c7-916a-4b3b-97f3-201d89a0dcd2","trace_id":"ce6a9c73cdd9b51aefd52b6742f5b2a7","success":true,"ts":"2026-05-30T23:01:50Z"}
{"time":"2026-05-31T02:01:52.1566465+03:00","level":"INFO","msg":"proxy: upstream response","upstream":"http://localhost:5003","path":"/ai/recommend/me","status":200,"trace_id":"ce6a9c73cdd9b51aefd52b6742f5b2a7"}
{"time":"2026-05-31T02:01:52.2039588+03:00","level":"WARN","msg":"slow request","path":"/api/v1/ai/recommend/me","latency_ms":1915,"trace_id":"ce6a9c73cdd9b51aefd52b6742f5b2a7"}
{"time":"2026-05-31T02:01:52.2044787+03:00","level":"INFO","msg":"request","method":"GET","path":"/api/v1/ai/recommend/me","status":200,"latency_ms":1916,"trace_id":"ce6a9c73cdd9b51aefd52b6742f5b2a7","remote_addr":"[::1]:61136"}
{"time":"2026-05-31T02:02:01.6053638+03:00","level":"INFO","msg":"reconciliation_worker: running health checks"}
{"time":"2026-05-31T02:02:31.6047488+03:00","level":"INFO","msg":"reconciliation_worker: running health checks"}
{"time":"2026-05-31T02:02:35.9381906+03:00","level":"INFO","msg":"request","method":"GET","path":"/health","status":200,"latency_ms":0,"trace_id":"ca3af6d62042fe1fbf5c4b8ab2d5c830","remote_addr":"[::1]:56985"}
{"time":"2026-05-31T02:03:01.6052004+03:00","level":"INFO","msg":"reconciliation_worker: running health checks"}
{"time":"2026-05-31T02:03:31.6048189+03:00","level":"INFO","msg":"reconciliation_worker: running health checks"}
{"time":"2026-05-31T02:04:01.605318+03:00","level":"INFO","msg":"reconciliation_worker: running health checks"}
{"time":"2026-05-31T02:04:31.604784+03:00","level":"INFO","msg":"reconciliation_worker: running health checks"}
{"time":"2026-05-31T02:05:01.6051895+03:00","level":"INFO","msg":"reconciliation_worker: running health checks"}
{"time":"2026-05-31T02:05:21.6620481+03:00","level":"INFO","msg":"auth_event","event":"token_validated","user_id":"753658c7-916a-4b3b-97f3-201d89a0dcd2","trace_id":"16d7ac2a885c34a4094a84bd03de8e30","success":true,"ts":"2026-05-30T23:05:21Z"}
{"time":"2026-05-31T02:05:24.6251913+03:00","level":"INFO","msg":"proxy: upstream response","upstream":"http://localhost:5003","path":"/ai/recommend/me","status":200,"trace_id":"16d7ac2a885c34a4094a84bd03de8e30"}
{"time":"2026-05-31T02:05:24.6728111+03:00","level":"WARN","msg":"slow request","path":"/api/v1/ai/recommend/me","latency_ms":3010,"trace_id":"16d7ac2a885c34a4094a84bd03de8e30"}
{"time":"2026-05-31T02:05:24.6738352+03:00","level":"INFO","msg":"request","method":"GET","path":"/api/v1/ai/recommend/me","status":200,"latency_ms":3011,"trace_id":"16d7ac2a885c34a4094a84bd03de8e30","remote_addr":"[::1]:59817"}
{"time":"2026-05-31T02:05:31.6050027+03:00","level":"INFO","msg":"reconciliation_worker: running health checks"}
{"time":"2026-05-31T02:06:01.6050695+03:00","level":"INFO","msg":"reconciliation_worker: running health checks"}
{"time":"2026-05-31T02:06:31.6050625+03:00","level":"INFO","msg":"reconciliation_worker: running health checks"}
{"time":"2026-05-31T02:06:48.2687422+03:00","level":"INFO","msg":"auth_event","event":"token_validated","user_id":"753658c7-916a-4b3b-97f3-201d89a0dcd2","trace_id":"3243f7ca95778b146e9f97bb0a85fb89","success":true,"ts":"2026-05-30T23:06:48Z"}
{"time":"2026-05-31T02:06:48.2687422+03:00","level":"INFO","msg":"auth_event","event":"token_validated","user_id":"753658c7-916a-4b3b-97f3-201d89a0dcd2","trace_id":"c5abd42539f08983c02980814ba3af80","success":true,"ts":"2026-05-30T23:06:48Z"}
{"time":"2026-05-31T02:06:48.269252+03:00","level":"INFO","msg":"auth_event","event":"token_validated","user_id":"753658c7-916a-4b3b-97f3-201d89a0dcd2","trace_id":"2df5f81dd16bda36add8c6881bff1980","success":true,"ts":"2026-05-30T23:06:48Z"}
{"time":"2026-05-31T02:06:48.2710422+03:00","level":"INFO","msg":"auth_event","event":"token_validated","user_id":"753658c7-916a-4b3b-97f3-201d89a0dcd2","trace_id":"c80f3418660a4b652074f57e80a51d8d","success":true,"ts":"2026-05-30T23:06:48Z"}
{"time":"2026-05-31T02:06:49.0313341+03:00","level":"INFO","msg":"proxy: upstream response","upstream":"http://localhost:5000","path":"/api/wallet","status":200,"trace_id":"c5abd42539f08983c02980814ba3af80"}
{"time":"2026-05-31T02:06:49.0318471+03:00","level":"INFO","msg":"request","method":"GET","path":"/api/v1/wallet","status":200,"latency_ms":763,"trace_id":"c5abd42539f08983c02980814ba3af80","remote_addr":"[::1]:49397"}
{"time":"2026-05-31T02:06:49.032396+03:00","level":"INFO","msg":"proxy: upstream response","upstream":"http://localhost:5000","path":"/api/products","status":200,"trace_id":"3243f7ca95778b146e9f97bb0a85fb89"}
{"time":"2026-05-31T02:06:49.032396+03:00","level":"INFO","msg":"request","method":"GET","path":"/api/v1/products","status":200,"latency_ms":763,"trace_id":"3243f7ca95778b146e9f97bb0a85fb89","remote_addr":"[::1]:49396"}
{"time":"2026-05-31T02:06:49.0534912+03:00","level":"INFO","msg":"proxy: upstream response","upstream":"http://localhost:5000","path":"/api/wishlist","status":200,"trace_id":"c80f3418660a4b652074f57e80a51d8d"}
{"time":"2026-05-31T02:06:49.0540031+03:00","level":"INFO","msg":"request","method":"GET","path":"/api/v1/wishlist","status":200,"latency_ms":782,"trace_id":"c80f3418660a4b652074f57e80a51d8d","remote_addr":"[::1]:49399"}
{"time":"2026-05-31T02:06:50.5047315+03:00","level":"INFO","msg":"proxy: upstream response","upstream":"http://localhost:5003","path":"/ai/recommend/me","status":200,"trace_id":"2df5f81dd16bda36add8c6881bff1980"}
{"time":"2026-05-31T02:06:50.551867+03:00","level":"WARN","msg":"slow request","path":"/api/v1/ai/recommend/me","latency_ms":2281,"trace_id":"2df5f81dd16bda36add8c6881bff1980"}
{"time":"2026-05-31T02:06:50.551867+03:00","level":"INFO","msg":"request","method":"GET","path":"/api/v1/ai/recommend/me","status":200,"latency_ms":2282,"trace_id":"2df5f81dd16bda36add8c6881bff1980","remote_addr":"[::1]:49398"}
{"time":"2026-05-31T02:07:01.6048528+03:00","level":"INFO","msg":"reconciliation_worker: running health checks"}
{"time":"2026-05-31T02:07:15.14578+03:00","level":"INFO","msg":"auth_event","event":"missing_token","user_id":"","trace_id":"8ecadddf0e38272e242537d1c5f3ef0e","success":false,"ts":"2026-05-30T23:07:15Z"}
{"time":"2026-05-31T02:07:15.1463219+03:00","level":"INFO","msg":"request","method":"GET","path":"/api/v1/products","status":401,"latency_ms":0,"trace_id":"8ecadddf0e38272e242537d1c5f3ef0e","remote_addr":"[::1]:52241"}
{"time":"2026-05-31T02:07:15.1468555+03:00","level":"INFO","msg":"auth_event","event":"missing_token","user_id":"","trace_id":"90de04e6bdf43704f1aeb3ec3197e13f","success":false,"ts":"2026-05-30T23:07:15Z"}
{"time":"2026-05-31T02:07:15.1468555+03:00","level":"INFO","msg":"auth_event","event":"missing_token","user_id":"","trace_id":"c800f64d102ec6c1b092f304df8a51cb","success":false,"ts":"2026-05-30T23:07:15Z"}
{"time":"2026-05-31T02:07:15.1468555+03:00","level":"INFO","msg":"request","method":"GET","path":"/api/v1/wallet","status":401,"latency_ms":0,"trace_id":"90de04e6bdf43704f1aeb3ec3197e13f","remote_addr":"[::1]:52242"}
{"time":"2026-05-31T02:07:15.1468555+03:00","level":"INFO","msg":"auth_event","event":"missing_token","user_id":"","trace_id":"b2aabc605d2a11cd11984b52cc05fe78","success":false,"ts":"2026-05-30T23:07:15Z"}
{"time":"2026-05-31T02:07:15.1473959+03:00","level":"INFO","msg":"request","method":"GET","path":"/api/v1/ai/recommend/me","status":401,"latency_ms":0,"trace_id":"c800f64d102ec6c1b092f304df8a51cb","remote_addr":"[::1]:52243"}
{"time":"2026-05-31T02:07:15.1473959+03:00","level":"INFO","msg":"request","method":"GET","path":"/api/v1/wishlist","status":401,"latency_ms":0,"trace_id":"b2aabc605d2a11cd11984b52cc05fe78","remote_addr":"[::1]:52244"}
{"time":"2026-05-31T02:07:15.2757547+03:00","level":"INFO","msg":"proxy: upstream response","upstream":"http://localhost:5000","path":"/api/auth/refresh","status":200,"trace_id":"0e250e2d564285e3079e13936c6bed06"}
{"time":"2026-05-31T02:07:15.2868674+03:00","level":"INFO","msg":"request","method":"POST","path":"/api/v1/auth/refresh","status":200,"latency_ms":87,"trace_id":"0e250e2d564285e3079e13936c6bed06","remote_addr":"[::1]:61368"}
{"time":"2026-05-31T02:07:15.2854872+03:00","level":"INFO","msg":"proxy: upstream response","upstream":"http://localhost:5000","path":"/api/auth/refresh","status":200,"trace_id":"41347a39535613237c335d66497889c3"}
{"time":"2026-05-31T02:07:15.2876467+03:00","level":"INFO","msg":"request","method":"POST","path":"/api/v1/auth/refresh","status":200,"latency_ms":84,"trace_id":"41347a39535613237c335d66497889c3","remote_addr":"[::1]:49264"}
{"time":"2026-05-31T02:07:15.305691+03:00","level":"INFO","msg":"proxy: upstream response","upstream":"http://localhost:5000","path":"/api/auth/refresh","status":200,"trace_id":"a83b6b6b077b75422f86cd9bab5d3ecd"}
{"time":"2026-05-31T02:07:15.3062477+03:00","level":"INFO","msg":"request","method":"POST","path":"/api/v1/auth/refresh","status":200,"latency_ms":99,"trace_id":"a83b6b6b077b75422f86cd9bab5d3ecd","remote_addr":"[::1]:49266"}
{"time":"2026-05-31T02:07:15.5196244+03:00","level":"INFO","msg":"auth_event","event":"token_validated","user_id":"753658c7-916a-4b3b-97f3-201d89a0dcd2","trace_id":"647945d6c36f0b3e3b0ef154781bec77","success":true,"ts":"2026-05-30T23:07:15Z"}
{"time":"2026-05-31T02:07:15.5523603+03:00","level":"INFO","msg":"auth_event","event":"token_validated","user_id":"753658c7-916a-4b3b-97f3-201d89a0dcd2","trace_id":"860cc04bac24ba7d05a31decef30ec2c","success":true,"ts":"2026-05-30T23:07:15Z"}
{"time":"2026-05-31T02:07:15.5530338+03:00","level":"INFO","msg":"auth_event","event":"token_validated","user_id":"753658c7-916a-4b3b-97f3-201d89a0dcd2","trace_id":"694e1fcbdab7eacf46eb1599d9b8a162","success":true,"ts":"2026-05-30T23:07:15Z"}
{"time":"2026-05-31T02:07:15.712621+03:00","level":"INFO","msg":"proxy: upstream response","upstream":"http://localhost:5000","path":"/api/wallet","status":200,"trace_id":"860cc04bac24ba7d05a31decef30ec2c"}
{"time":"2026-05-31T02:07:15.7145715+03:00","level":"INFO","msg":"proxy: upstream response","upstream":"http://localhost:5000","path":"/api/wishlist","status":200,"trace_id":"694e1fcbdab7eacf46eb1599d9b8a162"}
{"time":"2026-05-31T02:07:15.7608035+03:00","level":"INFO","msg":"request","method":"GET","path":"/api/v1/wishlist","status":200,"latency_ms":207,"trace_id":"694e1fcbdab7eacf46eb1599d9b8a162","remote_addr":"[::1]:49766"}
{"time":"2026-05-31T02:07:15.7156459+03:00","level":"INFO","msg":"proxy: upstream response","upstream":"http://localhost:5000","path":"/api/products","status":200,"trace_id":"647945d6c36f0b3e3b0ef154781bec77"}
{"time":"2026-05-31T02:07:15.7608035+03:00","level":"INFO","msg":"request","method":"GET","path":"/api/v1/wallet","status":200,"latency_ms":208,"trace_id":"860cc04bac24ba7d05a31decef30ec2c","remote_addr":"[::1]:56756"}
{"time":"2026-05-31T02:07:15.7613102+03:00","level":"INFO","msg":"request","method":"GET","path":"/api/v1/products","status":200,"latency_ms":242,"trace_id":"647945d6c36f0b3e3b0ef154781bec77","remote_addr":"[::1]:50450"}
{"time":"2026-05-31T02:07:15.8745479+03:00","level":"INFO","msg":"proxy: upstream response","upstream":"http://localhost:5000","path":"/api/auth/refresh","status":200,"trace_id":"084323f362d482d66cc0318fdff28bbe"}
{"time":"2026-05-31T02:07:15.9231883+03:00","level":"INFO","msg":"request","method":"POST","path":"/api/v1/auth/refresh","status":200,"latency_ms":717,"trace_id":"084323f362d482d66cc0318fdff28bbe","remote_addr":"[::1]:49265"}
{"time":"2026-05-31T02:07:15.9305873+03:00","level":"INFO","msg":"auth_event","event":"token_validated","user_id":"753658c7-916a-4b3b-97f3-201d89a0dcd2","trace_id":"3180cad441e80b4cd572bd58c3eff638","success":true,"ts":"2026-05-30T23:07:15Z"}
{"time":"2026-05-31T02:07:17.7651229+03:00","level":"INFO","msg":"proxy: upstream response","upstream":"http://localhost:5003","path":"/ai/recommend/me","status":200,"trace_id":"3180cad441e80b4cd572bd58c3eff638"}
{"time":"2026-05-31T02:07:17.8126272+03:00","level":"WARN","msg":"slow request","path":"/api/v1/ai/recommend/me","latency_ms":1881,"trace_id":"3180cad441e80b4cd572bd58c3eff638"}
{"time":"2026-05-31T02:07:17.8126272+03:00","level":"INFO","msg":"request","method":"GET","path":"/api/v1/ai/recommend/me","status":200,"latency_ms":1882,"trace_id":"3180cad441e80b4cd572bd58c3eff638","remote_addr":"[::1]:49768"}
{"time":"2026-05-31T02:07:31.6047481+03:00","level":"INFO","msg":"reconciliation_worker: running health checks"}
{"time":"2026-05-31T02:08:01.6051339+03:00","level":"INFO","msg":"reconciliation_worker: running health checks"}
{"time":"2026-05-31T02:08:23.947925+03:00","level":"INFO","msg":"auth_event","event":"missing_token","user_id":"","trace_id":"7f4445f2f57f3b9639eb58fade5484ca","success":false,"ts":"2026-05-30T23:08:23Z"}
{"time":"2026-05-31T02:08:23.947925+03:00","level":"INFO","msg":"request","method":"POST","path":"/api/v1/orders","status":401,"latency_ms":0,"trace_id":"7f4445f2f57f3b9639eb58fade5484ca","remote_addr":"[::1]:63994"}
{"time":"2026-05-31T02:08:23.9872207+03:00","level":"INFO","msg":"auth_event","event":"missing_token","user_id":"","trace_id":"c561b78bab92fed342998e86aa3c5c5a","success":false,"ts":"2026-05-30T23:08:23Z"}
{"time":"2026-05-31T02:08:23.9900971+03:00","level":"INFO","msg":"request","method":"POST","path":"/api/v1/cart/items","status":401,"latency_ms":2,"trace_id":"c561b78bab92fed342998e86aa3c5c5a","remote_addr":"[::1]:63995"}
{"time":"2026-05-31T02:08:31.6049731+03:00","level":"INFO","msg":"reconciliation_worker: running health checks"}
{"time":"2026-05-31T02:09:01.6052215+03:00","level":"INFO","msg":"reconciliation_worker: running health checks"}
{"time":"2026-05-31T02:09:31.6049778+03:00","level":"INFO","msg":"reconciliation_worker: running health checks"}
{"time":"2026-05-31T02:10:01.6048664+03:00","level":"INFO","msg":"reconciliation_worker: running health checks"}
{"time":"2026-05-31T02:10:31.6052256+03:00","level":"INFO","msg":"reconciliation_worker: running health checks"}
{"time":"2026-05-31T02:11:01.6050373+03:00","level":"INFO","msg":"reconciliation_worker: running health checks"}
{"time":"2026-05-31T02:11:31.6049112+03:00","level":"INFO","msg":"reconciliation_worker: running health checks"}
{"time":"2026-05-31T02:12:01.6049856+03:00","level":"INFO","msg":"reconciliation_worker: running health checks"}
{"time":"2026-05-31T02:12:31.6049468+03:00","level":"INFO","msg":"reconciliation_worker: running health checks"}
{"time":"2026-05-31T02:13:01.605217+03:00","level":"INFO","msg":"reconciliation_worker: running health checks"}
{"time":"2026-05-31T02:13:31.6047831+03:00","level":"INFO","msg":"reconciliation_worker: running health checks"}
{"time":"2026-05-31T02:14:01.6054505+03:00","level":"INFO","msg":"reconciliation_worker: running health checks"}
{"time":"2026-05-31T02:14:31.6051093+03:00","level":"INFO","msg":"reconciliation_worker: running health checks"}
{"time":"2026-05-31T02:15:01.6051451+03:00","level":"INFO","msg":"reconciliation_worker: running health checks"}
{"time":"2026-05-31T02:15:31.6047816+03:00","level":"INFO","msg":"reconciliation_worker: running health checks"}
{"time":"2026-05-31T02:16:01.6048078+03:00","level":"INFO","msg":"reconciliation_worker: running health checks"}
{"time":"2026-05-31T02:16:31.6049044+03:00","level":"INFO","msg":"reconciliation_worker: running health checks"}
{"time":"2026-05-31T02:17:01.6052918+03:00","level":"INFO","msg":"reconciliation_worker: running health checks"}
{"time":"2026-05-31T02:17:18.16883+03:00","level":"INFO","msg":"auth_event","event":"token_validated","user_id":"753658c7-916a-4b3b-97f3-201d89a0dcd2","trace_id":"6e436ab9be599ff93074b0dfff2b84e0","success":true,"ts":"2026-05-30T23:17:18Z"}
{"time":"2026-05-31T02:17:20.1716583+03:00","level":"INFO","msg":"proxy: upstream response","upstream":"http://localhost:5003","path":"/ai/recommend/me","status":200,"trace_id":"6e436ab9be599ff93074b0dfff2b84e0"}
{"time":"2026-05-31T02:17:20.1721653+03:00","level":"WARN","msg":"slow request","path":"/api/v1/ai/recommend/me","latency_ms":2002,"trace_id":"6e436ab9be599ff93074b0dfff2b84e0"}
{"time":"2026-05-31T02:17:20.1721653+03:00","level":"INFO","msg":"request","method":"GET","path":"/api/v1/ai/recommend/me","status":200,"latency_ms":2003,"trace_id":"6e436ab9be599ff93074b0dfff2b84e0","remote_addr":"[::1]:54057"}
{"time":"2026-05-31T02:17:20.5182281+03:00","level":"INFO","msg":"auth_event","event":"token_validated","user_id":"753658c7-916a-4b3b-97f3-201d89a0dcd2","trace_id":"38be5249e561c0fd76ac969f946230da","success":true,"ts":"2026-05-30T23:17:20Z"}
{"time":"2026-05-31T02:17:20.5769344+03:00","level":"INFO","msg":"auth_event","event":"token_validated","user_id":"753658c7-916a-4b3b-97f3-201d89a0dcd2","trace_id":"692e0d72ff6c0dae6990b72c90da796e","success":true,"ts":"2026-05-30T23:17:20Z"}
{"time":"2026-05-31T02:17:20.666821+03:00","level":"INFO","msg":"proxy: upstream response","upstream":"http://localhost:5003","path":"/seller-report/MyPal","status":500,"trace_id":"692e0d72ff6c0dae6990b72c90da796e"}
{"time":"2026-05-31T02:17:20.666821+03:00","level":"INFO","msg":"request","method":"GET","path":"/api/v1/seller-report/MyPal","status":500,"latency_ms":89,"trace_id":"692e0d72ff6c0dae6990b72c90da796e","remote_addr":"[::1]:57181"}
{"time":"2026-05-31T02:17:21.2640558+03:00","level":"INFO","msg":"proxy: upstream response","upstream":"http://localhost:5000","path":"/api/products/58b672fb-d567-419a-984e-da3612938727","status":200,"trace_id":"38be5249e561c0fd76ac969f946230da"}
{"time":"2026-05-31T02:17:21.2640558+03:00","level":"INFO","msg":"request","method":"GET","path":"/api/v1/products/58b672fb-d567-419a-984e-da3612938727","status":200,"latency_ms":745,"trace_id":"38be5249e561c0fd76ac969f946230da","remote_addr":"[::1]:51637"}
{"time":"2026-05-31T02:17:25.9522464+03:00","level":"INFO","msg":"auth_event","event":"token_validated","user_id":"753658c7-916a-4b3b-97f3-201d89a0dcd2","trace_id":"132589ff40fa8bc9bc6037ea99cee830","success":true,"ts":"2026-05-30T23:17:25Z"}
{"time":"2026-05-31T02:17:25.9908412+03:00","level":"INFO","msg":"auth_event","event":"token_validated","user_id":"753658c7-916a-4b3b-97f3-201d89a0dcd2","trace_id":"f0d796e8d5b509e45a83c41e6d04d916","success":true,"ts":"2026-05-30T23:17:25Z"}
{"time":"2026-05-31T02:17:26.0814071+03:00","level":"INFO","msg":"proxy: upstream response","upstream":"http://localhost:5003","path":"/seller-report/MyPal","status":500,"trace_id":"f0d796e8d5b509e45a83c41e6d04d916"}
{"time":"2026-05-31T02:17:26.0814071+03:00","level":"INFO","msg":"request","method":"GET","path":"/api/v1/seller-report/MyPal","status":500,"latency_ms":90,"trace_id":"f0d796e8d5b509e45a83c41e6d04d916","remote_addr":"[::1]:62262"}
{"time":"2026-05-31T02:17:26.0814071+03:00","level":"INFO","msg":"proxy: upstream response","upstream":"http://localhost:5000","path":"/api/products/18c57a81-396d-4fab-84a7-1a53a4a78062","status":200,"trace_id":"132589ff40fa8bc9bc6037ea99cee830"}
{"time":"2026-05-31T02:17:26.0819162+03:00","level":"INFO","msg":"request","method":"GET","path":"/api/v1/products/18c57a81-396d-4fab-84a7-1a53a4a78062","status":200,"latency_ms":129,"trace_id":"132589ff40fa8bc9bc6037ea99cee830","remote_addr":"[::1]:58291"}
{"time":"2026-05-31T02:17:31.6050266+03:00","level":"INFO","msg":"reconciliation_worker: running health checks"}
{"time":"2026-05-31T02:17:33.8006165+03:00","level":"INFO","msg":"auth_event","event":"token_validated","user_id":"753658c7-916a-4b3b-97f3-201d89a0dcd2","trace_id":"d0ce742fdd6d0a1c165000d8ef745a56","success":true,"ts":"2026-05-30T23:17:33Z"}
{"time":"2026-05-31T02:17:36.0273239+03:00","level":"INFO","msg":"proxy: upstream response","upstream":"http://localhost:5003","path":"/ai/recommend/me","status":200,"trace_id":"d0ce742fdd6d0a1c165000d8ef745a56"}
{"time":"2026-05-31T02:17:36.0317278+03:00","level":"WARN","msg":"slow request","path":"/api/v1/ai/recommend/me","latency_ms":2230,"trace_id":"d0ce742fdd6d0a1c165000d8ef745a56"}
{"time":"2026-05-31T02:17:36.0322804+03:00","level":"INFO","msg":"request","method":"GET","path":"/api/v1/ai/recommend/me","status":200,"latency_ms":2231,"trace_id":"d0ce742fdd6d0a1c165000d8ef745a56","remote_addr":"[::1]:64172"}
{"time":"2026-05-31T02:17:40.3329938+03:00","level":"INFO","msg":"auth_event","event":"token_validated","user_id":"753658c7-916a-4b3b-97f3-201d89a0dcd2","trace_id":"992a92fa6bf99370b7236756d65b0cf1","success":true,"ts":"2026-05-30T23:17:40Z"}
{"time":"2026-05-31T02:17:41.3530605+03:00","level":"INFO","msg":"proxy: upstream response","upstream":"http://localhost:5003","path":"/ai/recommend/me","status":200,"trace_id":"992a92fa6bf99370b7236756d65b0cf1"}
{"time":"2026-05-31T02:17:41.3530605+03:00","level":"INFO","msg":"request","method":"GET","path":"/api/v1/ai/recommend/me","status":200,"latency_ms":1020,"trace_id":"992a92fa6bf99370b7236756d65b0cf1","remote_addr":"[::1]:61652"}
{"time":"2026-05-31T02:17:43.3763981+03:00","level":"INFO","msg":"auth_event","event":"token_validated","user_id":"753658c7-916a-4b3b-97f3-201d89a0dcd2","trace_id":"ef226553a1e1082993ef513a32a7813d","success":true,"ts":"2026-05-30T23:17:43Z"}
{"time":"2026-05-31T02:17:44.3483426+03:00","level":"INFO","msg":"proxy: upstream response","upstream":"http://localhost:5003","path":"/ai/recommend/me","status":200,"trace_id":"ef226553a1e1082993ef513a32a7813d"}
{"time":"2026-05-31T02:17:44.3951529+03:00","level":"INFO","msg":"request","method":"GET","path":"/api/v1/ai/recommend/me","status":200,"latency_ms":1018,"trace_id":"ef226553a1e1082993ef513a32a7813d","remote_addr":"[::1]:60877"}
{"time":"2026-05-31T02:17:47.7524109+03:00","level":"INFO","msg":"auth_event","event":"token_validated","user_id":"753658c7-916a-4b3b-97f3-201d89a0dcd2","trace_id":"dfe5a8849f37ae00298c678f042ad683","success":true,"ts":"2026-05-30T23:17:47Z"}
{"time":"2026-05-31T02:17:48.6724064+03:00","level":"INFO","msg":"proxy: upstream response","upstream":"http://localhost:5003","path":"/ai/recommend/me","status":200,"trace_id":"dfe5a8849f37ae00298c678f042ad683"}
{"time":"2026-05-31T02:17:48.6732015+03:00","level":"INFO","msg":"request","method":"GET","path":"/api/v1/ai/recommend/me","status":200,"latency_ms":920,"trace_id":"dfe5a8849f37ae00298c678f042ad683","remote_addr":"[::1]:63367"}
{"time":"2026-05-31T02:18:01.6048293+03:00","level":"INFO","msg":"reconciliation_worker: running health checks"}
{"time":"2026-05-31T02:18:03.5232806+03:00","level":"INFO","msg":"auth_event","event":"token_validated","user_id":"753658c7-916a-4b3b-97f3-201d89a0dcd2","trace_id":"9ec13f3ce5613d1a1c7d203319de958b","success":true,"ts":"2026-05-30T23:18:03Z"}
{"time":"2026-05-31T02:18:05.6171365+03:00","level":"INFO","msg":"proxy: upstream response","upstream":"http://localhost:5003","path":"/ai/recommend/me","status":200,"trace_id":"9ec13f3ce5613d1a1c7d203319de958b"}
{"time":"2026-05-31T02:18:05.6657317+03:00","level":"WARN","msg":"slow request","path":"/api/v1/ai/recommend/me","latency_ms":2095,"trace_id":"9ec13f3ce5613d1a1c7d203319de958b"}
{"time":"2026-05-31T02:18:05.6662876+03:00","level":"INFO","msg":"request","method":"GET","path":"/api/v1/ai/recommend/me","status":200,"latency_ms":2143,"trace_id":"9ec13f3ce5613d1a1c7d203319de958b","remote_addr":"[::1]:59476"}
{"time":"2026-05-31T02:18:31.6050981+03:00","level":"INFO","msg":"reconciliation_worker: running health checks"}
{"time":"2026-05-31T02:19:01.6053601+03:00","level":"INFO","msg":"reconciliation_worker: running health checks"}
{"time":"2026-05-31T02:19:31.6047954+03:00","level":"INFO","msg":"reconciliation_worker: running health checks"}
{"time":"2026-05-31T02:20:01.6052888+03:00","level":"INFO","msg":"reconciliation_worker: running health checks"}
{"time":"2026-05-31T02:20:31.6047783+03:00","level":"INFO","msg":"reconciliation_worker: running health checks"}
{"time":"2026-05-31T02:21:01.605558+03:00","level":"INFO","msg":"reconciliation_worker: running health checks"}
{"time":"2026-05-31T02:21:31.6051698+03:00","level":"INFO","msg":"reconciliation_worker: running health checks"}
{"time":"2026-05-31T02:22:01.6048715+03:00","level":"INFO","msg":"reconciliation_worker: running health checks"}
{"time":"2026-05-31T02:22:31.6050223+03:00","level":"INFO","msg":"reconciliation_worker: running health checks"}
{"time":"2026-05-31T02:23:01.6050434+03:00","level":"INFO","msg":"reconciliation_worker: running health checks"}
{"time":"2026-05-31T02:23:31.6052044+03:00","level":"INFO","msg":"reconciliation_worker: running health checks"}
{"time":"2026-05-31T02:24:01.6049792+03:00","level":"INFO","msg":"reconciliation_worker: running health checks"}
{"time":"2026-05-31T02:24:31.6050082+03:00","level":"INFO","msg":"reconciliation_worker: running health checks"}
{"time":"2026-05-31T02:25:01.6048685+03:00","level":"INFO","msg":"reconciliation_worker: running health checks"}
{"time":"2026-05-31T02:25:31.6050168+03:00","level":"INFO","msg":"reconciliation_worker: running health checks"}
{"time":"2026-05-31T02:25:57.6762676+03:00","level":"INFO","msg":"auth_event","event":"missing_token","user_id":"","trace_id":"232ef14bbcfd296bb42766f452d3cff2","success":false,"ts":"2026-05-30T23:25:57Z"}
{"time":"2026-05-31T02:25:57.6767771+03:00","level":"INFO","msg":"request","method":"GET","path":"/api/v1/seller-report/MyPal","status":401,"latency_ms":0,"trace_id":"232ef14bbcfd296bb42766f452d3cff2","remote_addr":"[::1]:50492"}
{"time":"2026-05-31T02:26:01.6052099+03:00","level":"INFO","msg":"reconciliation_worker: running health checks"}
{"time":"2026-05-31T02:26:31.605078+03:00","level":"INFO","msg":"reconciliation_worker: running health checks"}
{"time":"2026-05-31T02:26:32.1711274+03:00","level":"INFO","msg":"auth_event","event":"token_expired","user_id":"","trace_id":"f586664d5d01918c19e30eb273aed8b9","success":false,"ts":"2026-05-30T23:26:32Z"}
{"time":"2026-05-31T02:26:32.2191608+03:00","level":"INFO","msg":"request","method":"GET","path":"/api/v1/ai/recommend/me","status":401,"latency_ms":48,"trace_id":"f586664d5d01918c19e30eb273aed8b9","remote_addr":"[::1]:53268"}
{"time":"2026-05-31T02:26:33.6694651+03:00","level":"INFO","msg":"proxy: upstream response","upstream":"http://localhost:5000","path":"/api/auth/refresh","status":200,"trace_id":"67f0f227cb9bdf9a8f8f9f8e38d789fd"}
{"time":"2026-05-31T02:26:33.6699753+03:00","level":"INFO","msg":"request","method":"POST","path":"/api/v1/auth/refresh","status":200,"latency_ms":1127,"trace_id":"67f0f227cb9bdf9a8f8f9f8e38d789fd","remote_addr":"[::1]:55983"}
{"time":"2026-05-31T02:26:33.678517+03:00","level":"INFO","msg":"auth_event","event":"token_validated","user_id":"753658c7-916a-4b3b-97f3-201d89a0dcd2","trace_id":"8867377832e35c0e5832f8115d48e70d","success":true,"ts":"2026-05-30T23:26:33Z"}
{"time":"2026-05-31T02:26:35.7218317+03:00","level":"INFO","msg":"auth_event","event":"token_validated","user_id":"753658c7-916a-4b3b-97f3-201d89a0dcd2","trace_id":"0831f1562edc56ec8eba5d409ae08508","success":true,"ts":"2026-05-30T23:26:35Z"}
{"time":"2026-05-31T02:26:35.7649544+03:00","level":"INFO","msg":"auth_event","event":"token_validated","user_id":"753658c7-916a-4b3b-97f3-201d89a0dcd2","trace_id":"088b74afc18bd6f7c256306f358b8ee6","success":true,"ts":"2026-05-30T23:26:35Z"}
{"time":"2026-05-31T02:26:35.7692846+03:00","level":"INFO","msg":"proxy: upstream response","upstream":"http://localhost:5003","path":"/seller-report/MyPal","status":404,"trace_id":"088b74afc18bd6f7c256306f358b8ee6"}
{"time":"2026-05-31T02:26:35.7697946+03:00","level":"INFO","msg":"request","method":"GET","path":"/api/v1/seller-report/MyPal","status":404,"latency_ms":4,"trace_id":"088b74afc18bd6f7c256306f358b8ee6","remote_addr":"[::1]:52325"}
{"time":"2026-05-31T02:26:35.7999563+03:00","level":"INFO","msg":"proxy: upstream response","upstream":"http://localhost:5000","path":"/api/products/58b672fb-d567-419a-984e-da3612938727","status":200,"trace_id":"0831f1562edc56ec8eba5d409ae08508"}
{"time":"2026-05-31T02:26:35.8010143+03:00","level":"INFO","msg":"request","method":"GET","path":"/api/v1/products/58b672fb-d567-419a-984e-da3612938727","status":200,"latency_ms":79,"trace_id":"0831f1562edc56ec8eba5d409ae08508","remote_addr":"[::1]:49701"}
{"time":"2026-05-31T02:26:36.3489625+03:00","level":"INFO","msg":"proxy: upstream response","upstream":"http://localhost:5003","path":"/ai/recommend/me","status":200,"trace_id":"8867377832e35c0e5832f8115d48e70d"}
{"time":"2026-05-31T02:26:36.3489625+03:00","level":"WARN","msg":"slow request","path":"/api/v1/ai/recommend/me","latency_ms":2669,"trace_id":"8867377832e35c0e5832f8115d48e70d"}
{"time":"2026-05-31T02:26:36.3494699+03:00","level":"INFO","msg":"request","method":"GET","path":"/api/v1/ai/recommend/me","status":200,"latency_ms":2670,"trace_id":"8867377832e35c0e5832f8115d48e70d","remote_addr":"[::1]:50191"}
{"time":"2026-05-31T02:26:51.1422237+03:00","level":"INFO","msg":"auth_event","event":"token_validated","user_id":"753658c7-916a-4b3b-97f3-201d89a0dcd2","trace_id":"b326b18d60655805dba965df8402b20b","success":true,"ts":"2026-05-30T23:26:51Z"}
{"time":"2026-05-31T02:26:51.1791542+03:00","level":"INFO","msg":"auth_event","event":"token_validated","user_id":"753658c7-916a-4b3b-97f3-201d89a0dcd2","trace_id":"9a3d18f70714a837883e6a01617fceb3","success":true,"ts":"2026-05-30T23:26:51Z"}
{"time":"2026-05-31T02:26:51.1988887+03:00","level":"INFO","msg":"proxy: upstream response","upstream":"http://localhost:5003","path":"/seller-report/MyPal","status":404,"trace_id":"9a3d18f70714a837883e6a01617fceb3"}
{"time":"2026-05-31T02:26:51.1988887+03:00","level":"INFO","msg":"request","method":"GET","path":"/api/v1/seller-report/MyPal","status":404,"latency_ms":19,"trace_id":"9a3d18f70714a837883e6a01617fceb3","remote_addr":"[::1]:64200"}
{"time":"2026-05-31T02:26:51.2286972+03:00","level":"INFO","msg":"proxy: upstream response","upstream":"http://localhost:5000","path":"/api/products/5b6c9aa7-6a7d-4d3f-bb9d-729fba282e98","status":200,"trace_id":"b326b18d60655805dba965df8402b20b"}
{"time":"2026-05-31T02:26:51.229283+03:00","level":"INFO","msg":"request","method":"GET","path":"/api/v1/products/5b6c9aa7-6a7d-4d3f-bb9d-729fba282e98","status":200,"latency_ms":87,"trace_id":"b326b18d60655805dba965df8402b20b","remote_addr":"[::1]:64951"}
{"time":"2026-05-31T02:27:01.6050868+03:00","level":"INFO","msg":"reconciliation_worker: running health checks"}
{"time":"2026-05-31T02:27:03.9249329+03:00","level":"INFO","msg":"auth_event","event":"token_validated","user_id":"753658c7-916a-4b3b-97f3-201d89a0dcd2","trace_id":"35ef76a21c2dd6ea63a3a51d7b54f8e3","success":true,"ts":"2026-05-30T23:27:03Z"}
{"time":"2026-05-31T02:27:04.0001783+03:00","level":"INFO","msg":"auth_event","event":"token_validated","user_id":"753658c7-916a-4b3b-97f3-201d89a0dcd2","trace_id":"ce1fda864b2650967465c8a53846bcc4","success":true,"ts":"2026-05-30T23:27:04Z"}
{"time":"2026-05-31T02:27:04.0178179+03:00","level":"INFO","msg":"proxy: upstream response","upstream":"http://localhost:5000","path":"/api/products/58b672fb-d567-419a-984e-da3612938727","status":200,"trace_id":"35ef76a21c2dd6ea63a3a51d7b54f8e3"}
{"time":"2026-05-31T02:27:04.0184517+03:00","level":"INFO","msg":"request","method":"GET","path":"/api/v1/products/58b672fb-d567-419a-984e-da3612938727","status":200,"latency_ms":93,"trace_id":"35ef76a21c2dd6ea63a3a51d7b54f8e3","remote_addr":"[::1]:49341"}
{"time":"2026-05-31T02:27:04.0441036+03:00","level":"INFO","msg":"proxy: upstream response","upstream":"http://localhost:5003","path":"/seller-report/MyPal","status":404,"trace_id":"ce1fda864b2650967465c8a53846bcc4"}
{"time":"2026-05-31T02:27:04.0441036+03:00","level":"INFO","msg":"request","method":"GET","path":"/api/v1/seller-report/MyPal","status":404,"latency_ms":43,"trace_id":"ce1fda864b2650967465c8a53846bcc4","remote_addr":"[::1]:60772"}
{"time":"2026-05-31T02:27:13.6245575+03:00","level":"INFO","msg":"auth_event","event":"token_validated","user_id":"753658c7-916a-4b3b-97f3-201d89a0dcd2","trace_id":"ace7b87c922602ea0d7111a436f8a130","success":true,"ts":"2026-05-30T23:27:13Z"}
{"time":"2026-05-31T02:27:16.6990791+03:00","level":"INFO","msg":"proxy: upstream response","upstream":"http://localhost:5003","path":"/ai/recommend/me","status":200,"trace_id":"ace7b87c922602ea0d7111a436f8a130"}
{"time":"2026-05-31T02:27:16.7467633+03:00","level":"WARN","msg":"slow request","path":"/api/v1/ai/recommend/me","latency_ms":3074,"trace_id":"ace7b87c922602ea0d7111a436f8a130"}
{"time":"2026-05-31T02:27:16.7470936+03:00","level":"INFO","msg":"request","method":"GET","path":"/api/v1/ai/recommend/me","status":200,"latency_ms":3122,"trace_id":"ace7b87c922602ea0d7111a436f8a130","remote_addr":"[::1]:53895"}
{"time":"2026-05-31T02:27:31.6050532+03:00","level":"INFO","msg":"reconciliation_worker: running health checks"}
{"time":"2026-05-31T02:28:01.6049692+03:00","level":"INFO","msg":"reconciliation_worker: running health checks"}
{"time":"2026-05-31T02:28:31.6049814+03:00","level":"INFO","msg":"reconciliation_worker: running health checks"}
{"time":"2026-05-31T02:29:01.6053762+03:00","level":"INFO","msg":"reconciliation_worker: running health checks"}
{"time":"2026-05-31T02:29:31.6050898+03:00","level":"INFO","msg":"reconciliation_worker: running health checks"}
{"time":"2026-05-31T02:30:01.6051604+03:00","level":"INFO","msg":"reconciliation_worker: running health checks"}
{"time":"2026-05-31T02:30:31.6095129+03:00","level":"INFO","msg":"reconciliation_worker: running health checks"}
{"time":"2026-05-31T02:31:01.6054146+03:00","level":"INFO","msg":"reconciliation_worker: running health checks"}
{"time":"2026-05-31T02:31:31.6049631+03:00","level":"INFO","msg":"reconciliation_worker: running health checks"}
{"time":"2026-05-31T02:32:01.6048599+03:00","level":"INFO","msg":"reconciliation_worker: running health checks"}
{"time":"2026-05-31T02:32:31.6049756+03:00","level":"INFO","msg":"reconciliation_worker: running health checks"}
{"time":"2026-05-31T02:33:01.6052755+03:00","level":"INFO","msg":"reconciliation_worker: running health checks"}
{"time":"2026-05-31T02:33:31.6048826+03:00","level":"INFO","msg":"reconciliation_worker: running health checks"}
{"time":"2026-05-31T02:34:01.6051887+03:00","level":"INFO","msg":"reconciliation_worker: running health checks"}
{"time":"2026-05-31T02:34:03.1040792+03:00","level":"INFO","msg":"auth_event","event":"missing_token","user_id":"","trace_id":"277aef1e11eea663219ecb4fc8a57c2e","success":false,"ts":"2026-05-30T23:34:03Z"}
{"time":"2026-05-31T02:34:03.1532713+03:00","level":"INFO","msg":"request","method":"GET","path":"/api/v1/products","status":401,"latency_ms":49,"trace_id":"277aef1e11eea663219ecb4fc8a57c2e","remote_addr":"[::1]:59475"}
{"time":"2026-05-31T02:34:03.1047708+03:00","level":"INFO","msg":"auth_event","event":"missing_token","user_id":"","trace_id":"32d63f12c37faa05b53307473bc7e1ad","success":false,"ts":"2026-05-30T23:34:03Z"}
{"time":"2026-05-31T02:34:03.1047708+03:00","level":"INFO","msg":"auth_event","event":"missing_token","user_id":"","trace_id":"783f41e8ffedade8c5d9b2eae487da72","success":false,"ts":"2026-05-30T23:34:03Z"}
{"time":"2026-05-31T02:34:03.1047708+03:00","level":"INFO","msg":"auth_event","event":"missing_token","user_id":"","trace_id":"3e19794b4a9400a655dcbc07b753ca84","success":false,"ts":"2026-05-30T23:34:03Z"}
{"time":"2026-05-31T02:34:03.1553262+03:00","level":"INFO","msg":"request","method":"GET","path":"/api/v1/wishlist","status":401,"latency_ms":50,"trace_id":"3e19794b4a9400a655dcbc07b753ca84","remote_addr":"[::1]:59478"}
{"time":"2026-05-31T02:34:03.1547426+03:00","level":"INFO","msg":"request","method":"GET","path":"/api/v1/wallet","status":401,"latency_ms":49,"trace_id":"32d63f12c37faa05b53307473bc7e1ad","remote_addr":"[::1]:59476"}
{"time":"2026-05-31T02:34:03.1547426+03:00","level":"INFO","msg":"request","method":"GET","path":"/api/v1/ai/recommend/me","status":401,"latency_ms":49,"trace_id":"783f41e8ffedade8c5d9b2eae487da72","remote_addr":"[::1]:59477"}
{"time":"2026-05-31T02:34:03.8302091+03:00","level":"INFO","msg":"proxy: upstream response","upstream":"http://localhost:5000","path":"/api/auth/refresh","status":200,"trace_id":"a9cd33821ea017b0a1bfddaff4b5eec3"}
{"time":"2026-05-31T02:34:03.8307164+03:00","level":"INFO","msg":"request","method":"POST","path":"/api/v1/auth/refresh","status":200,"latency_ms":654,"trace_id":"a9cd33821ea017b0a1bfddaff4b5eec3","remote_addr":"[::1]:60433"}
{"time":"2026-05-31T02:34:03.8390179+03:00","level":"INFO","msg":"proxy: upstream response","upstream":"http://localhost:5000","path":"/api/auth/refresh","status":200,"trace_id":"2d1c6dfcf812564ed7ad83c4f2a3d0e1"}
{"time":"2026-05-31T02:34:03.8395264+03:00","level":"INFO","msg":"request","method":"POST","path":"/api/v1/auth/refresh","status":200,"latency_ms":657,"trace_id":"2d1c6dfcf812564ed7ad83c4f2a3d0e1","remote_addr":"[::1]:56227"}
{"time":"2026-05-31T02:34:03.841841+03:00","level":"INFO","msg":"auth_event","event":"token_validated","user_id":"753658c7-916a-4b3b-97f3-201d89a0dcd2","trace_id":"038cadd2dbc0ee26bfaa3d6e7006b743","success":true,"ts":"2026-05-30T23:34:03Z"}
{"time":"2026-05-31T02:34:03.8495548+03:00","level":"INFO","msg":"auth_event","event":"token_validated","user_id":"753658c7-916a-4b3b-97f3-201d89a0dcd2","trace_id":"d3f084d9c25c8845edbb138e1ee55957","success":true,"ts":"2026-05-30T23:34:03Z"}
{"time":"2026-05-31T02:34:03.9092581+03:00","level":"INFO","msg":"proxy: upstream response","upstream":"http://localhost:5000","path":"/api/auth/refresh","status":200,"trace_id":"fbce9004e14eb6369b64eee1b347c7a2"}
{"time":"2026-05-31T02:34:03.9097675+03:00","level":"INFO","msg":"request","method":"POST","path":"/api/v1/auth/refresh","status":200,"latency_ms":727,"trace_id":"fbce9004e14eb6369b64eee1b347c7a2","remote_addr":"[::1]:56228"}
{"time":"2026-05-31T02:34:03.9097675+03:00","level":"INFO","msg":"proxy: upstream response","upstream":"http://localhost:5000","path":"/api/auth/refresh","status":200,"trace_id":"940e5bfe04569d4f7f4e2cd68c6e1340"}
{"time":"2026-05-31T02:34:03.9103118+03:00","level":"INFO","msg":"request","method":"POST","path":"/api/v1/auth/refresh","status":200,"latency_ms":735,"trace_id":"940e5bfe04569d4f7f4e2cd68c6e1340","remote_addr":"[::1]:59479"}
{"time":"2026-05-31T02:34:03.9225513+03:00","level":"INFO","msg":"auth_event","event":"token_validated","user_id":"753658c7-916a-4b3b-97f3-201d89a0dcd2","trace_id":"194c2beeb10ae940a5c3404c396e9c44","success":true,"ts":"2026-05-30T23:34:03Z"}
{"time":"2026-05-31T02:34:03.9257539+03:00","level":"INFO","msg":"auth_event","event":"token_validated","user_id":"753658c7-916a-4b3b-97f3-201d89a0dcd2","trace_id":"3ed39a4676dc8422874a8004d97039a1","success":true,"ts":"2026-05-30T23:34:03Z"}
{"time":"2026-05-31T02:34:04.0078774+03:00","level":"INFO","msg":"proxy: upstream response","upstream":"http://localhost:5000","path":"/api/wishlist","status":200,"trace_id":"038cadd2dbc0ee26bfaa3d6e7006b743"}
{"time":"2026-05-31T02:34:04.0093035+03:00","level":"INFO","msg":"request","method":"GET","path":"/api/v1/wishlist","status":200,"latency_ms":167,"trace_id":"038cadd2dbc0ee26bfaa3d6e7006b743","remote_addr":"[::1]:53447"}
{"time":"2026-05-31T02:34:04.0093035+03:00","level":"INFO","msg":"proxy: upstream response","upstream":"http://localhost:5000","path":"/api/wallet","status":200,"trace_id":"d3f084d9c25c8845edbb138e1ee55957"}
{"time":"2026-05-31T02:34:04.0098149+03:00","level":"INFO","msg":"request","method":"GET","path":"/api/v1/wallet","status":200,"latency_ms":160,"trace_id":"d3f084d9c25c8845edbb138e1ee55957","remote_addr":"[::1]:58828"}
{"time":"2026-05-31T02:34:04.0947826+03:00","level":"INFO","msg":"proxy: upstream response","upstream":"http://localhost:5000","path":"/api/products","status":200,"trace_id":"3ed39a4676dc8422874a8004d97039a1"}
{"time":"2026-05-31T02:34:04.0953465+03:00","level":"INFO","msg":"request","method":"GET","path":"/api/v1/products","status":200,"latency_ms":169,"trace_id":"3ed39a4676dc8422874a8004d97039a1","remote_addr":"[::1]:58342"}
{"time":"2026-05-31T02:34:05.8394689+03:00","level":"INFO","msg":"proxy: upstream response","upstream":"http://localhost:5003","path":"/ai/recommend/me","status":200,"trace_id":"194c2beeb10ae940a5c3404c396e9c44"}
{"time":"2026-05-31T02:34:05.8653569+03:00","level":"WARN","msg":"slow request","path":"/api/v1/ai/recommend/me","latency_ms":1942,"trace_id":"194c2beeb10ae940a5c3404c396e9c44"}
{"time":"2026-05-31T02:34:05.8658815+03:00","level":"INFO","msg":"request","method":"GET","path":"/api/v1/ai/recommend/me","status":200,"latency_ms":1943,"trace_id":"194c2beeb10ae940a5c3404c396e9c44","remote_addr":"[::1]:58340"}
{"time":"2026-05-31T02:34:20.7953099+03:00","level":"INFO","msg":"auth_event","event":"token_validated","user_id":"753658c7-916a-4b3b-97f3-201d89a0dcd2","trace_id":"06d1987e91b519d28d1f66171e585ca6","success":true,"ts":"2026-05-30T23:34:20Z"}
{"time":"2026-05-31T02:34:20.796487+03:00","level":"INFO","msg":"auth_event","event":"token_validated","user_id":"753658c7-916a-4b3b-97f3-201d89a0dcd2","trace_id":"7cc9619f4a93ab85b973cf47975dafd8","success":true,"ts":"2026-05-30T23:34:20Z"}
{"time":"2026-05-31T02:34:20.796487+03:00","level":"INFO","msg":"auth_event","event":"token_validated","user_id":"753658c7-916a-4b3b-97f3-201d89a0dcd2","trace_id":"767780cea99bed8480290c0dff0d0790","success":true,"ts":"2026-05-30T23:34:20Z"}
{"time":"2026-05-31T02:34:20.7970383+03:00","level":"INFO","msg":"auth_event","event":"token_validated","user_id":"753658c7-916a-4b3b-97f3-201d89a0dcd2","trace_id":"c7b692d32ab9c88044fa0721574bf3d0","success":true,"ts":"2026-05-30T23:34:20Z"}
{"time":"2026-05-31T02:34:20.9910271+03:00","level":"INFO","msg":"proxy: upstream response","upstream":"http://localhost:5000","path":"/api/products","status":200,"trace_id":"06d1987e91b519d28d1f66171e585ca6"}
{"time":"2026-05-31T02:34:20.9985891+03:00","level":"INFO","msg":"proxy: upstream response","upstream":"http://localhost:5000","path":"/api/wallet","status":200,"trace_id":"767780cea99bed8480290c0dff0d0790"}
{"time":"2026-05-31T02:34:21.0220446+03:00","level":"INFO","msg":"proxy: upstream response","upstream":"http://localhost:5000","path":"/api/wishlist","status":200,"trace_id":"c7b692d32ab9c88044fa0721574bf3d0"}
{"time":"2026-05-31T02:34:21.0379058+03:00","level":"INFO","msg":"request","method":"GET","path":"/api/v1/products","status":200,"latency_ms":242,"trace_id":"06d1987e91b519d28d1f66171e585ca6","remote_addr":"[::1]:56756"}
{"time":"2026-05-31T02:34:21.0379058+03:00","level":"INFO","msg":"request","method":"GET","path":"/api/v1/wallet","status":200,"latency_ms":241,"trace_id":"767780cea99bed8480290c0dff0d0790","remote_addr":"[::1]:56758"}
{"time":"2026-05-31T02:34:21.0379058+03:00","level":"INFO","msg":"request","method":"GET","path":"/api/v1/wishlist","status":200,"latency_ms":240,"trace_id":"c7b692d32ab9c88044fa0721574bf3d0","remote_addr":"[::1]:56759"}
{"time":"2026-05-31T02:34:22.6612623+03:00","level":"INFO","msg":"proxy: upstream response","upstream":"http://localhost:5003","path":"/ai/recommend/me","status":200,"trace_id":"7cc9619f4a93ab85b973cf47975dafd8"}
{"time":"2026-05-31T02:34:22.6612623+03:00","level":"WARN","msg":"slow request","path":"/api/v1/ai/recommend/me","latency_ms":1823,"trace_id":"7cc9619f4a93ab85b973cf47975dafd8"}
{"time":"2026-05-31T02:34:22.6622733+03:00","level":"INFO","msg":"request","method":"GET","path":"/api/v1/ai/recommend/me","status":200,"latency_ms":1865,"trace_id":"7cc9619f4a93ab85b973cf47975dafd8","remote_addr":"[::1]:56757"}
{"time":"2026-05-31T02:34:26.6456373+03:00","level":"INFO","msg":"auth_event","event":"token_validated","user_id":"753658c7-916a-4b3b-97f3-201d89a0dcd2","trace_id":"b18e846cf7aedf2300e7c33ae6fd6b8c","success":true,"ts":"2026-05-30T23:34:26Z"}
{"time":"2026-05-31T02:34:26.6456373+03:00","level":"INFO","msg":"auth_event","event":"token_validated","user_id":"753658c7-916a-4b3b-97f3-201d89a0dcd2","trace_id":"5cfec4a86dde52bca0d4f3e0106a0dc4","success":true,"ts":"2026-05-30T23:34:26Z"}
{"time":"2026-05-31T02:34:26.6456373+03:00","level":"INFO","msg":"auth_event","event":"token_validated","user_id":"753658c7-916a-4b3b-97f3-201d89a0dcd2","trace_id":"eb06ea855f3b6a1e7cabc15d8f961409","success":true,"ts":"2026-05-30T23:34:26Z"}
{"time":"2026-05-31T02:34:26.6473428+03:00","level":"INFO","msg":"auth_event","event":"token_validated","user_id":"753658c7-916a-4b3b-97f3-201d89a0dcd2","trace_id":"bbed9b24f8ac7fff9ee0f78383be991f","success":true,"ts":"2026-05-30T23:34:26Z"}
{"time":"2026-05-31T02:34:26.8684469+03:00","level":"INFO","msg":"proxy: upstream response","upstream":"http://localhost:5000","path":"/api/wishlist","status":200,"trace_id":"eb06ea855f3b6a1e7cabc15d8f961409"}
{"time":"2026-05-31T02:34:26.8684469+03:00","level":"INFO","msg":"proxy: upstream response","upstream":"http://localhost:5000","path":"/api/wallet","status":200,"trace_id":"5cfec4a86dde52bca0d4f3e0106a0dc4"}
{"time":"2026-05-31T02:34:26.8886218+03:00","level":"INFO","msg":"proxy: upstream response","upstream":"http://localhost:5000","path":"/api/products","status":200,"trace_id":"bbed9b24f8ac7fff9ee0f78383be991f"}
{"time":"2026-05-31T02:34:26.9176027+03:00","level":"INFO","msg":"request","method":"GET","path":"/api/v1/wishlist","status":200,"latency_ms":271,"trace_id":"eb06ea855f3b6a1e7cabc15d8f961409","remote_addr":"[::1]:58573"}
{"time":"2026-05-31T02:34:26.9190025+03:00","level":"INFO","msg":"request","method":"GET","path":"/api/v1/wallet","status":200,"latency_ms":273,"trace_id":"5cfec4a86dde52bca0d4f3e0106a0dc4","remote_addr":"[::1]:58571"}
{"time":"2026-05-31T02:34:26.9190025+03:00","level":"INFO","msg":"request","method":"GET","path":"/api/v1/products","status":200,"latency_ms":273,"trace_id":"bbed9b24f8ac7fff9ee0f78383be991f","remote_addr":"[::1]:58570"}
{"time":"2026-05-31T02:34:27.8608079+03:00","level":"INFO","msg":"proxy: upstream response","upstream":"http://localhost:5003","path":"/ai/recommend/me","status":200,"trace_id":"b18e846cf7aedf2300e7c33ae6fd6b8c"}
{"time":"2026-05-31T02:34:27.8608079+03:00","level":"INFO","msg":"request","method":"GET","path":"/api/v1/ai/recommend/me","status":200,"latency_ms":1215,"trace_id":"b18e846cf7aedf2300e7c33ae6fd6b8c","remote_addr":"[::1]:58572"}
{"time":"2026-05-31T02:34:31.6049209+03:00","level":"INFO","msg":"reconciliation_worker: running health checks"}
{"time":"2026-05-31T02:34:32.9028558+03:00","level":"INFO","msg":"auth_event","event":"token_validated","user_id":"753658c7-916a-4b3b-97f3-201d89a0dcd2","trace_id":"fa489c7d8d78ec46c7311ac9d47b4457","success":true,"ts":"2026-05-30T23:34:32Z"}
{"time":"2026-05-31T02:34:32.9028558+03:00","level":"INFO","msg":"auth_event","event":"token_validated","user_id":"753658c7-916a-4b3b-97f3-201d89a0dcd2","trace_id":"2df9a41d84d9916ea48d2819149b6bd8","success":true,"ts":"2026-05-30T23:34:32Z"}
{"time":"2026-05-31T02:34:32.9042046+03:00","level":"INFO","msg":"auth_event","event":"token_validated","user_id":"753658c7-916a-4b3b-97f3-201d89a0dcd2","trace_id":"f880c3ecdbefbb3303140118468dbee2","success":true,"ts":"2026-05-30T23:34:32Z"}
{"time":"2026-05-31T02:34:32.9501974+03:00","level":"INFO","msg":"auth_event","event":"token_validated","user_id":"753658c7-916a-4b3b-97f3-201d89a0dcd2","trace_id":"cfb1f4c5275e2a41198bddfff7e74dc3","success":true,"ts":"2026-05-30T23:34:32Z"}
{"time":"2026-05-31T02:34:33.1121434+03:00","level":"INFO","msg":"proxy: upstream response","upstream":"http://localhost:5000","path":"/api/wallet","status":200,"trace_id":"2df9a41d84d9916ea48d2819149b6bd8"}
{"time":"2026-05-31T02:34:33.1145379+03:00","level":"INFO","msg":"proxy: upstream response","upstream":"http://localhost:5000","path":"/api/products","status":200,"trace_id":"fa489c7d8d78ec46c7311ac9d47b4457"}
{"time":"2026-05-31T02:34:33.1282036+03:00","level":"INFO","msg":"proxy: upstream response","upstream":"http://localhost:5000","path":"/api/wishlist","status":200,"trace_id":"cfb1f4c5275e2a41198bddfff7e74dc3"}
{"time":"2026-05-31T02:34:33.1598659+03:00","level":"INFO","msg":"request","method":"GET","path":"/api/v1/wallet","status":200,"latency_ms":257,"trace_id":"2df9a41d84d9916ea48d2819149b6bd8","remote_addr":"[::1]:64967"}
{"time":"2026-05-31T02:34:33.1598659+03:00","level":"INFO","msg":"request","method":"GET","path":"/api/v1/products","status":200,"latency_ms":257,"trace_id":"fa489c7d8d78ec46c7311ac9d47b4457","remote_addr":"[::1]:64966"}
{"time":"2026-05-31T02:34:33.1598659+03:00","level":"INFO","msg":"request","method":"GET","path":"/api/v1/wishlist","status":200,"latency_ms":209,"trace_id":"cfb1f4c5275e2a41198bddfff7e74dc3","remote_addr":"[::1]:64969"}
{"time":"2026-05-31T02:34:33.6412657+03:00","level":"INFO","msg":"proxy: upstream response","upstream":"http://localhost:5003","path":"/ai/recommend/me","status":200,"trace_id":"f880c3ecdbefbb3303140118468dbee2"}
{"time":"2026-05-31T02:34:33.6444101+03:00","level":"INFO","msg":"request","method":"GET","path":"/api/v1/ai/recommend/me","status":200,"latency_ms":740,"trace_id":"f880c3ecdbefbb3303140118468dbee2","remote_addr":"[::1]:64968"}
{"time":"2026-05-31T02:35:01.6052401+03:00","level":"INFO","msg":"reconciliation_worker: running health checks"}
{"time":"2026-05-31T02:35:23.4993666+03:00","level":"INFO","msg":"auth_event","event":"token_validated","user_id":"753658c7-916a-4b3b-97f3-201d89a0dcd2","trace_id":"4463751c605ffe5f6a566ac806947a18","success":true,"ts":"2026-05-30T23:35:23Z"}
{"time":"2026-05-31T02:35:23.5003649+03:00","level":"INFO","msg":"auth_event","event":"token_validated","user_id":"753658c7-916a-4b3b-97f3-201d89a0dcd2","trace_id":"88d396453b8d9bf71db5c08a93e65fa3","success":true,"ts":"2026-05-30T23:35:23Z"}
{"time":"2026-05-31T02:35:23.5003649+03:00","level":"INFO","msg":"auth_event","event":"token_validated","user_id":"753658c7-916a-4b3b-97f3-201d89a0dcd2","trace_id":"32a197160cf5b697ea0c5b86e8eb49ec","success":true,"ts":"2026-05-30T23:35:23Z"}
{"time":"2026-05-31T02:35:23.5003649+03:00","level":"INFO","msg":"auth_event","event":"token_validated","user_id":"753658c7-916a-4b3b-97f3-201d89a0dcd2","trace_id":"f7145a44be5464eb7f32cf5d9cd682bd","success":true,"ts":"2026-05-30T23:35:23Z"}
{"time":"2026-05-31T02:35:23.7047859+03:00","level":"INFO","msg":"proxy: upstream response","upstream":"http://localhost:5000","path":"/api/products","status":200,"trace_id":"4463751c605ffe5f6a566ac806947a18"}
{"time":"2026-05-31T02:35:23.7047859+03:00","level":"INFO","msg":"request","method":"GET","path":"/api/v1/products","status":200,"latency_ms":205,"trace_id":"4463751c605ffe5f6a566ac806947a18","remote_addr":"[::1]:60789"}
{"time":"2026-05-31T02:35:23.7102989+03:00","level":"INFO","msg":"proxy: upstream response","upstream":"http://localhost:5000","path":"/api/wallet","status":200,"trace_id":"88d396453b8d9bf71db5c08a93e65fa3"}
{"time":"2026-05-31T02:35:23.7108098+03:00","level":"INFO","msg":"request","method":"GET","path":"/api/v1/wallet","status":200,"latency_ms":210,"trace_id":"88d396453b8d9bf71db5c08a93e65fa3","remote_addr":"[::1]:60790"}
{"time":"2026-05-31T02:35:23.730651+03:00","level":"INFO","msg":"proxy: upstream response","upstream":"http://localhost:5000","path":"/api/wishlist","status":200,"trace_id":"f7145a44be5464eb7f32cf5d9cd682bd"}
{"time":"2026-05-31T02:35:23.7311615+03:00","level":"INFO","msg":"request","method":"GET","path":"/api/v1/wishlist","status":200,"latency_ms":230,"trace_id":"f7145a44be5464eb7f32cf5d9cd682bd","remote_addr":"[::1]:60792"}
{"time":"2026-05-31T02:35:23.7487791+03:00","level":"INFO","msg":"auth_event","event":"token_validated","user_id":"753658c7-916a-4b3b-97f3-201d89a0dcd2","trace_id":"ca2a945eb9b71370f970a355853ef1e0","success":true,"ts":"2026-05-30T23:35:23Z"}
{"time":"2026-05-31T02:35:23.8032237+03:00","level":"INFO","msg":"auth_event","event":"token_validated","user_id":"753658c7-916a-4b3b-97f3-201d89a0dcd2","trace_id":"7eb3fb74cba2f4b68cd270ff9578653a","success":true,"ts":"2026-05-30T23:35:23Z"}
{"time":"2026-05-31T02:35:23.8062085+03:00","level":"INFO","msg":"proxy: upstream response","upstream":"http://localhost:5003","path":"/seller-report/MyPal","status":404,"trace_id":"7eb3fb74cba2f4b68cd270ff9578653a"}
{"time":"2026-05-31T02:35:23.8062085+03:00","level":"INFO","msg":"request","method":"GET","path":"/api/v1/seller-report/MyPal","status":404,"latency_ms":2,"trace_id":"7eb3fb74cba2f4b68cd270ff9578653a","remote_addr":"[::1]:65335"}
{"time":"2026-05-31T02:35:23.8388589+03:00","level":"INFO","msg":"proxy: upstream response","upstream":"http://localhost:5000","path":"/api/products/58b672fb-d567-419a-984e-da3612938727","status":200,"trace_id":"ca2a945eb9b71370f970a355853ef1e0"}
{"time":"2026-05-31T02:35:23.839369+03:00","level":"INFO","msg":"request","method":"GET","path":"/api/v1/products/58b672fb-d567-419a-984e-da3612938727","status":200,"latency_ms":90,"trace_id":"ca2a945eb9b71370f970a355853ef1e0","remote_addr":"[::1]:60796"}
{"time":"2026-05-31T02:35:25.4225015+03:00","level":"INFO","msg":"proxy: upstream response","upstream":"http://localhost:5003","path":"/ai/recommend/me","status":200,"trace_id":"32a197160cf5b697ea0c5b86e8eb49ec"}
{"time":"2026-05-31T02:35:25.4230116+03:00","level":"WARN","msg":"slow request","path":"/api/v1/ai/recommend/me","latency_ms":1874,"trace_id":"32a197160cf5b697ea0c5b86e8eb49ec"}
{"time":"2026-05-31T02:35:25.4230116+03:00","level":"INFO","msg":"request","method":"GET","path":"/api/v1/ai/recommend/me","status":200,"latency_ms":1922,"trace_id":"32a197160cf5b697ea0c5b86e8eb49ec","remote_addr":"[::1]:60791"}
{"time":"2026-05-31T02:35:25.4304373+03:00","level":"INFO","msg":"auth_event","event":"token_validated","user_id":"753658c7-916a-4b3b-97f3-201d89a0dcd2","trace_id":"7ff8ce193c1143eca0d3b0f93c3f0093","success":true,"ts":"2026-05-30T23:35:25Z"}
{"time":"2026-05-31T02:35:26.4633032+03:00","level":"INFO","msg":"proxy: upstream response","upstream":"http://localhost:5003","path":"/ai/recommend/me","status":200,"trace_id":"7ff8ce193c1143eca0d3b0f93c3f0093"}
{"time":"2026-05-31T02:35:26.4638115+03:00","level":"INFO","msg":"request","method":"GET","path":"/api/v1/ai/recommend/me","status":200,"latency_ms":1033,"trace_id":"7ff8ce193c1143eca0d3b0f93c3f0093","remote_addr":"[::1]:63608"}
{"time":"2026-05-31T02:35:31.6052115+03:00","level":"INFO","msg":"reconciliation_worker: running health checks"}
{"time":"2026-05-31T02:35:36.1299353+03:00","level":"INFO","msg":"auth_event","event":"token_validated","user_id":"753658c7-916a-4b3b-97f3-201d89a0dcd2","trace_id":"5e83e3d4e83a16e062fb33729804a2bd","success":true,"ts":"2026-05-30T23:35:36Z"}
{"time":"2026-05-31T02:35:38.3354774+03:00","level":"INFO","msg":"proxy: upstream response","upstream":"http://localhost:5003","path":"/ai/recommend/me","status":200,"trace_id":"5e83e3d4e83a16e062fb33729804a2bd"}
{"time":"2026-05-31T02:35:38.3358697+03:00","level":"WARN","msg":"slow request","path":"/api/v1/ai/recommend/me","latency_ms":2159,"trace_id":"5e83e3d4e83a16e062fb33729804a2bd"}
{"time":"2026-05-31T02:35:38.3363773+03:00","level":"INFO","msg":"request","method":"GET","path":"/api/v1/ai/recommend/me","status":200,"latency_ms":2207,"trace_id":"5e83e3d4e83a16e062fb33729804a2bd","remote_addr":"[::1]:57462"}
{"time":"2026-05-31T02:36:01.6049743+03:00","level":"INFO","msg":"reconciliation_worker: running health checks"}
{"time":"2026-05-31T02:36:31.6050825+03:00","level":"INFO","msg":"reconciliation_worker: running health checks"}
{"time":"2026-05-31T02:36:55.0298847+03:00","level":"INFO","msg":"auth_event","event":"token_validated","user_id":"753658c7-916a-4b3b-97f3-201d89a0dcd2","trace_id":"cdf58b74050935aa477730fd37dfd211","success":true,"ts":"2026-05-30T23:36:55Z"}
{"time":"2026-05-31T02:36:56.9045869+03:00","level":"INFO","msg":"proxy: upstream response","upstream":"http://localhost:5003","path":"/ai/recommend/me","status":200,"trace_id":"cdf58b74050935aa477730fd37dfd211"}
{"time":"2026-05-31T02:36:56.9520041+03:00","level":"WARN","msg":"slow request","path":"/api/v1/ai/recommend/me","latency_ms":1873,"trace_id":"cdf58b74050935aa477730fd37dfd211"}
{"time":"2026-05-31T02:36:56.9520041+03:00","level":"INFO","msg":"request","method":"GET","path":"/api/v1/ai/recommend/me","status":200,"latency_ms":1922,"trace_id":"cdf58b74050935aa477730fd37dfd211","remote_addr":"[::1]:50652"}
{"time":"2026-05-31T02:37:01.6048646+03:00","level":"INFO","msg":"reconciliation_worker: running health checks"}
{"time":"2026-05-31T02:37:31.605084+03:00","level":"INFO","msg":"reconciliation_worker: running health checks"}
{"time":"2026-05-31T02:37:53.6665123+03:00","level":"INFO","msg":"auth_event","event":"token_validated","user_id":"753658c7-916a-4b3b-97f3-201d89a0dcd2","trace_id":"dbf3e1682e7a0813fa9655ee2130ba80","success":true,"ts":"2026-05-30T23:37:53Z"}
{"time":"2026-05-31T02:37:54.5720198+03:00","level":"INFO","msg":"auth_event","event":"missing_token","user_id":"","trace_id":"3a24db594270031ec210c35710685964","success":false,"ts":"2026-05-30T23:37:54Z"}
{"time":"2026-05-31T02:37:54.5725701+03:00","level":"INFO","msg":"request","method":"GET","path":"/api/v1/products","status":401,"latency_ms":0,"trace_id":"3a24db594270031ec210c35710685964","remote_addr":"[::1]:57351"}
{"time":"2026-05-31T02:37:54.5725701+03:00","level":"INFO","msg":"auth_event","event":"missing_token","user_id":"","trace_id":"e1c21e1456d7dc1d7fa57a128a58c49c","success":false,"ts":"2026-05-30T23:37:54Z"}
{"time":"2026-05-31T02:37:54.5725701+03:00","level":"INFO","msg":"auth_event","event":"missing_token","user_id":"","trace_id":"d9bc5315956b98fef6d86815f021c55a","success":false,"ts":"2026-05-30T23:37:54Z"}
{"time":"2026-05-31T02:37:54.5725701+03:00","level":"INFO","msg":"auth_event","event":"missing_token","user_id":"","trace_id":"211936e690e0d580bbdcce3ee99eeb64","success":false,"ts":"2026-05-30T23:37:54Z"}
{"time":"2026-05-31T02:37:54.5736776+03:00","level":"INFO","msg":"request","method":"GET","path":"/api/v1/wishlist","status":401,"latency_ms":1,"trace_id":"211936e690e0d580bbdcce3ee99eeb64","remote_addr":"[::1]:57354"}
{"time":"2026-05-31T02:37:54.5731244+03:00","level":"INFO","msg":"request","method":"GET","path":"/api/v1/wallet","status":401,"latency_ms":0,"trace_id":"e1c21e1456d7dc1d7fa57a128a58c49c","remote_addr":"[::1]:57352"}
{"time":"2026-05-31T02:37:54.5731244+03:00","level":"INFO","msg":"request","method":"GET","path":"/api/v1/ai/recommend/me","status":401,"latency_ms":0,"trace_id":"d9bc5315956b98fef6d86815f021c55a","remote_addr":"[::1]:57353"}
{"time":"2026-05-31T02:37:54.7052617+03:00","level":"INFO","msg":"proxy: upstream response","upstream":"http://localhost:5000","path":"/api/auth/refresh","status":200,"trace_id":"2bde1ee815b9f088b89cccc806ca2f05"}
{"time":"2026-05-31T02:37:54.7052617+03:00","level":"INFO","msg":"proxy: upstream response","upstream":"http://localhost:5000","path":"/api/auth/refresh","status":200,"trace_id":"8aec5e778cd1e592c9a712e95ae26b21"}
{"time":"2026-05-31T02:37:54.7565866+03:00","level":"INFO","msg":"request","method":"POST","path":"/api/v1/auth/refresh","status":200,"latency_ms":128,"trace_id":"8aec5e778cd1e592c9a712e95ae26b21","remote_addr":"[::1]:49570"}
{"time":"2026-05-31T02:37:54.715503+03:00","level":"INFO","msg":"proxy: upstream response","upstream":"http://localhost:5000","path":"/api/auth/refresh","status":200,"trace_id":"086e894398c4694ac721b1228f68cfd6"}
{"time":"2026-05-31T02:37:54.7160477+03:00","level":"INFO","msg":"proxy: upstream response","upstream":"http://localhost:5000","path":"/api/auth/refresh","status":200,"trace_id":"92416e17b1acf98bc75dc17178ec426f"}
{"time":"2026-05-31T02:37:54.7565866+03:00","level":"INFO","msg":"request","method":"POST","path":"/api/v1/auth/refresh","status":200,"latency_ms":134,"trace_id":"2bde1ee815b9f088b89cccc806ca2f05","remote_addr":"[::1]:57356"}
{"time":"2026-05-31T02:37:54.7573924+03:00","level":"INFO","msg":"request","method":"POST","path":"/api/v1/auth/refresh","status":200,"latency_ms":125,"trace_id":"086e894398c4694ac721b1228f68cfd6","remote_addr":"[::1]:64755"}
{"time":"2026-05-31T02:37:54.7579508+03:00","level":"INFO","msg":"request","method":"POST","path":"/api/v1/auth/refresh","status":200,"latency_ms":124,"trace_id":"92416e17b1acf98bc75dc17178ec426f","remote_addr":"[::1]:64756"}
{"time":"2026-05-31T02:37:54.8189862+03:00","level":"INFO","msg":"auth_event","event":"token_validated","user_id":"753658c7-916a-4b3b-97f3-201d89a0dcd2","trace_id":"5a6ce37b13aa39395843ccc4d0869e08","success":true,"ts":"2026-05-30T23:37:54Z"}
{"time":"2026-05-31T02:37:54.8219884+03:00","level":"INFO","msg":"auth_event","event":"token_validated","user_id":"753658c7-916a-4b3b-97f3-201d89a0dcd2","trace_id":"d668d75cd27d8e273d694eaa2a56ee2e","success":true,"ts":"2026-05-30T23:37:54Z"}
{"time":"2026-05-31T02:37:54.8260226+03:00","level":"INFO","msg":"auth_event","event":"token_validated","user_id":"753658c7-916a-4b3b-97f3-201d89a0dcd2","trace_id":"a828d2678e6ac01a53e6259f39c0c41d","success":true,"ts":"2026-05-30T23:37:54Z"}
{"time":"2026-05-31T02:37:54.8295025+03:00","level":"INFO","msg":"auth_event","event":"token_validated","user_id":"753658c7-916a-4b3b-97f3-201d89a0dcd2","trace_id":"559cb3b9c9e661f33eb82ea586625da6","success":true,"ts":"2026-05-30T23:37:54Z"}
{"time":"2026-05-31T02:37:54.9746998+03:00","level":"INFO","msg":"proxy: upstream response","upstream":"http://localhost:5000","path":"/api/wallet","status":200,"trace_id":"a828d2678e6ac01a53e6259f39c0c41d"}
{"time":"2026-05-31T02:37:54.9746998+03:00","level":"INFO","msg":"proxy: upstream response","upstream":"http://localhost:5000","path":"/api/wishlist","status":200,"trace_id":"5a6ce37b13aa39395843ccc4d0869e08"}
{"time":"2026-05-31T02:37:55.0221539+03:00","level":"INFO","msg":"request","method":"GET","path":"/api/v1/wishlist","status":200,"latency_ms":203,"trace_id":"5a6ce37b13aa39395843ccc4d0869e08","remote_addr":"[::1]:54025"}
{"time":"2026-05-31T02:37:54.9871864+03:00","level":"INFO","msg":"proxy: upstream response","upstream":"http://localhost:5000","path":"/api/products","status":200,"trace_id":"d668d75cd27d8e273d694eaa2a56ee2e"}
{"time":"2026-05-31T02:37:55.0217939+03:00","level":"INFO","msg":"request","method":"GET","path":"/api/v1/wallet","status":200,"latency_ms":195,"trace_id":"a828d2678e6ac01a53e6259f39c0c41d","remote_addr":"[::1]:59692"}
{"time":"2026-05-31T02:37:55.0226615+03:00","level":"INFO","msg":"request","method":"GET","path":"/api/v1/products","status":200,"latency_ms":200,"trace_id":"d668d75cd27d8e273d694eaa2a56ee2e","remote_addr":"[::1]:50066"}
{"time":"2026-05-31T02:37:55.616601+03:00","level":"INFO","msg":"proxy: upstream response","upstream":"http://localhost:5003","path":"/ai/recommend/me","status":200,"trace_id":"dbf3e1682e7a0813fa9655ee2130ba80"}
{"time":"2026-05-31T02:37:55.668643+03:00","level":"WARN","msg":"slow request","path":"/api/v1/ai/recommend/me","latency_ms":1954,"trace_id":"dbf3e1682e7a0813fa9655ee2130ba80"}
{"time":"2026-05-31T02:37:55.6690071+03:00","level":"INFO","msg":"request","method":"GET","path":"/api/v1/ai/recommend/me","status":200,"latency_ms":2003,"trace_id":"dbf3e1682e7a0813fa9655ee2130ba80","remote_addr":"[::1]:55305"}
{"time":"2026-05-31T02:37:56.2367396+03:00","level":"INFO","msg":"proxy: upstream response","upstream":"http://localhost:5003","path":"/ai/recommend/me","status":200,"trace_id":"559cb3b9c9e661f33eb82ea586625da6"}
{"time":"2026-05-31T02:37:56.2393665+03:00","level":"INFO","msg":"request","method":"GET","path":"/api/v1/ai/recommend/me","status":200,"latency_ms":1409,"trace_id":"559cb3b9c9e661f33eb82ea586625da6","remote_addr":"[::1]:59694"}
{"time":"2026-05-31T02:37:57.147852+03:00","level":"INFO","msg":"auth_event","event":"token_validated","user_id":"753658c7-916a-4b3b-97f3-201d89a0dcd2","trace_id":"98364417488230193aff8edb4e2079d7","success":true,"ts":"2026-05-30T23:37:57Z"}
{"time":"2026-05-31T02:37:57.2264656+03:00","level":"INFO","msg":"proxy: upstream response","upstream":"http://localhost:5000","path":"/api/products/5b6c9aa7-6a7d-4d3f-bb9d-729fba282e98","status":200,"trace_id":"98364417488230193aff8edb4e2079d7"}
{"time":"2026-05-31T02:37:57.2269821+03:00","level":"INFO","msg":"request","method":"GET","path":"/api/v1/products/5b6c9aa7-6a7d-4d3f-bb9d-729fba282e98","status":200,"latency_ms":79,"trace_id":"98364417488230193aff8edb4e2079d7","remote_addr":"[::1]:60482"}
{"time":"2026-05-31T02:37:57.2334838+03:00","level":"INFO","msg":"auth_event","event":"token_validated","user_id":"753658c7-916a-4b3b-97f3-201d89a0dcd2","trace_id":"656aa5ba1e3afce30547f07f8718fbe7","success":true,"ts":"2026-05-30T23:37:57Z"}
{"time":"2026-05-31T02:37:57.2359338+03:00","level":"INFO","msg":"proxy: upstream response","upstream":"http://localhost:5003","path":"/seller-report/MyPal","status":404,"trace_id":"656aa5ba1e3afce30547f07f8718fbe7"}
{"time":"2026-05-31T02:37:57.2364434+03:00","level":"INFO","msg":"request","method":"GET","path":"/api/v1/seller-report/MyPal","status":404,"latency_ms":2,"trace_id":"656aa5ba1e3afce30547f07f8718fbe7","remote_addr":"[::1]:60625"}
{"time":"2026-05-31T02:38:01.6050912+03:00","level":"INFO","msg":"reconciliation_worker: running health checks"}
{"time":"2026-05-31T02:38:09.5729503+03:00","level":"INFO","msg":"auth_event","event":"token_validated","user_id":"753658c7-916a-4b3b-97f3-201d89a0dcd2","trace_id":"fe5416d51fdc440f9a2ae5deee417e21","success":true,"ts":"2026-05-30T23:38:09Z"}
{"time":"2026-05-31T02:38:09.6058532+03:00","level":"INFO","msg":"auth_event","event":"token_validated","user_id":"753658c7-916a-4b3b-97f3-201d89a0dcd2","trace_id":"951007371cd8d1bc23f352eaff110d25","success":true,"ts":"2026-05-30T23:38:09Z"}
{"time":"2026-05-31T02:38:09.6395484+03:00","level":"INFO","msg":"proxy: upstream response","upstream":"http://localhost:5003","path":"/seller-report/MyPal","status":404,"trace_id":"951007371cd8d1bc23f352eaff110d25"}
{"time":"2026-05-31T02:38:09.6395484+03:00","level":"INFO","msg":"request","method":"GET","path":"/api/v1/seller-report/MyPal","status":404,"latency_ms":33,"trace_id":"951007371cd8d1bc23f352eaff110d25","remote_addr":"[::1]:51506"}
{"time":"2026-05-31T02:38:09.7073955+03:00","level":"INFO","msg":"proxy: upstream response","upstream":"http://localhost:5000","path":"/api/products/5b6c9aa7-6a7d-4d3f-bb9d-729fba282e98","status":200,"trace_id":"fe5416d51fdc440f9a2ae5deee417e21"}
{"time":"2026-05-31T02:38:09.7073955+03:00","level":"INFO","msg":"request","method":"GET","path":"/api/v1/products/5b6c9aa7-6a7d-4d3f-bb9d-729fba282e98","status":200,"latency_ms":134,"trace_id":"fe5416d51fdc440f9a2ae5deee417e21","remote_addr":"[::1]:59897"}
{"time":"2026-05-31T02:38:31.6048546+03:00","level":"INFO","msg":"reconciliation_worker: running health checks"}
{"time":"2026-05-31T02:39:01.6053033+03:00","level":"INFO","msg":"reconciliation_worker: running health checks"}
{"time":"2026-05-31T02:39:31.605181+03:00","level":"INFO","msg":"reconciliation_worker: running health checks"}
{"time":"2026-05-31T02:39:35.3609221+03:00","level":"INFO","msg":"auth_event","event":"token_validated","user_id":"753658c7-916a-4b3b-97f3-201d89a0dcd2","trace_id":"c728261d378259d77eb711e36ecd05a7","success":true,"ts":"2026-05-30T23:39:35Z"}
{"time":"2026-05-31T02:39:35.3614276+03:00","level":"INFO","msg":"auth_event","event":"token_validated","user_id":"753658c7-916a-4b3b-97f3-201d89a0dcd2","trace_id":"bd26a1726e228b78ca7ac98e0a9ebd26","success":true,"ts":"2026-05-30T23:39:35Z"}
{"time":"2026-05-31T02:39:35.3614276+03:00","level":"INFO","msg":"auth_event","event":"token_validated","user_id":"753658c7-916a-4b3b-97f3-201d89a0dcd2","trace_id":"3748110646d529d5ea1c12215513e7ab","success":true,"ts":"2026-05-30T23:39:35Z"}
{"time":"2026-05-31T02:39:35.3614276+03:00","level":"INFO","msg":"auth_event","event":"token_validated","user_id":"753658c7-916a-4b3b-97f3-201d89a0dcd2","trace_id":"a87f23dbfaacfd0ea7b762b924751451","success":true,"ts":"2026-05-30T23:39:35Z"}
{"time":"2026-05-31T02:39:36.1974715+03:00","level":"INFO","msg":"proxy: upstream response","upstream":"http://localhost:5000","path":"/api/wallet","status":200,"trace_id":"bd26a1726e228b78ca7ac98e0a9ebd26"}
{"time":"2026-05-31T02:39:36.1979811+03:00","level":"INFO","msg":"request","method":"GET","path":"/api/v1/wallet","status":200,"latency_ms":836,"trace_id":"bd26a1726e228b78ca7ac98e0a9ebd26","remote_addr":"[::1]:60848"}
{"time":"2026-05-31T02:39:36.1974715+03:00","level":"INFO","msg":"proxy: upstream response","upstream":"http://localhost:5000","path":"/api/wishlist","status":200,"trace_id":"a87f23dbfaacfd0ea7b762b924751451"}
{"time":"2026-05-31T02:39:36.1979811+03:00","level":"INFO","msg":"request","method":"GET","path":"/api/v1/wishlist","status":200,"latency_ms":836,"trace_id":"a87f23dbfaacfd0ea7b762b924751451","remote_addr":"[::1]:60850"}
{"time":"2026-05-31T02:39:36.2106054+03:00","level":"INFO","msg":"proxy: upstream response","upstream":"http://localhost:5000","path":"/api/products","status":200,"trace_id":"c728261d378259d77eb711e36ecd05a7"}
{"time":"2026-05-31T02:39:36.2106054+03:00","level":"INFO","msg":"request","method":"GET","path":"/api/v1/products","status":200,"latency_ms":849,"trace_id":"c728261d378259d77eb711e36ecd05a7","remote_addr":"[::1]:60847"}
{"time":"2026-05-31T02:39:37.4485808+03:00","level":"INFO","msg":"proxy: upstream response","upstream":"http://localhost:5003","path":"/ai/recommend/me","status":200,"trace_id":"3748110646d529d5ea1c12215513e7ab"}
{"time":"2026-05-31T02:39:37.4953372+03:00","level":"WARN","msg":"slow request","path":"/api/v1/ai/recommend/me","latency_ms":2064,"trace_id":"3748110646d529d5ea1c12215513e7ab"}
{"time":"2026-05-31T02:39:37.4958945+03:00","level":"INFO","msg":"request","method":"GET","path":"/api/v1/ai/recommend/me","status":200,"latency_ms":2134,"trace_id":"3748110646d529d5ea1c12215513e7ab","remote_addr":"[::1]:60849"}
{"time":"2026-05-31T02:39:58.2805425+03:00","level":"INFO","msg":"auth_event","event":"missing_token","user_id":"","trace_id":"42bef4284e6aa34b59705c20aeb10ddf","success":false,"ts":"2026-05-30T23:39:58Z"}
{"time":"2026-05-31T02:39:58.3371347+03:00","level":"INFO","msg":"request","method":"GET","path":"/api/v1/products","status":401,"latency_ms":56,"trace_id":"42bef4284e6aa34b59705c20aeb10ddf","remote_addr":"[::1]:63442"}
{"time":"2026-05-31T02:39:58.2830066+03:00","level":"INFO","msg":"auth_event","event":"missing_token","user_id":"","trace_id":"05a48de9c2e315ad91c85be729704e4f","success":false,"ts":"2026-05-30T23:39:58Z"}
{"time":"2026-05-31T02:39:58.3387726+03:00","level":"INFO","msg":"request","method":"GET","path":"/api/v1/ai/recommend/me","status":401,"latency_ms":55,"trace_id":"05a48de9c2e315ad91c85be729704e4f","remote_addr":"[::1]:63444"}
{"time":"2026-05-31T02:39:58.2830066+03:00","level":"INFO","msg":"auth_event","event":"missing_token","user_id":"","trace_id":"4fa48b9b47d872e7382422a0dad242cd","success":false,"ts":"2026-05-30T23:39:58Z"}
{"time":"2026-05-31T02:39:58.3387726+03:00","level":"INFO","msg":"request","method":"GET","path":"/api/v1/wallet","status":401,"latency_ms":55,"trace_id":"4fa48b9b47d872e7382422a0dad242cd","remote_addr":"[::1]:63443"}
{"time":"2026-05-31T02:39:58.2830066+03:00","level":"INFO","msg":"auth_event","event":"missing_token","user_id":"","trace_id":"66c901f7866c6b68a3a89a8f05b7ee18","success":false,"ts":"2026-05-30T23:39:58Z"}
{"time":"2026-05-31T02:39:58.3387726+03:00","level":"INFO","msg":"request","method":"GET","path":"/api/v1/wishlist","status":401,"latency_ms":55,"trace_id":"66c901f7866c6b68a3a89a8f05b7ee18","remote_addr":"[::1]:63445"}
{"time":"2026-05-31T02:39:58.4601315+03:00","level":"INFO","msg":"proxy: upstream response","upstream":"http://localhost:5000","path":"/api/auth/refresh","status":200,"trace_id":"d8b752b9dc43a69064275fdcc49961c1"}
{"time":"2026-05-31T02:39:58.507687+03:00","level":"INFO","msg":"request","method":"POST","path":"/api/v1/auth/refresh","status":200,"latency_ms":143,"trace_id":"d8b752b9dc43a69064275fdcc49961c1","remote_addr":"[::1]:64117"}
{"time":"2026-05-31T02:39:58.4601315+03:00","level":"INFO","msg":"proxy: upstream response","upstream":"http://localhost:5000","path":"/api/auth/refresh","status":200,"trace_id":"5081270a49e8d1859d4d4e7b4a21a86c"}
{"time":"2026-05-31T02:39:58.5018271+03:00","level":"INFO","msg":"proxy: upstream response","upstream":"http://localhost:5000","path":"/api/auth/refresh","status":200,"trace_id":"94b5dee4b31cf3b66ff2bac38b31c1dd"}
{"time":"2026-05-31T02:39:58.5084752+03:00","level":"INFO","msg":"request","method":"POST","path":"/api/v1/auth/refresh","status":200,"latency_ms":144,"trace_id":"94b5dee4b31cf3b66ff2bac38b31c1dd","remote_addr":"[::1]:63446"}
{"time":"2026-05-31T02:39:58.5084752+03:00","level":"INFO","msg":"request","method":"POST","path":"/api/v1/auth/refresh","status":200,"latency_ms":145,"trace_id":"5081270a49e8d1859d4d4e7b4a21a86c","remote_addr":"[::1]:64116"}
{"time":"2026-05-31T02:39:58.5917197+03:00","level":"INFO","msg":"proxy: upstream response","upstream":"http://localhost:5000","path":"/api/auth/refresh","status":200,"trace_id":"6f1cc11651a4c39a823cf7261603fd6d"}
{"time":"2026-05-31T02:39:58.5927664+03:00","level":"INFO","msg":"request","method":"POST","path":"/api/v1/auth/refresh","status":200,"latency_ms":85,"trace_id":"6f1cc11651a4c39a823cf7261603fd6d","remote_addr":"[::1]:53419"}
{"time":"2026-05-31T02:39:58.6178869+03:00","level":"INFO","msg":"auth_event","event":"token_validated","user_id":"753658c7-916a-4b3b-97f3-201d89a0dcd2","trace_id":"799d18f16bc5fea6d73ae9acf40ef12a","success":true,"ts":"2026-05-30T23:39:58Z"}
{"time":"2026-05-31T02:39:58.6259654+03:00","level":"INFO","msg":"auth_event","event":"token_validated","user_id":"753658c7-916a-4b3b-97f3-201d89a0dcd2","trace_id":"16d7136b573e57353bbbd5a42ff9a181","success":true,"ts":"2026-05-30T23:39:58Z"}
{"time":"2026-05-31T02:39:58.6259654+03:00","level":"INFO","msg":"auth_event","event":"token_validated","user_id":"753658c7-916a-4b3b-97f3-201d89a0dcd2","trace_id":"98fab6ab5321cef131f2ba68aa84ac93","success":true,"ts":"2026-05-30T23:39:58Z"}
{"time":"2026-05-31T02:39:58.6398269+03:00","level":"INFO","msg":"auth_event","event":"token_validated","user_id":"753658c7-916a-4b3b-97f3-201d89a0dcd2","trace_id":"f5f93dcb722ac7b6b5951d4afc90e7ed","success":true,"ts":"2026-05-30T23:39:58Z"}
{"time":"2026-05-31T02:39:58.8074201+03:00","level":"INFO","msg":"proxy: upstream response","upstream":"http://localhost:5000","path":"/api/wishlist","status":200,"trace_id":"f5f93dcb722ac7b6b5951d4afc90e7ed"}
{"time":"2026-05-31T02:39:58.8200986+03:00","level":"INFO","msg":"request","method":"GET","path":"/api/v1/wishlist","status":200,"latency_ms":180,"trace_id":"f5f93dcb722ac7b6b5951d4afc90e7ed","remote_addr":"[::1]:61064"}
{"time":"2026-05-31T02:39:58.8089903+03:00","level":"INFO","msg":"proxy: upstream response","upstream":"http://localhost:5000","path":"/api/wallet","status":200,"trace_id":"799d18f16bc5fea6d73ae9acf40ef12a"}
{"time":"2026-05-31T02:39:58.8100843+03:00","level":"INFO","msg":"proxy: upstream response","upstream":"http://localhost:5000","path":"/api/products","status":200,"trace_id":"16d7136b573e57353bbbd5a42ff9a181"}
{"time":"2026-05-31T02:39:58.8211872+03:00","level":"INFO","msg":"request","method":"GET","path":"/api/v1/products","status":200,"latency_ms":195,"trace_id":"16d7136b573e57353bbbd5a42ff9a181","remote_addr":"[::1]:61062"}
{"time":"2026-05-31T02:39:58.8219329+03:00","level":"INFO","msg":"request","method":"GET","path":"/api/v1/wallet","status":200,"latency_ms":204,"trace_id":"799d18f16bc5fea6d73ae9acf40ef12a","remote_addr":"[::1]:57107"}
{"time":"2026-05-31T02:40:00.6001451+03:00","level":"INFO","msg":"proxy: upstream response","upstream":"http://localhost:5003","path":"/ai/recommend/me","status":200,"trace_id":"98fab6ab5321cef131f2ba68aa84ac93"}
{"time":"2026-05-31T02:40:00.6006529+03:00","level":"WARN","msg":"slow request","path":"/api/v1/ai/recommend/me","latency_ms":1967,"trace_id":"98fab6ab5321cef131f2ba68aa84ac93"}
{"time":"2026-05-31T02:40:00.6006529+03:00","level":"INFO","msg":"request","method":"GET","path":"/api/v1/ai/recommend/me","status":200,"latency_ms":1974,"trace_id":"98fab6ab5321cef131f2ba68aa84ac93","remote_addr":"[::1]:61063"}
{"time":"2026-05-31T02:40:01.6051659+03:00","level":"INFO","msg":"reconciliation_worker: running health checks"}
{"time":"2026-05-31T02:40:31.6050135+03:00","level":"INFO","msg":"reconciliation_worker: running health checks"}
{"time":"2026-05-31T02:41:01.6050374+03:00","level":"INFO","msg":"reconciliation_worker: running health checks"}
{"time":"2026-05-31T02:41:25.2863572+03:00","level":"INFO","msg":"auth_event","event":"token_validated","user_id":"753658c7-916a-4b3b-97f3-201d89a0dcd2","trace_id":"05c509cc28d57e5ae844b7463e21287d","success":true,"ts":"2026-05-30T23:41:25Z"}
{"time":"2026-05-31T02:41:27.9419867+03:00","level":"INFO","msg":"proxy: upstream response","upstream":"http://localhost:5003","path":"/ai/recommend/me","status":200,"trace_id":"05c509cc28d57e5ae844b7463e21287d"}
{"time":"2026-05-31T02:41:27.9419867+03:00","level":"WARN","msg":"slow request","path":"/api/v1/ai/recommend/me","latency_ms":2655,"trace_id":"05c509cc28d57e5ae844b7463e21287d"}
{"time":"2026-05-31T02:41:27.9425012+03:00","level":"INFO","msg":"request","method":"GET","path":"/api/v1/ai/recommend/me","status":200,"latency_ms":2657,"trace_id":"05c509cc28d57e5ae844b7463e21287d","remote_addr":"[::1]:59956"}
{"time":"2026-05-31T02:41:31.6048411+03:00","level":"INFO","msg":"reconciliation_worker: running health checks"}
{"time":"2026-05-31T02:42:01.6051599+03:00","level":"INFO","msg":"reconciliation_worker: running health checks"}
{"time":"2026-05-31T02:42:14.0228921+03:00","level":"INFO","msg":"auth_event","event":"token_validated","user_id":"753658c7-916a-4b3b-97f3-201d89a0dcd2","trace_id":"33a4873a590365b68e0327645f3bef71","success":true,"ts":"2026-05-30T23:42:14Z"}
{"time":"2026-05-31T02:42:14.8434181+03:00","level":"INFO","msg":"proxy: upstream response","upstream":"http://localhost:5003","path":"/ai/deep-search","status":500,"trace_id":"33a4873a590365b68e0327645f3bef71"}
{"time":"2026-05-31T02:42:14.8434181+03:00","level":"INFO","msg":"request","method":"POST","path":"/api/v1/ai/deep-search","status":500,"latency_ms":820,"trace_id":"33a4873a590365b68e0327645f3bef71","remote_addr":"[::1]:62595"}
{"time":"2026-05-31T02:42:23.986431+03:00","level":"INFO","msg":"auth_event","event":"token_validated","user_id":"753658c7-916a-4b3b-97f3-201d89a0dcd2","trace_id":"4bfcd2ec03dc1045c6130ccfe2075f0d","success":true,"ts":"2026-05-30T23:42:23Z"}
{"time":"2026-05-31T02:42:24.2926282+03:00","level":"INFO","msg":"proxy: upstream response","upstream":"http://localhost:5003","path":"/ai/deep-search","status":500,"trace_id":"4bfcd2ec03dc1045c6130ccfe2075f0d"}
{"time":"2026-05-31T02:42:24.2936561+03:00","level":"INFO","msg":"request","method":"POST","path":"/api/v1/ai/deep-search","status":500,"latency_ms":307,"trace_id":"4bfcd2ec03dc1045c6130ccfe2075f0d","remote_addr":"[::1]:51089"}
{"time":"2026-05-31T02:42:31.6048983+03:00","level":"INFO","msg":"reconciliation_worker: running health checks"}
{"time":"2026-05-31T02:43:01.6050655+03:00","level":"INFO","msg":"reconciliation_worker: running health checks"}
{"time":"2026-05-31T02:43:05.8731182+03:00","level":"INFO","msg":"auth_event","event":"token_validated","user_id":"753658c7-916a-4b3b-97f3-201d89a0dcd2","trace_id":"19b4116e0aee6b6dfed59e766424f4f0","success":true,"ts":"2026-05-30T23:43:05Z"}
{"time":"2026-05-31T02:43:05.9201875+03:00","level":"INFO","msg":"search: start","query":"iPhone 17 pro","limit":20,"trace_id":"19b4116e0aee6b6dfed59e766424f4f0"}
{"time":"2026-05-31T02:43:05.952006+03:00","level":"INFO","msg":"search: embedding done","dims":384,"latency_ms":31,"trace_id":"19b4116e0aee6b6dfed59e766424f4f0"}
{"time":"2026-05-31T02:43:06.1987551+03:00","level":"INFO","msg":"search: complete","results":20,"mode":"hybrid","total_ms":278,"trace_id":"19b4116e0aee6b6dfed59e766424f4f0"}
{"time":"2026-05-31T02:43:06.1997149+03:00","level":"INFO","msg":"request","method":"GET","path":"/api/v1/search","status":200,"latency_ms":326,"trace_id":"19b4116e0aee6b6dfed59e766424f4f0","remote_addr":"[::1]:55327"}
{"time":"2026-05-31T02:43:14.107829+03:00","level":"INFO","msg":"auth_event","event":"token_validated","user_id":"753658c7-916a-4b3b-97f3-201d89a0dcd2","trace_id":"8a779ae9dd7d3ac7dffe0080aeac27b2","success":true,"ts":"2026-05-30T23:43:14Z"}
{"time":"2026-05-31T02:43:14.1556136+03:00","level":"INFO","msg":"search: start","query":"SmartPhone","limit":20,"trace_id":"8a779ae9dd7d3ac7dffe0080aeac27b2"}
{"time":"2026-05-31T02:43:14.1589058+03:00","level":"INFO","msg":"search: embedding done","dims":384,"latency_ms":1,"trace_id":"8a779ae9dd7d3ac7dffe0080aeac27b2"}
{"time":"2026-05-31T02:43:14.2452026+03:00","level":"INFO","msg":"search: complete","results":20,"mode":"hybrid","total_ms":87,"trace_id":"8a779ae9dd7d3ac7dffe0080aeac27b2"}
{"time":"2026-05-31T02:43:14.2462759+03:00","level":"INFO","msg":"request","method":"GET","path":"/api/v1/search","status":200,"latency_ms":138,"trace_id":"8a779ae9dd7d3ac7dffe0080aeac27b2","remote_addr":"[::1]:51798"}
{"time":"2026-05-31T02:43:18.0102624+03:00","level":"INFO","msg":"auth_event","event":"token_validated","user_id":"753658c7-916a-4b3b-97f3-201d89a0dcd2","trace_id":"c6bd9eb43317aaba8bdd3cfe1c7476e4","success":true,"ts":"2026-05-30T23:43:18Z"}
{"time":"2026-05-31T02:43:18.0247307+03:00","level":"INFO","msg":"auth_event","event":"token_validated","user_id":"753658c7-916a-4b3b-97f3-201d89a0dcd2","trace_id":"b437ad0b2abc725e0d7968e9ac55e499","success":true,"ts":"2026-05-30T23:43:18Z"}
{"time":"2026-05-31T02:43:18.0417739+03:00","level":"INFO","msg":"auth_event","event":"token_validated","user_id":"753658c7-916a-4b3b-97f3-201d89a0dcd2","trace_id":"29e5ff8752f3b30e4c309f41f0bf882d","success":true,"ts":"2026-05-30T23:43:18Z"}
{"time":"2026-05-31T02:43:18.042449+03:00","level":"INFO","msg":"auth_event","event":"token_validated","user_id":"753658c7-916a-4b3b-97f3-201d89a0dcd2","trace_id":"9cc4c16ac24e15589033dbabac23d0cc","success":true,"ts":"2026-05-30T23:43:18Z"}
{"time":"2026-05-31T02:43:18.3673623+03:00","level":"INFO","msg":"proxy: upstream response","upstream":"http://localhost:5000","path":"/api/products","status":200,"trace_id":"c6bd9eb43317aaba8bdd3cfe1c7476e4"}
{"time":"2026-05-31T02:43:18.3679013+03:00","level":"INFO","msg":"request","method":"GET","path":"/api/v1/products","status":200,"latency_ms":357,"trace_id":"c6bd9eb43317aaba8bdd3cfe1c7476e4","remote_addr":"[::1]:65058"}
{"time":"2026-05-31T02:43:19.0773835+03:00","level":"INFO","msg":"proxy: upstream response","upstream":"http://localhost:5000","path":"/api/wallet","status":200,"trace_id":"b437ad0b2abc725e0d7968e9ac55e499"}
{"time":"2026-05-31T02:43:19.0901036+03:00","level":"INFO","msg":"proxy: upstream response","upstream":"http://localhost:5000","path":"/api/wishlist","status":200,"trace_id":"9cc4c16ac24e15589033dbabac23d0cc"}
{"time":"2026-05-31T02:43:19.1197436+03:00","level":"INFO","msg":"request","method":"GET","path":"/api/v1/wallet","status":200,"latency_ms":1094,"trace_id":"b437ad0b2abc725e0d7968e9ac55e499","remote_addr":"[::1]:63034"}
{"time":"2026-05-31T02:43:19.1197436+03:00","level":"INFO","msg":"request","method":"GET","path":"/api/v1/wishlist","status":200,"latency_ms":1077,"trace_id":"9cc4c16ac24e15589033dbabac23d0cc","remote_addr":"[::1]:61796"}
{"time":"2026-05-31T02:43:20.1148413+03:00","level":"INFO","msg":"proxy: upstream response","upstream":"http://localhost:5003","path":"/ai/recommend/me","status":200,"trace_id":"29e5ff8752f3b30e4c309f41f0bf882d"}
{"time":"2026-05-31T02:43:20.1631157+03:00","level":"WARN","msg":"slow request","path":"/api/v1/ai/recommend/me","latency_ms":2101,"trace_id":"29e5ff8752f3b30e4c309f41f0bf882d"}
{"time":"2026-05-31T02:43:20.1636457+03:00","level":"INFO","msg":"request","method":"GET","path":"/api/v1/ai/recommend/me","status":200,"latency_ms":2121,"trace_id":"29e5ff8752f3b30e4c309f41f0bf882d","remote_addr":"[::1]:61793"}
{"time":"2026-05-31T02:43:31.605001+03:00","level":"INFO","msg":"reconciliation_worker: running health checks"}
{"time":"2026-05-31T02:44:01.6049176+03:00","level":"INFO","msg":"reconciliation_worker: running health checks"}
{"time":"2026-05-31T02:44:30.9353898+03:00","level":"INFO","msg":"auth_event","event":"missing_token","user_id":"","trace_id":"6d094ab78dc1d361df5a32b230943bd7","success":false,"ts":"2026-05-30T23:44:30Z"}
{"time":"2026-05-31T02:44:30.9825575+03:00","level":"INFO","msg":"request","method":"GET","path":"/api/v1/products","status":401,"latency_ms":47,"trace_id":"6d094ab78dc1d361df5a32b230943bd7","remote_addr":"[::1]:51075"}
{"time":"2026-05-31T02:44:31.6049755+03:00","level":"INFO","msg":"reconciliation_worker: running health checks"}
{"time":"2026-05-31T02:45:01.6055124+03:00","level":"INFO","msg":"reconciliation_worker: running health checks"}
{"time":"2026-05-31T02:45:24.6439251+03:00","level":"INFO","msg":"auth_event","event":"missing_token","user_id":"","trace_id":"7ace6281b8cf19cf84efe0264a054d38","success":false,"ts":"2026-05-30T23:45:24Z"}
{"time":"2026-05-31T02:45:24.6444699+03:00","level":"INFO","msg":"request","method":"GET","path":"/api/v1/products","status":401,"latency_ms":0,"trace_id":"7ace6281b8cf19cf84efe0264a054d38","remote_addr":"[::1]:49600"}
{"time":"2026-05-31T02:45:24.64511+03:00","level":"INFO","msg":"auth_event","event":"missing_token","user_id":"","trace_id":"bf87b27831acd55a2b5aefb7bd83b21c","success":false,"ts":"2026-05-30T23:45:24Z"}
{"time":"2026-05-31T02:45:24.6478269+03:00","level":"INFO","msg":"request","method":"GET","path":"/api/v1/wallet","status":401,"latency_ms":2,"trace_id":"bf87b27831acd55a2b5aefb7bd83b21c","remote_addr":"[::1]:49601"}
{"time":"2026-05-31T02:45:24.6574734+03:00","level":"INFO","msg":"auth_event","event":"missing_token","user_id":"","trace_id":"4a29208dd845731b5f326dc4cf72e0d2","success":false,"ts":"2026-05-30T23:45:24Z"}
{"time":"2026-05-31T02:45:24.6580098+03:00","level":"INFO","msg":"auth_event","event":"missing_token","user_id":"","trace_id":"8d062d304734ba7201f0ef2a67d2481a","success":false,"ts":"2026-05-30T23:45:24Z"}
{"time":"2026-05-31T02:45:24.6591134+03:00","level":"INFO","msg":"request","method":"GET","path":"/api/v1/wishlist","status":401,"latency_ms":1,"trace_id":"8d062d304734ba7201f0ef2a67d2481a","remote_addr":"[::1]:49603"}
{"time":"2026-05-31T02:45:24.6580098+03:00","level":"INFO","msg":"request","method":"GET","path":"/api/v1/ai/recommend/me","status":401,"latency_ms":0,"trace_id":"4a29208dd845731b5f326dc4cf72e0d2","remote_addr":"[::1]:49602"}
{"time":"2026-05-31T02:45:25.1442348+03:00","level":"INFO","msg":"proxy: upstream response","upstream":"http://localhost:5000","path":"/api/auth/refresh","status":200,"trace_id":"b92c0f07427fd8ab0c7df0fb45a577d6"}
{"time":"2026-05-31T02:45:25.1449415+03:00","level":"INFO","msg":"request","method":"POST","path":"/api/v1/auth/refresh","status":200,"latency_ms":436,"trace_id":"b92c0f07427fd8ab0c7df0fb45a577d6","remote_addr":"[::1]:63482"}
{"time":"2026-05-31T02:45:25.1442348+03:00","level":"INFO","msg":"proxy: upstream response","upstream":"http://localhost:5000","path":"/api/auth/refresh","status":200,"trace_id":"f53cf7d1c8c31ece59fe2e7b157dedcf"}
{"time":"2026-05-31T02:45:25.1449415+03:00","level":"INFO","msg":"proxy: upstream response","upstream":"http://localhost:5000","path":"/api/auth/refresh","status":200,"trace_id":"fc93c5e2c9e996b9de7abe3a2d3a039f"}
{"time":"2026-05-31T02:45:25.1460547+03:00","level":"INFO","msg":"request","method":"POST","path":"/api/v1/auth/refresh","status":200,"latency_ms":436,"trace_id":"f53cf7d1c8c31ece59fe2e7b157dedcf","remote_addr":"[::1]:52078"}
{"time":"2026-05-31T02:45:25.1460547+03:00","level":"INFO","msg":"request","method":"POST","path":"/api/v1/auth/refresh","status":200,"latency_ms":429,"trace_id":"fc93c5e2c9e996b9de7abe3a2d3a039f","remote_addr":"[::1]:52079"}
{"time":"2026-05-31T02:45:25.1751638+03:00","level":"INFO","msg":"auth_event","event":"token_validated","user_id":"753658c7-916a-4b3b-97f3-201d89a0dcd2","trace_id":"e1fa3ba0c54891300d098855c606a90b","success":true,"ts":"2026-05-30T23:45:25Z"}
{"time":"2026-05-31T02:45:25.1811768+03:00","level":"INFO","msg":"auth_event","event":"token_validated","user_id":"753658c7-916a-4b3b-97f3-201d89a0dcd2","trace_id":"283dfc3140cbb358e2c75f074d87b00b","success":true,"ts":"2026-05-30T23:45:25Z"}
{"time":"2026-05-31T02:45:25.1811768+03:00","level":"INFO","msg":"auth_event","event":"token_validated","user_id":"753658c7-916a-4b3b-97f3-201d89a0dcd2","trace_id":"25c9af70b08f97942e8644f7463eb22b","success":true,"ts":"2026-05-30T23:45:25Z"}
{"time":"2026-05-31T02:45:25.3406093+03:00","level":"INFO","msg":"proxy: upstream response","upstream":"http://localhost:5000","path":"/api/products","status":200,"trace_id":"e1fa3ba0c54891300d098855c606a90b"}
{"time":"2026-05-31T02:45:25.3411503+03:00","level":"INFO","msg":"request","method":"GET","path":"/api/v1/products","status":200,"latency_ms":166,"trace_id":"e1fa3ba0c54891300d098855c606a90b","remote_addr":"[::1]:59555"}
{"time":"2026-05-31T02:45:25.3477534+03:00","level":"INFO","msg":"proxy: upstream response","upstream":"http://localhost:5000","path":"/api/wallet","status":200,"trace_id":"25c9af70b08f97942e8644f7463eb22b"}
{"time":"2026-05-31T02:45:25.3477534+03:00","level":"INFO","msg":"proxy: upstream response","upstream":"http://localhost:5000","path":"/api/wishlist","status":200,"trace_id":"283dfc3140cbb358e2c75f074d87b00b"}
{"time":"2026-05-31T02:45:25.3482596+03:00","level":"INFO","msg":"request","method":"GET","path":"/api/v1/wishlist","status":200,"latency_ms":167,"trace_id":"283dfc3140cbb358e2c75f074d87b00b","remote_addr":"[::1]:59557"}
{"time":"2026-05-31T02:45:25.3482596+03:00","level":"INFO","msg":"request","method":"GET","path":"/api/v1/wallet","status":200,"latency_ms":167,"trace_id":"25c9af70b08f97942e8644f7463eb22b","remote_addr":"[::1]:59556"}
{"time":"2026-05-31T02:45:25.6183363+03:00","level":"INFO","msg":"proxy: upstream response","upstream":"http://localhost:5000","path":"/api/auth/refresh","status":200,"trace_id":"56c279223856d347a3ae93f8778a8b3c"}
{"time":"2026-05-31T02:45:25.6649969+03:00","level":"INFO","msg":"request","method":"POST","path":"/api/v1/auth/refresh","status":200,"latency_ms":947,"trace_id":"56c279223856d347a3ae93f8778a8b3c","remote_addr":"[::1]:52080"}
{"time":"2026-05-31T02:45:25.6778277+03:00","level":"INFO","msg":"auth_event","event":"token_validated","user_id":"753658c7-916a-4b3b-97f3-201d89a0dcd2","trace_id":"45a70da850d64de90d747a49508865a3","success":true,"ts":"2026-05-30T23:45:25Z"}
{"time":"2026-05-31T02:45:27.6254869+03:00","level":"INFO","msg":"proxy: upstream response","upstream":"http://localhost:5003","path":"/ai/recommend/me","status":200,"trace_id":"45a70da850d64de90d747a49508865a3"}
{"time":"2026-05-31T02:45:27.6728051+03:00","level":"WARN","msg":"slow request","path":"/api/v1/ai/recommend/me","latency_ms":1994,"trace_id":"45a70da850d64de90d747a49508865a3"}
{"time":"2026-05-31T02:45:27.6731596+03:00","level":"INFO","msg":"request","method":"GET","path":"/api/v1/ai/recommend/me","status":200,"latency_ms":1996,"trace_id":"45a70da850d64de90d747a49508865a3","remote_addr":"[::1]:57828"}
{"time":"2026-05-31T02:45:31.6050612+03:00","level":"INFO","msg":"reconciliation_worker: running health checks"}
{"time":"2026-05-31T02:45:46.4923524+03:00","level":"INFO","msg":"auth_event","event":"token_validated","user_id":"753658c7-916a-4b3b-97f3-201d89a0dcd2","trace_id":"7c13d6caaf34baf222904da01755bd42","success":true,"ts":"2026-05-30T23:45:46Z"}
{"time":"2026-05-31T02:45:47.0736609+03:00","level":"INFO","msg":"auth_event","event":"missing_token","user_id":"","trace_id":"181c7406a530720aadbab481ccc5df3d","success":false,"ts":"2026-05-30T23:45:47Z"}
{"time":"2026-05-31T02:45:47.0741691+03:00","level":"INFO","msg":"auth_event","event":"missing_token","user_id":"","trace_id":"6962352514ad64e3563226156c44f4f3","success":false,"ts":"2026-05-30T23:45:47Z"}
{"time":"2026-05-31T02:45:47.1224465+03:00","level":"INFO","msg":"request","method":"GET","path":"/api/v1/ai/recommend/me","status":401,"latency_ms":48,"trace_id":"6962352514ad64e3563226156c44f4f3","remote_addr":"[::1]:55984"}
{"time":"2026-05-31T02:45:47.0741691+03:00","level":"INFO","msg":"auth_event","event":"missing_token","user_id":"","trace_id":"b15ddec73c3f57b84f769269077b9fab","success":false,"ts":"2026-05-30T23:45:47Z"}
{"time":"2026-05-31T02:45:47.0747145+03:00","level":"INFO","msg":"auth_event","event":"missing_token","user_id":"","trace_id":"989d666360b0b2a569574988f348232f","success":false,"ts":"2026-05-30T23:45:47Z"}
{"time":"2026-05-31T02:45:47.1217257+03:00","level":"INFO","msg":"request","method":"GET","path":"/api/v1/products","status":401,"latency_ms":48,"trace_id":"181c7406a530720aadbab481ccc5df3d","remote_addr":"[::1]:55983"}
{"time":"2026-05-31T02:45:47.1229567+03:00","level":"INFO","msg":"request","method":"GET","path":"/api/v1/wallet","status":401,"latency_ms":48,"trace_id":"b15ddec73c3f57b84f769269077b9fab","remote_addr":"[::1]:55985"}
{"time":"2026-05-31T02:45:47.1229567+03:00","level":"INFO","msg":"request","method":"GET","path":"/api/v1/wishlist","status":401,"latency_ms":48,"trace_id":"989d666360b0b2a569574988f348232f","remote_addr":"[::1]:55986"}
{"time":"2026-05-31T02:45:47.2555411+03:00","level":"INFO","msg":"proxy: upstream response","upstream":"http://localhost:5000","path":"/api/auth/refresh","status":200,"trace_id":"3d4961cf512317dd5614d8c630cc74c9"}
{"time":"2026-05-31T02:45:47.2560945+03:00","level":"INFO","msg":"proxy: upstream response","upstream":"http://localhost:5000","path":"/api/auth/refresh","status":200,"trace_id":"60c1ad544a49095d49430a14b1ae7c20"}
{"time":"2026-05-31T02:45:47.3014306+03:00","level":"INFO","msg":"request","method":"POST","path":"/api/v1/auth/refresh","status":200,"latency_ms":135,"trace_id":"60c1ad544a49095d49430a14b1ae7c20","remote_addr":"[::1]:55988"}
{"time":"2026-05-31T02:45:47.2582424+03:00","level":"INFO","msg":"proxy: upstream response","upstream":"http://localhost:5000","path":"/api/auth/refresh","status":200,"trace_id":"a2ffa23b04ec6361442993501437ae6c"}
{"time":"2026-05-31T02:45:47.2682551+03:00","level":"INFO","msg":"proxy: upstream response","upstream":"http://localhost:5000","path":"/api/auth/refresh","status":200,"trace_id":"546b7aebe554b30fdf321c62f6ec4c96"}
{"time":"2026-05-31T02:45:47.3008767+03:00","level":"INFO","msg":"request","method":"POST","path":"/api/v1/auth/refresh","status":200,"latency_ms":139,"trace_id":"3d4961cf512317dd5614d8c630cc74c9","remote_addr":"[::1]:55987"}
{"time":"2026-05-31T02:45:47.3026382+03:00","level":"INFO","msg":"request","method":"POST","path":"/api/v1/auth/refresh","status":200,"latency_ms":124,"trace_id":"a2ffa23b04ec6361442993501437ae6c","remote_addr":"[::1]:51047"}
{"time":"2026-05-31T02:45:47.3031787+03:00","level":"INFO","msg":"request","method":"POST","path":"/api/v1/auth/refresh","status":200,"latency_ms":122,"trace_id":"546b7aebe554b30fdf321c62f6ec4c96","remote_addr":"[::1]:51048"}
{"time":"2026-05-31T02:45:47.3200198+03:00","level":"INFO","msg":"auth_event","event":"token_validated","user_id":"753658c7-916a-4b3b-97f3-201d89a0dcd2","trace_id":"0a079aefb18bbd17d883d8b079d1ac78","success":true,"ts":"2026-05-30T23:45:47Z"}
{"time":"2026-05-31T02:45:47.324799+03:00","level":"INFO","msg":"auth_event","event":"token_validated","user_id":"753658c7-916a-4b3b-97f3-201d89a0dcd2","trace_id":"2a9ff8072e1341d3b06d7239fc931d49","success":true,"ts":"2026-05-30T23:45:47Z"}
{"time":"2026-05-31T02:45:47.3285019+03:00","level":"INFO","msg":"auth_event","event":"token_validated","user_id":"753658c7-916a-4b3b-97f3-201d89a0dcd2","trace_id":"aee4aa4c89b4984c688e7c594acb2fb7","success":true,"ts":"2026-05-30T23:45:47Z"}
{"time":"2026-05-31T02:45:47.3285019+03:00","level":"INFO","msg":"auth_event","event":"token_validated","user_id":"753658c7-916a-4b3b-97f3-201d89a0dcd2","trace_id":"6f5e91652e6fa5d84833b4cf517450d7","success":true,"ts":"2026-05-30T23:45:47Z"}
{"time":"2026-05-31T02:45:47.4879905+03:00","level":"INFO","msg":"proxy: upstream response","upstream":"http://localhost:5000","path":"/api/wallet","status":200,"trace_id":"aee4aa4c89b4984c688e7c594acb2fb7"}
{"time":"2026-05-31T02:45:47.4879905+03:00","level":"INFO","msg":"request","method":"GET","path":"/api/v1/wallet","status":200,"latency_ms":159,"trace_id":"aee4aa4c89b4984c688e7c594acb2fb7","remote_addr":"[::1]:50769"}
{"time":"2026-05-31T02:45:47.4964826+03:00","level":"INFO","msg":"proxy: upstream response","upstream":"http://localhost:5000","path":"/api/products","status":200,"trace_id":"0a079aefb18bbd17d883d8b079d1ac78"}
{"time":"2026-05-31T02:45:47.4964826+03:00","level":"INFO","msg":"request","method":"GET","path":"/api/v1/products","status":200,"latency_ms":176,"trace_id":"0a079aefb18bbd17d883d8b079d1ac78","remote_addr":"[::1]:55094"}
{"time":"2026-05-31T02:45:47.4982901+03:00","level":"INFO","msg":"proxy: upstream response","upstream":"http://localhost:5000","path":"/api/wishlist","status":200,"trace_id":"6f5e91652e6fa5d84833b4cf517450d7"}
{"time":"2026-05-31T02:45:47.4987977+03:00","level":"INFO","msg":"request","method":"GET","path":"/api/v1/wishlist","status":200,"latency_ms":170,"trace_id":"6f5e91652e6fa5d84833b4cf517450d7","remote_addr":"[::1]:50770"}
{"time":"2026-05-31T02:45:48.5661113+03:00","level":"INFO","msg":"proxy: upstream response","upstream":"http://localhost:5003","path":"/ai/recommend/me","status":200,"trace_id":"7c13d6caaf34baf222904da01755bd42"}
{"time":"2026-05-31T02:45:48.6127066+03:00","level":"WARN","msg":"slow request","path":"/api/v1/ai/recommend/me","latency_ms":2073,"trace_id":"7c13d6caaf34baf222904da01755bd42"}
{"time":"2026-05-31T02:45:48.613017+03:00","level":"INFO","msg":"request","method":"GET","path":"/api/v1/ai/recommend/me","status":200,"latency_ms":2120,"trace_id":"7c13d6caaf34baf222904da01755bd42","remote_addr":"[::1]:63108"}
{"time":"2026-05-31T02:45:48.6286607+03:00","level":"INFO","msg":"proxy: upstream response","upstream":"http://localhost:5003","path":"/ai/recommend/me","status":200,"trace_id":"2a9ff8072e1341d3b06d7239fc931d49"}
{"time":"2026-05-31T02:45:48.6286607+03:00","level":"INFO","msg":"request","method":"GET","path":"/api/v1/ai/recommend/me","status":200,"latency_ms":1303,"trace_id":"2a9ff8072e1341d3b06d7239fc931d49","remote_addr":"[::1]:62169"}
{"time":"2026-05-31T02:45:48.8202775+03:00","level":"INFO","msg":"auth_event","event":"token_validated","user_id":"753658c7-916a-4b3b-97f3-201d89a0dcd2","trace_id":"924e45ba515a14429bdb04d1d69be9c9","success":true,"ts":"2026-05-30T23:45:48Z"}
{"time":"2026-05-31T02:45:48.8722732+03:00","level":"INFO","msg":"auth_event","event":"token_validated","user_id":"753658c7-916a-4b3b-97f3-201d89a0dcd2","trace_id":"3a7d6058f17bfd3d2cc81803eb44d23b","success":true,"ts":"2026-05-30T23:45:48Z"}
{"time":"2026-05-31T02:45:48.8737902+03:00","level":"INFO","msg":"proxy: upstream response","upstream":"http://localhost:5003","path":"/seller-report/MyPal","status":404,"trace_id":"3a7d6058f17bfd3d2cc81803eb44d23b"}
{"time":"2026-05-31T02:45:48.8737902+03:00","level":"INFO","msg":"request","method":"GET","path":"/api/v1/seller-report/MyPal","status":404,"latency_ms":1,"trace_id":"3a7d6058f17bfd3d2cc81803eb44d23b","remote_addr":"[::1]:65066"}
{"time":"2026-05-31T02:45:49.0719006+03:00","level":"INFO","msg":"proxy: upstream response","upstream":"http://localhost:5000","path":"/api/products/18c57a81-396d-4fab-84a7-1a53a4a78062","status":200,"trace_id":"924e45ba515a14429bdb04d1d69be9c9"}
{"time":"2026-05-31T02:45:49.0719006+03:00","level":"INFO","msg":"request","method":"GET","path":"/api/v1/products/18c57a81-396d-4fab-84a7-1a53a4a78062","status":200,"latency_ms":251,"trace_id":"924e45ba515a14429bdb04d1d69be9c9","remote_addr":"[::1]:57355"}
{"time":"2026-05-31T02:45:53.4478632+03:00","level":"INFO","msg":"auth_event","event":"token_validated","user_id":"753658c7-916a-4b3b-97f3-201d89a0dcd2","trace_id":"54af669ac9c06e5ce2c618cd285b8faf","success":true,"ts":"2026-05-30T23:45:53Z"}
{"time":"2026-05-31T02:45:53.4819093+03:00","level":"INFO","msg":"auth_event","event":"token_validated","user_id":"753658c7-916a-4b3b-97f3-201d89a0dcd2","trace_id":"d258054e77219cb4d6bbd7a40459b877","success":true,"ts":"2026-05-30T23:45:53Z"}
{"time":"2026-05-31T02:45:53.4973683+03:00","level":"INFO","msg":"proxy: upstream response","upstream":"http://localhost:5003","path":"/seller-report/MyPal","status":404,"trace_id":"d258054e77219cb4d6bbd7a40459b877"}
{"time":"2026-05-31T02:45:53.4973683+03:00","level":"INFO","msg":"request","method":"GET","path":"/api/v1/seller-report/MyPal","status":404,"latency_ms":15,"trace_id":"d258054e77219cb4d6bbd7a40459b877","remote_addr":"[::1]:49814"}
{"time":"2026-05-31T02:45:53.5783804+03:00","level":"INFO","msg":"proxy: upstream response","upstream":"http://localhost:5000","path":"/api/products/276180bb-d89f-4fde-bbe9-7272a98f8028","status":200,"trace_id":"54af669ac9c06e5ce2c618cd285b8faf"}
{"time":"2026-05-31T02:45:53.5783804+03:00","level":"INFO","msg":"request","method":"GET","path":"/api/v1/products/276180bb-d89f-4fde-bbe9-7272a98f8028","status":200,"latency_ms":130,"trace_id":"54af669ac9c06e5ce2c618cd285b8faf","remote_addr":"[::1]:64732"}
{"time":"2026-05-31T02:46:01.6047956+03:00","level":"INFO","msg":"reconciliation_worker: running health checks"}
{"time":"2026-05-31T02:46:01.721341+03:00","level":"INFO","msg":"request","method":"GET","path":"/","status":404,"latency_ms":0,"trace_id":"886a7c4182608a0e4751a02f8ce8f481","remote_addr":"[::1]:58353"}
{"time":"2026-05-31T02:46:01.7742851+03:00","level":"INFO","msg":"proxy: upstream response","upstream":"http://localhost:5000","path":"/api/auth/google/callback","status":500,"trace_id":"639007aa4bef211a31aefc9dee7ad419"}
{"time":"2026-05-31T02:46:01.7760638+03:00","level":"INFO","msg":"request","method":"GET","path":"/api/auth/google/callback","status":500,"latency_ms":42,"trace_id":"639007aa4bef211a31aefc9dee7ad419","remote_addr":"[::1]:58353"}
{"time":"2026-05-31T02:46:11.4585427+03:00","level":"INFO","msg":"auth_event","event":"token_validated","user_id":"753658c7-916a-4b3b-97f3-201d89a0dcd2","trace_id":"c39802b835297a3cf0d1893993ecc783","success":true,"ts":"2026-05-30T23:46:11Z"}
{"time":"2026-05-31T02:46:11.6717883+03:00","level":"INFO","msg":"auth_event","event":"token_validated","user_id":"753658c7-916a-4b3b-97f3-201d89a0dcd2","trace_id":"e77ccc99e6c9f325ab758ae1eb0d7e99","success":true,"ts":"2026-05-30T23:46:11Z"}
{"time":"2026-05-31T02:46:12.2196363+03:00","level":"INFO","msg":"proxy: upstream response","upstream":"http://localhost:5003","path":"/ai/deep-search/quota","status":200,"trace_id":"e77ccc99e6c9f325ab758ae1eb0d7e99"}
{"time":"2026-05-31T02:46:12.2606991+03:00","level":"INFO","msg":"request","method":"GET","path":"/api/v1/ai/deep-search/quota","status":200,"latency_ms":588,"trace_id":"e77ccc99e6c9f325ab758ae1eb0d7e99","remote_addr":"[::1]:64125"}
{"time":"2026-05-31T02:46:13.346945+03:00","level":"INFO","msg":"proxy: upstream response","upstream":"http://localhost:5003","path":"/ai/recommend/me","status":200,"trace_id":"c39802b835297a3cf0d1893993ecc783"}
{"time":"2026-05-31T02:46:13.347453+03:00","level":"WARN","msg":"slow request","path":"/api/v1/ai/recommend/me","latency_ms":1888,"trace_id":"c39802b835297a3cf0d1893993ecc783"}
{"time":"2026-05-31T02:46:13.347453+03:00","level":"INFO","msg":"request","method":"GET","path":"/api/v1/ai/recommend/me","status":200,"latency_ms":1888,"trace_id":"c39802b835297a3cf0d1893993ecc783","remote_addr":"[::1]:49547"}
{"time":"2026-05-31T02:46:31.6051384+03:00","level":"INFO","msg":"reconciliation_worker: running health checks"}
{"time":"2026-05-31T02:46:38.1830801+03:00","level":"INFO","msg":"auth_event","event":"token_validated","user_id":"753658c7-916a-4b3b-97f3-201d89a0dcd2","trace_id":"9513658acb07f0fbfe39bcbd86415513","success":true,"ts":"2026-05-30T23:46:38Z"}
{"time":"2026-05-31T02:46:38.9198831+03:00","level":"INFO","msg":"proxy: upstream response","upstream":"http://localhost:5003","path":"/ai/deep-search/quota","status":200,"trace_id":"9513658acb07f0fbfe39bcbd86415513"}
{"time":"2026-05-31T02:46:38.9678605+03:00","level":"INFO","msg":"request","method":"GET","path":"/api/v1/ai/deep-search/quota","status":200,"latency_ms":784,"trace_id":"9513658acb07f0fbfe39bcbd86415513","remote_addr":"[::1]:64797"}
{"time":"2026-05-31T02:46:57.9633969+03:00","level":"INFO","msg":"auth_event","event":"token_validated","user_id":"753658c7-916a-4b3b-97f3-201d89a0dcd2","trace_id":"37a295744686bd94b59d96091d5c48e5","success":true,"ts":"2026-05-30T23:46:57Z"}
{"time":"2026-05-31T02:46:57.9705555+03:00","level":"INFO","msg":"search: start","query":"I want to buy a smartphone with a 1500 dollar budget","limit":20,"trace_id":"37a295744686bd94b59d96091d5c48e5"}
{"time":"2026-05-31T02:46:57.9909738+03:00","level":"INFO","msg":"search: embedding done","dims":384,"latency_ms":19,"trace_id":"37a295744686bd94b59d96091d5c48e5"}
{"time":"2026-05-31T02:46:58.3301821+03:00","level":"INFO","msg":"search: complete","results":20,"mode":"hybrid","total_ms":359,"trace_id":"37a295744686bd94b59d96091d5c48e5"}
{"time":"2026-05-31T02:46:58.378681+03:00","level":"INFO","msg":"request","method":"GET","path":"/api/v1/search","status":200,"latency_ms":415,"trace_id":"37a295744686bd94b59d96091d5c48e5","remote_addr":"[::1]:54786"}
{"time":"2026-05-31T02:46:58.3857922+03:00","level":"INFO","msg":"auth_event","event":"token_validated","user_id":"753658c7-916a-4b3b-97f3-201d89a0dcd2","trace_id":"0e464726861d10851a809e0ab79bb38d","success":true,"ts":"2026-05-30T23:46:58Z"}
{"time":"2026-05-31T02:46:59.1696701+03:00","level":"INFO","msg":"proxy: upstream response","upstream":"http://localhost:5003","path":"/ai/deep-search","status":500,"trace_id":"0e464726861d10851a809e0ab79bb38d"}
{"time":"2026-05-31T02:46:59.1829053+03:00","level":"INFO","msg":"request","method":"POST","path":"/api/v1/ai/deep-search","status":500,"latency_ms":797,"trace_id":"0e464726861d10851a809e0ab79bb38d","remote_addr":"[::1]:56990"}
{"time":"2026-05-31T02:47:01.6049308+03:00","level":"INFO","msg":"reconciliation_worker: running health checks"}
{"time":"2026-05-31T02:47:31.6051607+03:00","level":"INFO","msg":"reconciliation_worker: running health checks"}
{"time":"2026-05-31T02:47:44.5719832+03:00","level":"INFO","msg":"auth_event","event":"token_validated","user_id":"753658c7-916a-4b3b-97f3-201d89a0dcd2","trace_id":"2f4ac06aa2c16ce29193a691146b995a","success":true,"ts":"2026-05-30T23:47:44Z"}
{"time":"2026-05-31T02:47:44.6189338+03:00","level":"INFO","msg":"search: start","query":"want to buy a smartphone with a 1500 dollar budget","limit":20,"trace_id":"2f4ac06aa2c16ce29193a691146b995a"}
{"time":"2026-05-31T02:47:44.6200124+03:00","level":"INFO","msg":"search: embedding done","dims":384,"latency_ms":0,"trace_id":"2f4ac06aa2c16ce29193a691146b995a"}
{"time":"2026-05-31T02:47:44.791635+03:00","level":"INFO","msg":"search: complete","results":20,"mode":"hybrid","total_ms":171,"trace_id":"2f4ac06aa2c16ce29193a691146b995a"}
{"time":"2026-05-31T02:47:44.9021954+03:00","level":"INFO","msg":"request","method":"GET","path":"/api/v1/search","status":200,"latency_ms":330,"trace_id":"2f4ac06aa2c16ce29193a691146b995a","remote_addr":"[::1]:59874"}
{"time":"2026-05-31T02:47:44.9093971+03:00","level":"INFO","msg":"auth_event","event":"token_validated","user_id":"753658c7-916a-4b3b-97f3-201d89a0dcd2","trace_id":"3125b78a5b5bb6f4138fe248c09e6237","success":true,"ts":"2026-05-30T23:47:44Z"}
{"time":"2026-05-31T02:47:49.6775879+03:00","level":"INFO","msg":"proxy: upstream response","upstream":"http://localhost:5003","path":"/ai/fast-search","status":200,"trace_id":"3125b78a5b5bb6f4138fe248c09e6237"}
{"time":"2026-05-31T02:47:49.6780952+03:00","level":"WARN","msg":"slow request","path":"/api/v1/ai/fast-search","latency_ms":4767,"trace_id":"3125b78a5b5bb6f4138fe248c09e6237"}
{"time":"2026-05-31T02:47:49.6780952+03:00","level":"INFO","msg":"request","method":"POST","path":"/api/v1/ai/fast-search","status":200,"latency_ms":4768,"trace_id":"3125b78a5b5bb6f4138fe248c09e6237","remote_addr":"[::1]:59056"}
{"time":"2026-05-31T02:48:01.6052518+03:00","level":"INFO","msg":"reconciliation_worker: running health checks"}
{"time":"2026-05-31T02:48:31.6052431+03:00","level":"INFO","msg":"reconciliation_worker: running health checks"}
{"time":"2026-05-31T02:49:01.6050854+03:00","level":"INFO","msg":"reconciliation_worker: running health checks"}
{"time":"2026-05-31T02:49:31.6054669+03:00","level":"INFO","msg":"reconciliation_worker: running health checks"}
{"time":"2026-05-31T02:50:01.605211+03:00","level":"INFO","msg":"reconciliation_worker: running health checks"}
{"time":"2026-05-31T02:50:31.6048156+03:00","level":"INFO","msg":"reconciliation_worker: running health checks"}
{"time":"2026-05-31T02:51:01.6050037+03:00","level":"INFO","msg":"reconciliation_worker: running health checks"}
{"time":"2026-05-31T02:51:31.6052649+03:00","level":"INFO","msg":"reconciliation_worker: running health checks"}
{"time":"2026-05-31T02:52:01.6050959+03:00","level":"INFO","msg":"reconciliation_worker: running health checks"}
{"time":"2026-05-31T02:52:28.9467019+03:00","level":"INFO","msg":"auth_event","event":"token_validated","user_id":"753658c7-916a-4b3b-97f3-201d89a0dcd2","trace_id":"bc74af2d54ce6c0ae848746b7d7e07d7","success":true,"ts":"2026-05-30T23:52:28Z"}
{"time":"2026-05-31T02:52:28.9685807+03:00","level":"INFO","msg":"proxy: upstream response","upstream":"http://localhost:5003","path":"/ai/deep-search/quota","status":200,"trace_id":"bc74af2d54ce6c0ae848746b7d7e07d7"}
{"time":"2026-05-31T02:52:28.9690898+03:00","level":"INFO","msg":"request","method":"GET","path":"/api/v1/ai/deep-search/quota","status":200,"latency_ms":22,"trace_id":"bc74af2d54ce6c0ae848746b7d7e07d7","remote_addr":"[::1]:58048"}
{"time":"2026-05-31T02:52:31.6049573+03:00","level":"INFO","msg":"reconciliation_worker: running health checks"}
{"time":"2026-05-31T02:53:01.60552+03:00","level":"INFO","msg":"reconciliation_worker: running health checks"}
{"time":"2026-05-31T02:53:31.6110835+03:00","level":"INFO","msg":"reconciliation_worker: running health checks"}
{"time":"2026-05-31T02:54:01.6049437+03:00","level":"INFO","msg":"reconciliation_worker: running health checks"}
{"time":"2026-05-31T02:54:29.62287+03:00","level":"INFO","msg":"auth_event","event":"missing_token","user_id":"","trace_id":"dc7d8976d766c8524e76ead66669ce74","success":false,"ts":"2026-05-30T23:54:29Z"}
{"time":"2026-05-31T02:54:29.6233786+03:00","level":"INFO","msg":"request","method":"GET","path":"/api/v1/ai/deep-search/quota","status":401,"latency_ms":0,"trace_id":"dc7d8976d766c8524e76ead66669ce74","remote_addr":"[::1]:51504"}
{"time":"2026-05-31T02:54:30.2731942+03:00","level":"INFO","msg":"proxy: upstream response","upstream":"http://localhost:5000","path":"/api/auth/refresh","status":200,"trace_id":"63fde9e64a915822191eae9014a595ec"}
{"time":"2026-05-31T02:54:30.2731942+03:00","level":"INFO","msg":"request","method":"POST","path":"/api/v1/auth/refresh","status":200,"latency_ms":620,"trace_id":"63fde9e64a915822191eae9014a595ec","remote_addr":"[::1]:51505"}
{"time":"2026-05-31T02:54:30.282484+03:00","level":"INFO","msg":"auth_event","event":"token_validated","user_id":"753658c7-916a-4b3b-97f3-201d89a0dcd2","trace_id":"dfb0d403d4ff1ed49652b2db606a285d","success":true,"ts":"2026-05-30T23:54:30Z"}
{"time":"2026-05-31T02:54:30.2869579+03:00","level":"INFO","msg":"proxy: upstream response","upstream":"http://localhost:5003","path":"/ai/deep-search/quota","status":200,"trace_id":"dfb0d403d4ff1ed49652b2db606a285d"}
{"time":"2026-05-31T02:54:30.2874692+03:00","level":"INFO","msg":"request","method":"GET","path":"/api/v1/ai/deep-search/quota","status":200,"latency_ms":4,"trace_id":"dfb0d403d4ff1ed49652b2db606a285d","remote_addr":"[::1]:54282"}
{"time":"2026-05-31T02:54:31.6050739+03:00","level":"INFO","msg":"reconciliation_worker: running health checks"}
{"time":"2026-05-31T02:54:45.1633355+03:00","level":"INFO","msg":"auth_event","event":"token_validated","user_id":"753658c7-916a-4b3b-97f3-201d89a0dcd2","trace_id":"205e83a970d9de20cd67a59df4b6d390","success":true,"ts":"2026-05-30T23:54:45Z"}
{"time":"2026-05-31T02:54:45.1638458+03:00","level":"INFO","msg":"search: start","query":"I wanna buy a smart phone with a 1000 dollar budget","limit":20,"trace_id":"205e83a970d9de20cd67a59df4b6d390"}
{"time":"2026-05-31T02:54:45.190555+03:00","level":"INFO","msg":"search: embedding done","dims":384,"latency_ms":26,"trace_id":"205e83a970d9de20cd67a59df4b6d390"}
{"time":"2026-05-31T02:54:45.2817702+03:00","level":"INFO","msg":"search: complete","results":20,"mode":"hybrid","total_ms":117,"trace_id":"205e83a970d9de20cd67a59df4b6d390"}
{"time":"2026-05-31T02:54:45.282279+03:00","level":"INFO","msg":"request","method":"GET","path":"/api/v1/search","status":200,"latency_ms":118,"trace_id":"205e83a970d9de20cd67a59df4b6d390","remote_addr":"[::1]:61057"}
{"time":"2026-05-31T02:54:45.2894967+03:00","level":"INFO","msg":"auth_event","event":"token_validated","user_id":"753658c7-916a-4b3b-97f3-201d89a0dcd2","trace_id":"df6ba8d13014b05a65cb0b7d49241fba","success":true,"ts":"2026-05-30T23:54:45Z"}
{"time":"2026-05-31T02:54:45.2947656+03:00","level":"INFO","msg":"proxy: upstream response","upstream":"http://localhost:5003","path":"/ai/deep-search","status":200,"trace_id":"df6ba8d13014b05a65cb0b7d49241fba"}
{"time":"2026-05-31T02:54:45.2955668+03:00","level":"INFO","msg":"request","method":"POST","path":"/api/v1/ai/deep-search","status":200,"latency_ms":6,"trace_id":"df6ba8d13014b05a65cb0b7d49241fba","remote_addr":"[::1]:61557"}
{"time":"2026-05-31T02:54:45.3028659+03:00","level":"INFO","msg":"auth_event","event":"token_validated","user_id":"753658c7-916a-4b3b-97f3-201d89a0dcd2","trace_id":"0800ec583634475ea8de4f1d47f28389","success":true,"ts":"2026-05-30T23:54:45Z"}
{"time":"2026-05-31T02:54:45.3046263+03:00","level":"INFO","msg":"proxy: upstream response","upstream":"http://localhost:5003","path":"/ai/deep-search/quota","status":200,"trace_id":"0800ec583634475ea8de4f1d47f28389"}
{"time":"2026-05-31T02:54:45.3046263+03:00","level":"INFO","msg":"request","method":"GET","path":"/api/v1/ai/deep-search/quota","status":200,"latency_ms":1,"trace_id":"0800ec583634475ea8de4f1d47f28389","remote_addr":"[::1]:60403"}
{"time":"2026-05-31T02:55:01.6051397+03:00","level":"INFO","msg":"reconciliation_worker: running health checks"}
{"time":"2026-05-31T02:55:23.5868658+03:00","level":"INFO","msg":"auth_event","event":"token_validated","user_id":"753658c7-916a-4b3b-97f3-201d89a0dcd2","trace_id":"f6df40b5b6af0cc3bf9fbee6dddd7920","success":true,"ts":"2026-05-30T23:55:23Z"}
{"time":"2026-05-31T02:55:23.5875688+03:00","level":"INFO","msg":"search: start","query":"Best laptop under $1000","limit":20,"trace_id":"f6df40b5b6af0cc3bf9fbee6dddd7920"}
{"time":"2026-05-31T02:55:23.5888058+03:00","level":"INFO","msg":"search: embedding done","dims":384,"latency_ms":1,"trace_id":"f6df40b5b6af0cc3bf9fbee6dddd7920"}
{"time":"2026-05-31T02:55:23.6828439+03:00","level":"INFO","msg":"search: complete","results":20,"mode":"hybrid","total_ms":95,"trace_id":"f6df40b5b6af0cc3bf9fbee6dddd7920"}
{"time":"2026-05-31T02:55:23.6833534+03:00","level":"INFO","msg":"request","method":"GET","path":"/api/v1/search","status":200,"latency_ms":96,"trace_id":"f6df40b5b6af0cc3bf9fbee6dddd7920","remote_addr":"[::1]:62544"}
{"time":"2026-05-31T02:55:23.6903394+03:00","level":"INFO","msg":"auth_event","event":"token_validated","user_id":"753658c7-916a-4b3b-97f3-201d89a0dcd2","trace_id":"8bc1db4b130f23f9a17c2364fa88787a","success":true,"ts":"2026-05-30T23:55:23Z"}
{"time":"2026-05-31T02:55:23.7089037+03:00","level":"INFO","msg":"proxy: upstream response","upstream":"http://localhost:5003","path":"/ai/deep-search","status":200,"trace_id":"8bc1db4b130f23f9a17c2364fa88787a"}
{"time":"2026-05-31T02:55:23.7094114+03:00","level":"INFO","msg":"request","method":"POST","path":"/api/v1/ai/deep-search","status":200,"latency_ms":19,"trace_id":"8bc1db4b130f23f9a17c2364fa88787a","remote_addr":"[::1]:52771"}
{"time":"2026-05-31T02:55:23.7164876+03:00","level":"INFO","msg":"auth_event","event":"token_validated","user_id":"753658c7-916a-4b3b-97f3-201d89a0dcd2","trace_id":"890513df8c991865967f67ffd35c5066","success":true,"ts":"2026-05-30T23:55:23Z"}
{"time":"2026-05-31T02:55:23.718491+03:00","level":"INFO","msg":"proxy: upstream response","upstream":"http://localhost:5003","path":"/ai/deep-search/quota","status":200,"trace_id":"890513df8c991865967f67ffd35c5066"}
{"time":"2026-05-31T02:55:23.718491+03:00","level":"INFO","msg":"request","method":"GET","path":"/api/v1/ai/deep-search/quota","status":200,"latency_ms":2,"trace_id":"890513df8c991865967f67ffd35c5066","remote_addr":"[::1]:60086"}
{"time":"2026-05-31T02:55:29.2948669+03:00","level":"INFO","msg":"auth_event","event":"token_validated","user_id":"753658c7-916a-4b3b-97f3-201d89a0dcd2","trace_id":"76e39d49aef89573c683623688264841","success":true,"ts":"2026-05-30T23:55:29Z"}
{"time":"2026-05-31T02:55:29.3533582+03:00","level":"INFO","msg":"auth_event","event":"token_validated","user_id":"753658c7-916a-4b3b-97f3-201d89a0dcd2","trace_id":"fcf32a410adbe24ad0ff94a5df8b71d5","success":true,"ts":"2026-05-30T23:55:29Z"}
{"time":"2026-05-31T02:55:29.3602116+03:00","level":"INFO","msg":"proxy: upstream response","upstream":"http://localhost:5003","path":"/seller-report/MyPal Verified","status":200,"trace_id":"fcf32a410adbe24ad0ff94a5df8b71d5"}
{"time":"2026-05-31T02:55:29.3602116+03:00","level":"INFO","msg":"request","method":"GET","path":"/api/v1/seller-report/MyPal Verified","status":200,"latency_ms":6,"trace_id":"fcf32a410adbe24ad0ff94a5df8b71d5","remote_addr":"[::1]:60938"}
{"time":"2026-05-31T02:55:29.3836603+03:00","level":"INFO","msg":"proxy: upstream response","upstream":"http://localhost:5000","path":"/api/products/1265497a-73a5-4155-aab4-5366874a91ea","status":200,"trace_id":"76e39d49aef89573c683623688264841"}
{"time":"2026-05-31T02:55:29.3851652+03:00","level":"INFO","msg":"request","method":"GET","path":"/api/v1/products/1265497a-73a5-4155-aab4-5366874a91ea","status":200,"latency_ms":90,"trace_id":"76e39d49aef89573c683623688264841","remote_addr":"[::1]:61698"}
{"time":"2026-05-31T02:55:29.4117023+03:00","level":"INFO","msg":"auth_event","event":"token_validated","user_id":"753658c7-916a-4b3b-97f3-201d89a0dcd2","trace_id":"99cdb11e6af3a38b0e019a5963a797fd","success":true,"ts":"2026-05-30T23:55:29Z"}
{"time":"2026-05-31T02:55:29.4137587+03:00","level":"INFO","msg":"proxy: upstream response","upstream":"http://localhost:5003","path":"/seller-report/MyPal","status":200,"trace_id":"99cdb11e6af3a38b0e019a5963a797fd"}
{"time":"2026-05-31T02:55:29.4137587+03:00","level":"INFO","msg":"request","method":"GET","path":"/api/v1/seller-report/MyPal","status":200,"latency_ms":2,"trace_id":"99cdb11e6af3a38b0e019a5963a797fd","remote_addr":"[::1]:63758"}
{"time":"2026-05-31T02:55:31.6048068+03:00","level":"INFO","msg":"reconciliation_worker: running health checks"}
{"time":"2026-05-31T02:56:01.604971+03:00","level":"INFO","msg":"reconciliation_worker: running health checks"}
{"time":"2026-05-31T02:56:31.6049487+03:00","level":"INFO","msg":"reconciliation_worker: running health checks"}
{"time":"2026-05-31T02:57:01.6052385+03:00","level":"INFO","msg":"reconciliation_worker: running health checks"}
{"time":"2026-05-31T02:57:31.6051403+03:00","level":"INFO","msg":"reconciliation_worker: running health checks"}
{"time":"2026-05-31T02:58:01.6048631+03:00","level":"INFO","msg":"reconciliation_worker: running health checks"}
{"time":"2026-05-31T02:58:17.5565833+03:00","level":"INFO","msg":"auth_event","event":"missing_token","user_id":"","trace_id":"61f1c8d5adec730887784b49cfc1135a","success":false,"ts":"2026-05-30T23:58:17Z"}
{"time":"2026-05-31T02:58:17.5573116+03:00","level":"INFO","msg":"request","method":"GET","path":"/api/v1/ai/deep-search/quota","status":401,"latency_ms":0,"trace_id":"61f1c8d5adec730887784b49cfc1135a","remote_addr":"[::1]:53521"}
{"time":"2026-05-31T02:58:17.7199959+03:00","level":"INFO","msg":"proxy: upstream response","upstream":"http://localhost:5000","path":"/api/auth/refresh","status":200,"trace_id":"068b6630ff960a977d7c1c6931a7d5d7"}
{"time":"2026-05-31T02:58:17.7205039+03:00","level":"INFO","msg":"request","method":"POST","path":"/api/v1/auth/refresh","status":200,"latency_ms":115,"trace_id":"068b6630ff960a977d7c1c6931a7d5d7","remote_addr":"[::1]:53522"}
{"time":"2026-05-31T02:58:17.8251102+03:00","level":"INFO","msg":"auth_event","event":"token_validated","user_id":"753658c7-916a-4b3b-97f3-201d89a0dcd2","trace_id":"9b8a50e11ca3500b24763479f4ba549f","success":true,"ts":"2026-05-30T23:58:17Z"}
{"time":"2026-05-31T02:58:18.482058+03:00","level":"INFO","msg":"proxy: upstream response","upstream":"http://localhost:5003","path":"/ai/deep-search/quota","status":200,"trace_id":"9b8a50e11ca3500b24763479f4ba549f"}
{"time":"2026-05-31T02:58:18.4825662+03:00","level":"INFO","msg":"request","method":"GET","path":"/api/v1/ai/deep-search/quota","status":200,"latency_ms":657,"trace_id":"9b8a50e11ca3500b24763479f4ba549f","remote_addr":"[::1]:53524"}
{"time":"2026-05-31T02:58:30.447466+03:00","level":"INFO","msg":"auth_event","event":"token_validated","user_id":"753658c7-916a-4b3b-97f3-201d89a0dcd2","trace_id":"6a54e9e35d2ed8cb99a08f6b7ccc3e6b","success":true,"ts":"2026-05-30T23:58:30Z"}
{"time":"2026-05-31T02:58:30.4479741+03:00","level":"INFO","msg":"search: start","query":"I need to buy a smartphone with a 1000 dollar budget","limit":20,"trace_id":"6a54e9e35d2ed8cb99a08f6b7ccc3e6b"}
{"time":"2026-05-31T02:58:30.4650174+03:00","level":"INFO","msg":"search: embedding done","dims":384,"latency_ms":17,"trace_id":"6a54e9e35d2ed8cb99a08f6b7ccc3e6b"}
{"time":"2026-05-31T02:58:30.5485644+03:00","level":"INFO","msg":"search: complete","results":20,"mode":"hybrid","total_ms":100,"trace_id":"6a54e9e35d2ed8cb99a08f6b7ccc3e6b"}
{"time":"2026-05-31T02:58:30.5491041+03:00","level":"INFO","msg":"request","method":"GET","path":"/api/v1/search","status":200,"latency_ms":101,"trace_id":"6a54e9e35d2ed8cb99a08f6b7ccc3e6b","remote_addr":"[::1]:50118"}
{"time":"2026-05-31T02:58:30.5556533+03:00","level":"INFO","msg":"auth_event","event":"token_validated","user_id":"753658c7-916a-4b3b-97f3-201d89a0dcd2","trace_id":"bedd175b415d5cff002398b6bdee919f","success":true,"ts":"2026-05-30T23:58:30Z"}
{"time":"2026-05-31T02:58:31.605118+03:00","level":"INFO","msg":"reconciliation_worker: running health checks"}
{"time":"2026-05-31T02:58:35.0699712+03:00","level":"INFO","msg":"proxy: upstream response","upstream":"http://localhost:5003","path":"/ai/fast-search","status":200,"trace_id":"bedd175b415d5cff002398b6bdee919f"}
{"time":"2026-05-31T02:58:35.0797195+03:00","level":"WARN","msg":"slow request","path":"/api/v1/ai/fast-search","latency_ms":4523,"trace_id":"bedd175b415d5cff002398b6bdee919f"}
{"time":"2026-05-31T02:58:35.0801657+03:00","level":"INFO","msg":"request","method":"POST","path":"/api/v1/ai/fast-search","status":200,"latency_ms":4524,"trace_id":"bedd175b415d5cff002398b6bdee919f","remote_addr":"[::1]:60596"}
{"time":"2026-05-31T02:59:01.6049121+03:00","level":"INFO","msg":"reconciliation_worker: running health checks"}
{"time":"2026-05-31T02:59:28.4709211+03:00","level":"INFO","msg":"auth_event","event":"token_validated","user_id":"753658c7-916a-4b3b-97f3-201d89a0dcd2","trace_id":"4e1af4dad2df00b311267a96e4fa18c9","success":true,"ts":"2026-05-30T23:59:28Z"}
{"time":"2026-05-31T02:59:28.4714325+03:00","level":"INFO","msg":"search: start","query":"I need to buy a smartphone with a 1000 dollar budget","limit":20,"trace_id":"4e1af4dad2df00b311267a96e4fa18c9"}
{"time":"2026-05-31T02:59:28.4725076+03:00","level":"INFO","msg":"search: embedding done","dims":384,"latency_ms":1,"trace_id":"4e1af4dad2df00b311267a96e4fa18c9"}
{"time":"2026-05-31T02:59:28.6295587+03:00","level":"INFO","msg":"search: complete","results":20,"mode":"hybrid","total_ms":158,"trace_id":"4e1af4dad2df00b311267a96e4fa18c9"}
{"time":"2026-05-31T02:59:28.6302003+03:00","level":"INFO","msg":"request","method":"GET","path":"/api/v1/search","status":200,"latency_ms":159,"trace_id":"4e1af4dad2df00b311267a96e4fa18c9","remote_addr":"[::1]:55983"}
{"time":"2026-05-31T02:59:28.6388509+03:00","level":"INFO","msg":"auth_event","event":"token_validated","user_id":"753658c7-916a-4b3b-97f3-201d89a0dcd2","trace_id":"a66eba6e6136a38e7826440d45359c6a","success":true,"ts":"2026-05-30T23:59:28Z"}
{"time":"2026-05-31T02:59:31.6049761+03:00","level":"INFO","msg":"reconciliation_worker: running health checks"}
{"time":"2026-05-31T03:00:01.6050471+03:00","level":"INFO","msg":"reconciliation_worker: running health checks"}
{"time":"2026-05-31T03:00:28.956692+03:00","level":"ERROR","msg":"failed to encode response","err":"write tcp [::1]:8081->[::1]:56545: i/o timeout"}
{"time":"2026-05-31T03:00:28.956692+03:00","level":"INFO","msg":"proxy: upstream response","upstream":"http://localhost:5003","path":"/ai/deep-search","status":200,"trace_id":"a66eba6e6136a38e7826440d45359c6a"}
{"time":"2026-05-31T03:00:28.9572384+03:00","level":"WARN","msg":"slow request","path":"/api/v1/ai/deep-search","latency_ms":60317,"trace_id":"a66eba6e6136a38e7826440d45359c6a"}
{"time":"2026-05-31T03:00:28.9572384+03:00","level":"INFO","msg":"request","method":"POST","path":"/api/v1/ai/deep-search","status":200,"latency_ms":60318,"trace_id":"a66eba6e6136a38e7826440d45359c6a","remote_addr":"[::1]:56545"}
{"time":"2026-05-31T03:00:31.6050327+03:00","level":"INFO","msg":"reconciliation_worker: running health checks"}
{"time":"2026-05-31T03:01:01.6051902+03:00","level":"INFO","msg":"reconciliation_worker: running health checks"}
{"time":"2026-05-31T03:01:31.6049745+03:00","level":"INFO","msg":"reconciliation_worker: running health checks"}
{"time":"2026-05-31T03:02:01.6050476+03:00","level":"INFO","msg":"reconciliation_worker: running health checks"}
{"time":"2026-05-31T03:02:09.1588244+03:00","level":"INFO","msg":"auth_event","event":"token_validated","user_id":"753658c7-916a-4b3b-97f3-201d89a0dcd2","trace_id":"0ecc94c8f8ce6cb280c19d252f76dae9","success":true,"ts":"2026-05-31T00:02:09Z"}
{"time":"2026-05-31T03:02:09.1684872+03:00","level":"INFO","msg":"search: start","query":"I need to buy a smartphone with a 1000 dollar budget","limit":20,"trace_id":"0ecc94c8f8ce6cb280c19d252f76dae9"}
{"time":"2026-05-31T03:02:09.1868694+03:00","level":"INFO","msg":"search: embedding done","dims":384,"latency_ms":17,"trace_id":"0ecc94c8f8ce6cb280c19d252f76dae9"}
{"time":"2026-05-31T03:02:09.3636809+03:00","level":"INFO","msg":"search: complete","results":20,"mode":"hybrid","total_ms":194,"trace_id":"0ecc94c8f8ce6cb280c19d252f76dae9"}
{"time":"2026-05-31T03:02:09.3641873+03:00","level":"INFO","msg":"request","method":"GET","path":"/api/v1/search","status":200,"latency_ms":205,"trace_id":"0ecc94c8f8ce6cb280c19d252f76dae9","remote_addr":"[::1]:63596"}
{"time":"2026-05-31T03:02:09.3719334+03:00","level":"INFO","msg":"auth_event","event":"token_validated","user_id":"753658c7-916a-4b3b-97f3-201d89a0dcd2","trace_id":"db70d544d10116198b00e555471c19c5","success":true,"ts":"2026-05-31T00:02:09Z"}
{"time":"2026-05-31T03:02:31.6053309+03:00","level":"INFO","msg":"reconciliation_worker: running health checks"}
{"time":"2026-05-31T03:03:01.6050234+03:00","level":"INFO","msg":"reconciliation_worker: running health checks"}
{"time":"2026-05-31T03:03:11.2002297+03:00","level":"ERROR","msg":"failed to encode response","err":"write tcp [::1]:8081->[::1]:50063: i/o timeout"}
{"time":"2026-05-31T03:03:11.200766+03:00","level":"INFO","msg":"proxy: upstream response","upstream":"http://localhost:5003","path":"/ai/deep-search","status":200,"trace_id":"db70d544d10116198b00e555471c19c5"}
{"time":"2026-05-31T03:03:11.200766+03:00","level":"WARN","msg":"slow request","path":"/api/v1/ai/deep-search","latency_ms":61828,"trace_id":"db70d544d10116198b00e555471c19c5"}
{"time":"2026-05-31T03:03:11.2012972+03:00","level":"INFO","msg":"request","method":"POST","path":"/api/v1/ai/deep-search","status":200,"latency_ms":61829,"trace_id":"db70d544d10116198b00e555471c19c5","remote_addr":"[::1]:50063"}
{"time":"2026-05-31T03:03:24.4744244+03:00","level":"INFO","msg":"auth_event","event":"missing_token","user_id":"","trace_id":"945be037ee2cf94c7ada0adbc5f8a74e","success":false,"ts":"2026-05-31T00:03:24Z"}
{"time":"2026-05-31T03:03:24.4749385+03:00","level":"INFO","msg":"request","method":"GET","path":"/api/v1/ai/deep-search/quota","status":401,"latency_ms":0,"trace_id":"945be037ee2cf94c7ada0adbc5f8a74e","remote_addr":"[::1]:54842"}
{"time":"2026-05-31T03:03:25.1273773+03:00","level":"INFO","msg":"proxy: upstream response","upstream":"http://localhost:5000","path":"/api/auth/refresh","status":200,"trace_id":"9e95fbc79da5eaeee6c908199f6adcd0"}
{"time":"2026-05-31T03:03:25.1289037+03:00","level":"INFO","msg":"request","method":"POST","path":"/api/v1/auth/refresh","status":200,"latency_ms":632,"trace_id":"9e95fbc79da5eaeee6c908199f6adcd0","remote_addr":"[::1]:54843"}
{"time":"2026-05-31T03:03:25.1370669+03:00","level":"INFO","msg":"auth_event","event":"token_validated","user_id":"753658c7-916a-4b3b-97f3-201d89a0dcd2","trace_id":"8fbbd205efe44ab16c857d289466809a","success":true,"ts":"2026-05-31T00:03:25Z"}
{"time":"2026-05-31T03:03:25.6764538+03:00","level":"INFO","msg":"proxy: upstream response","upstream":"http://localhost:5003","path":"/ai/deep-search/quota","status":200,"trace_id":"8fbbd205efe44ab16c857d289466809a"}
{"time":"2026-05-31T03:03:25.6774645+03:00","level":"INFO","msg":"request","method":"GET","path":"/api/v1/ai/deep-search/quota","status":200,"latency_ms":540,"trace_id":"8fbbd205efe44ab16c857d289466809a","remote_addr":"[::1]:54846"}
{"time":"2026-05-31T03:03:31.6048994+03:00","level":"INFO","msg":"reconciliation_worker: running health checks"}
{"time":"2026-05-31T03:04:01.6049565+03:00","level":"INFO","msg":"reconciliation_worker: running health checks"}
{"time":"2026-05-31T03:04:31.6049551+03:00","level":"INFO","msg":"reconciliation_worker: running health checks"}
{"time":"2026-05-31T03:05:01.6052202+03:00","level":"INFO","msg":"reconciliation_worker: running health checks"}
{"time":"2026-05-31T03:05:31.6049838+03:00","level":"INFO","msg":"reconciliation_worker: running health checks"}
{"time":"2026-05-31T03:06:01.605148+03:00","level":"INFO","msg":"reconciliation_worker: running health checks"}
{"time":"2026-05-31T03:06:31.6050884+03:00","level":"INFO","msg":"reconciliation_worker: running health checks"}
{"time":"2026-05-31T03:06:50.8412166+03:00","level":"INFO","msg":"auth_event","event":"token_validated","user_id":"753658c7-916a-4b3b-97f3-201d89a0dcd2","trace_id":"dec502a098f355f6f038becc582f9780","success":true,"ts":"2026-05-31T00:06:50Z"}
{"time":"2026-05-31T03:06:50.8503944+03:00","level":"INFO","msg":"search: start","query":"I need to buy a smartphone with a 1000 dollar budget","limit":20,"trace_id":"dec502a098f355f6f038becc582f9780"}
{"time":"2026-05-31T03:06:50.8736386+03:00","level":"INFO","msg":"search: embedding done","dims":384,"latency_ms":22,"trace_id":"dec502a098f355f6f038becc582f9780"}
{"time":"2026-05-31T03:06:50.961639+03:00","level":"INFO","msg":"search: complete","results":20,"mode":"hybrid","total_ms":110,"trace_id":"dec502a098f355f6f038becc582f9780"}
{"time":"2026-05-31T03:06:50.9621467+03:00","level":"INFO","msg":"request","method":"GET","path":"/api/v1/search","status":200,"latency_ms":120,"trace_id":"dec502a098f355f6f038becc582f9780","remote_addr":"[::1]:55442"}
{"time":"2026-05-31T03:06:50.9694234+03:00","level":"INFO","msg":"auth_event","event":"token_validated","user_id":"753658c7-916a-4b3b-97f3-201d89a0dcd2","trace_id":"8b9df958748eca8757e0e590d2ec84b0","success":true,"ts":"2026-05-31T00:06:50Z"}
{"time":"2026-05-31T03:07:01.605073+03:00","level":"INFO","msg":"reconciliation_worker: running health checks"}
{"time":"2026-05-31T03:07:17.3035946+03:00","level":"WARN","msg":"proxy: upstream unavailable","upstream":"http://localhost:5003","err":"Post \"http://localhost:5003/ai/deep-search\": read tcp [::1]:63083->[::1]:5003: wsarecv: An existing connection was forcibly closed by the remote host.","trace_id":"8b9df958748eca8757e0e590d2ec84b0"}
{"time":"2026-05-31T03:07:17.3068517+03:00","level":"WARN","msg":"slow request","path":"/api/v1/ai/deep-search","latency_ms":26336,"trace_id":"8b9df958748eca8757e0e590d2ec84b0"}
{"time":"2026-05-31T03:07:17.3073858+03:00","level":"INFO","msg":"request","method":"POST","path":"/api/v1/ai/deep-search","status":503,"latency_ms":26337,"trace_id":"8b9df958748eca8757e0e590d2ec84b0","remote_addr":"[::1]:63082"}
{"time":"2026-05-31T03:07:31.6051332+03:00","level":"INFO","msg":"reconciliation_worker: running health checks"}
{"time":"2026-05-31T03:08:01.6053177+03:00","level":"INFO","msg":"reconciliation_worker: running health checks"}
{"time":"2026-05-31T03:08:31.6048622+03:00","level":"INFO","msg":"reconciliation_worker: running health checks"}
{"time":"2026-05-31T03:09:01.6049131+03:00","level":"INFO","msg":"reconciliation_worker: running health checks"}
{"time":"2026-05-31T03:09:31.6050896+03:00","level":"INFO","msg":"reconciliation_worker: running health checks"}
{"time":"2026-05-31T03:10:01.6048357+03:00","level":"INFO","msg":"reconciliation_worker: running health checks"}
{"time":"2026-05-31T03:10:31.6047666+03:00","level":"INFO","msg":"reconciliation_worker: running health checks"}
{"time":"2026-05-31T03:10:59.589394+03:00","level":"INFO","msg":"proxy: upstream response","upstream":"http://localhost:5000","path":"/api/auth/login","status":200,"trace_id":"1f55292c88c393fb766bff53b2d84e04"}
{"time":"2026-05-31T03:10:59.5980225+03:00","level":"INFO","msg":"request","method":"POST","path":"/api/v1/auth/login","status":200,"latency_ms":731,"trace_id":"1f55292c88c393fb766bff53b2d84e04","remote_addr":"[::1]:61903"}
{"time":"2026-05-31T03:11:01.6051728+03:00","level":"INFO","msg":"reconciliation_worker: running health checks"}
{"time":"2026-05-31T03:11:31.6048376+03:00","level":"INFO","msg":"reconciliation_worker: running health checks"}
{"time":"2026-05-31T03:12:01.6050691+03:00","level":"INFO","msg":"reconciliation_worker: running health checks"}
{"time":"2026-05-31T03:12:31.6048705+03:00","level":"INFO","msg":"reconciliation_worker: running health checks"}
{"time":"2026-05-31T03:13:01.6053127+03:00","level":"INFO","msg":"reconciliation_worker: running health checks"}
{"time":"2026-05-31T03:13:31.6049205+03:00","level":"INFO","msg":"reconciliation_worker: running health checks"}
{"time":"2026-05-31T03:14:01.6052595+03:00","level":"INFO","msg":"reconciliation_worker: running health checks"}
{"time":"2026-05-31T03:14:31.6049165+03:00","level":"INFO","msg":"reconciliation_worker: running health checks"}
{"time":"2026-05-31T03:15:01.6053903+03:00","level":"INFO","msg":"reconciliation_worker: running health checks"}
{"time":"2026-05-31T03:15:31.604757+03:00","level":"INFO","msg":"reconciliation_worker: running health checks"}
{"time":"2026-05-31T03:16:01.6051185+03:00","level":"INFO","msg":"reconciliation_worker: running health checks"}
{"time":"2026-05-31T03:16:31.6051068+03:00","level":"INFO","msg":"reconciliation_worker: running health checks"}
{"time":"2026-05-31T03:17:01.6053901+03:00","level":"INFO","msg":"reconciliation_worker: running health checks"}
{"time":"2026-05-31T03:17:31.6048134+03:00","level":"INFO","msg":"reconciliation_worker: running health checks"}
{"time":"2026-05-31T03:18:01.604782+03:00","level":"INFO","msg":"reconciliation_worker: running health checks"}
{"time":"2026-05-31T03:18:31.6048526+03:00","level":"INFO","msg":"reconciliation_worker: running health checks"}
{"time":"2026-05-31T03:19:01.6060815+03:00","level":"INFO","msg":"reconciliation_worker: running health checks"}
{"time":"2026-05-31T03:19:31.6048356+03:00","level":"INFO","msg":"reconciliation_worker: running health checks"}
{"time":"2026-05-31T03:20:01.6047645+03:00","level":"INFO","msg":"reconciliation_worker: running health checks"}
{"time":"2026-05-31T03:20:31.6052324+03:00","level":"INFO","msg":"reconciliation_worker: running health checks"}
{"time":"2026-05-31T03:21:01.6059822+03:00","level":"INFO","msg":"reconciliation_worker: running health checks"}
{"time":"2026-05-31T03:21:31.6051185+03:00","level":"INFO","msg":"reconciliation_worker: running health checks"}
{"time":"2026-05-31T03:21:33.2612525+03:00","level":"INFO","msg":"auth_event","event":"missing_token","user_id":"","trace_id":"f42c702d273fcca05d9f5242c51a0ccb","success":false,"ts":"2026-05-31T00:21:33Z"}
{"time":"2026-05-31T03:21:33.2721627+03:00","level":"INFO","msg":"request","method":"GET","path":"/api/v1/ai/deep-search/quota","status":401,"latency_ms":10,"trace_id":"f42c702d273fcca05d9f5242c51a0ccb","remote_addr":"[::1]:49515"}
{"time":"2026-05-31T03:21:34.0255733+03:00","level":"INFO","msg":"proxy: upstream response","upstream":"http://localhost:5000","path":"/api/auth/refresh","status":200,"trace_id":"7fb17796eae27ebaa87fdbe9478df326"}
{"time":"2026-05-31T03:21:34.0255733+03:00","level":"INFO","msg":"request","method":"POST","path":"/api/v1/auth/refresh","status":200,"latency_ms":725,"trace_id":"7fb17796eae27ebaa87fdbe9478df326","remote_addr":"[::1]:49516"}
{"time":"2026-05-31T03:21:34.0346871+03:00","level":"INFO","msg":"auth_event","event":"token_validated","user_id":"753658c7-916a-4b3b-97f3-201d89a0dcd2","trace_id":"6ffe8998fbc86e92cfdf68bc9b34bb50","success":true,"ts":"2026-05-31T00:21:34Z"}
{"time":"2026-05-31T03:21:34.6030415+03:00","level":"INFO","msg":"proxy: upstream response","upstream":"http://localhost:5003","path":"/ai/deep-search/quota","status":200,"trace_id":"6ffe8998fbc86e92cfdf68bc9b34bb50"}
{"time":"2026-05-31T03:21:34.6056991+03:00","level":"INFO","msg":"request","method":"GET","path":"/api/v1/ai/deep-search/quota","status":200,"latency_ms":571,"trace_id":"6ffe8998fbc86e92cfdf68bc9b34bb50","remote_addr":"[::1]:49247"}
{"time":"2026-05-31T03:21:37.6739203+03:00","level":"INFO","msg":"auth_event","event":"token_validated","user_id":"753658c7-916a-4b3b-97f3-201d89a0dcd2","trace_id":"e3a762cc393233d78ea708eb896f52c4","success":true,"ts":"2026-05-31T00:21:37Z"}
{"time":"2026-05-31T03:21:37.6849968+03:00","level":"INFO","msg":"search: start","query":"I need to buy a smartphone with a 1000 dollar budget","limit":20,"trace_id":"e3a762cc393233d78ea708eb896f52c4"}
{"time":"2026-05-31T03:21:37.6900214+03:00","level":"INFO","msg":"search: embedding done","dims":384,"latency_ms":3,"trace_id":"e3a762cc393233d78ea708eb896f52c4"}
{"time":"2026-05-31T03:21:37.9249021+03:00","level":"INFO","msg":"search: complete","results":20,"mode":"hybrid","total_ms":238,"trace_id":"e3a762cc393233d78ea708eb896f52c4"}
{"time":"2026-05-31T03:21:37.9355126+03:00","level":"INFO","msg":"request","method":"GET","path":"/api/v1/search","status":200,"latency_ms":261,"trace_id":"e3a762cc393233d78ea708eb896f52c4","remote_addr":"[::1]:60924"}
{"time":"2026-05-31T03:21:37.9447292+03:00","level":"INFO","msg":"auth_event","event":"token_validated","user_id":"753658c7-916a-4b3b-97f3-201d89a0dcd2","trace_id":"d4857ad3acdcb7180823d484efc58cf2","success":true,"ts":"2026-05-31T00:21:37Z"}
{"time":"2026-05-31T03:21:38.7789055+03:00","level":"INFO","msg":"proxy: upstream response","upstream":"http://localhost:5003","path":"/ai/deep-search","status":200,"trace_id":"d4857ad3acdcb7180823d484efc58cf2"}
{"time":"2026-05-31T03:21:38.7789055+03:00","level":"INFO","msg":"request","method":"POST","path":"/api/v1/ai/deep-search","status":200,"latency_ms":834,"trace_id":"d4857ad3acdcb7180823d484efc58cf2","remote_addr":"[::1]:60926"}
{"time":"2026-05-31T03:21:38.7865015+03:00","level":"INFO","msg":"auth_event","event":"token_validated","user_id":"753658c7-916a-4b3b-97f3-201d89a0dcd2","trace_id":"92f6e124fc5e8a09e9778f3e33425526","success":true,"ts":"2026-05-31T00:21:38Z"}
{"time":"2026-05-31T03:21:38.8665565+03:00","level":"INFO","msg":"proxy: upstream response","upstream":"http://localhost:5003","path":"/ai/deep-search/quota","status":200,"trace_id":"92f6e124fc5e8a09e9778f3e33425526"}
{"time":"2026-05-31T03:21:38.8665565+03:00","level":"INFO","msg":"request","method":"GET","path":"/api/v1/ai/deep-search/quota","status":200,"latency_ms":80,"trace_id":"92f6e124fc5e8a09e9778f3e33425526","remote_addr":"[::1]:60928"}
{"time":"2026-05-31T03:22:01.6052513+03:00","level":"INFO","msg":"reconciliation_worker: running health checks"}
{"time":"2026-05-31T03:22:16.1895501+03:00","level":"INFO","msg":"auth_event","event":"token_validated","user_id":"753658c7-916a-4b3b-97f3-201d89a0dcd2","trace_id":"bbb1210d919ebbbfb95a0d70c408b010","success":true,"ts":"2026-05-31T00:22:16Z"}
{"time":"2026-05-31T03:22:16.1906243+03:00","level":"INFO","msg":"search: start","query":"I need to buy a smartphone with a 1000 dollar budget","limit":20,"trace_id":"bbb1210d919ebbbfb95a0d70c408b010"}
{"time":"2026-05-31T03:22:16.1921851+03:00","level":"INFO","msg":"search: embedding done","dims":384,"latency_ms":1,"trace_id":"bbb1210d919ebbbfb95a0d70c408b010"}
{"time":"2026-05-31T03:22:16.2769371+03:00","level":"INFO","msg":"search: complete","results":20,"mode":"hybrid","total_ms":86,"trace_id":"bbb1210d919ebbbfb95a0d70c408b010"}
{"time":"2026-05-31T03:22:16.2769371+03:00","level":"INFO","msg":"request","method":"GET","path":"/api/v1/search","status":200,"latency_ms":87,"trace_id":"bbb1210d919ebbbfb95a0d70c408b010","remote_addr":"[::1]:49358"}
{"time":"2026-05-31T03:22:16.2920545+03:00","level":"INFO","msg":"auth_event","event":"token_validated","user_id":"753658c7-916a-4b3b-97f3-201d89a0dcd2","trace_id":"c9d3c389952829dc656cbef5d6fb470c","success":true,"ts":"2026-05-31T00:22:16Z"}
{"time":"2026-05-31T03:22:18.6403394+03:00","level":"INFO","msg":"proxy: upstream response","upstream":"http://localhost:5003","path":"/ai/fast-search","status":200,"trace_id":"c9d3c389952829dc656cbef5d6fb470c"}
{"time":"2026-05-31T03:22:18.6509311+03:00","level":"WARN","msg":"slow request","path":"/api/v1/ai/fast-search","latency_ms":2357,"trace_id":"c9d3c389952829dc656cbef5d6fb470c"}
{"time":"2026-05-31T03:22:18.6515597+03:00","level":"INFO","msg":"request","method":"POST","path":"/api/v1/ai/fast-search","status":200,"latency_ms":2359,"trace_id":"c9d3c389952829dc656cbef5d6fb470c","remote_addr":"[::1]:59807"}
{"time":"2026-05-31T03:22:27.6930129+03:00","level":"INFO","msg":"auth_event","event":"token_validated","user_id":"753658c7-916a-4b3b-97f3-201d89a0dcd2","trace_id":"409d39132dbdfce4a6a7aa11ab9140d1","success":true,"ts":"2026-05-31T00:22:27Z"}
{"time":"2026-05-31T03:22:27.6936871+03:00","level":"INFO","msg":"search: start","query":"I need to buy a smartphone with a 1000 dollar budget","limit":20,"trace_id":"409d39132dbdfce4a6a7aa11ab9140d1"}
{"time":"2026-05-31T03:22:27.6953655+03:00","level":"INFO","msg":"search: embedding done","dims":384,"latency_ms":1,"trace_id":"409d39132dbdfce4a6a7aa11ab9140d1"}
{"time":"2026-05-31T03:22:27.8467581+03:00","level":"INFO","msg":"search: complete","results":20,"mode":"hybrid","total_ms":152,"trace_id":"409d39132dbdfce4a6a7aa11ab9140d1"}
{"time":"2026-05-31T03:22:27.8472852+03:00","level":"INFO","msg":"request","method":"GET","path":"/api/v1/search","status":200,"latency_ms":154,"trace_id":"409d39132dbdfce4a6a7aa11ab9140d1","remote_addr":"[::1]:52098"}
{"time":"2026-05-31T03:22:27.8567086+03:00","level":"INFO","msg":"auth_event","event":"token_validated","user_id":"753658c7-916a-4b3b-97f3-201d89a0dcd2","trace_id":"d1b5d0ce1e24dc383e6bbc357508afca","success":true,"ts":"2026-05-31T00:22:27Z"}
{"time":"2026-05-31T03:22:29.2214863+03:00","level":"INFO","msg":"proxy: upstream response","upstream":"http://localhost:5003","path":"/ai/deep-search","status":200,"trace_id":"d1b5d0ce1e24dc383e6bbc357508afca"}
{"time":"2026-05-31T03:22:29.230894+03:00","level":"INFO","msg":"request","method":"POST","path":"/api/v1/ai/deep-search","status":200,"latency_ms":1374,"trace_id":"d1b5d0ce1e24dc383e6bbc357508afca","remote_addr":"[::1]:55498"}
{"time":"2026-05-31T03:22:29.2390097+03:00","level":"INFO","msg":"auth_event","event":"token_validated","user_id":"753658c7-916a-4b3b-97f3-201d89a0dcd2","trace_id":"d0c167e9acaafddb3689515304f35f24","success":true,"ts":"2026-05-31T00:22:29Z"}
{"time":"2026-05-31T03:22:29.3184674+03:00","level":"INFO","msg":"proxy: upstream response","upstream":"http://localhost:5003","path":"/ai/deep-search/quota","status":200,"trace_id":"d0c167e9acaafddb3689515304f35f24"}
{"time":"2026-05-31T03:22:29.3184674+03:00","level":"INFO","msg":"request","method":"GET","path":"/api/v1/ai/deep-search/quota","status":200,"latency_ms":79,"trace_id":"d0c167e9acaafddb3689515304f35f24","remote_addr":"[::1]:56229"}
{"time":"2026-05-31T03:22:31.6049935+03:00","level":"INFO","msg":"reconciliation_worker: running health checks"}
{"time":"2026-05-31T03:23:01.605675+03:00","level":"INFO","msg":"reconciliation_worker: running health checks"}
{"time":"2026-05-31T03:23:31.6049728+03:00","level":"INFO","msg":"reconciliation_worker: running health checks"}
{"time":"2026-05-31T03:24:01.6048552+03:00","level":"INFO","msg":"reconciliation_worker: running health checks"}
{"time":"2026-05-31T03:24:31.6049019+03:00","level":"INFO","msg":"reconciliation_worker: running health checks"}
{"time":"2026-05-31T03:25:01.6053993+03:00","level":"INFO","msg":"reconciliation_worker: running health checks"}
{"time":"2026-05-31T03:25:31.6063955+03:00","level":"INFO","msg":"reconciliation_worker: running health checks"}
{"time":"2026-05-31T03:26:00.8393933+03:00","level":"INFO","msg":"auth_event","event":"token_validated","user_id":"753658c7-916a-4b3b-97f3-201d89a0dcd2","trace_id":"72135aae776ba50a438676128bf4d370","success":true,"ts":"2026-05-31T00:26:00Z"}
{"time":"2026-05-31T03:26:01.463529+03:00","level":"INFO","msg":"proxy: upstream response","upstream":"http://localhost:5003","path":"/ai/deep-search/quota","status":200,"trace_id":"72135aae776ba50a438676128bf4d370"}
{"time":"2026-05-31T03:26:01.4731033+03:00","level":"INFO","msg":"request","method":"GET","path":"/api/v1/ai/deep-search/quota","status":200,"latency_ms":633,"trace_id":"72135aae776ba50a438676128bf4d370","remote_addr":"[::1]:51970"}
{"time":"2026-05-31T03:26:01.604882+03:00","level":"INFO","msg":"reconciliation_worker: running health checks"}
{"time":"2026-05-31T03:26:31.6049927+03:00","level":"INFO","msg":"reconciliation_worker: running health checks"}
{"time":"2026-05-31T03:26:40.3955276+03:00","level":"INFO","msg":"auth_event","event":"token_validated","user_id":"753658c7-916a-4b3b-97f3-201d89a0dcd2","trace_id":"12fa3646d1c841cf5bd7978bf5157c66","success":true,"ts":"2026-05-31T00:26:40Z"}
{"time":"2026-05-31T03:26:41.0060604+03:00","level":"INFO","msg":"proxy: upstream response","upstream":"http://localhost:5003","path":"/ai/deep-search/quota","status":200,"trace_id":"12fa3646d1c841cf5bd7978bf5157c66"}
{"time":"2026-05-31T03:26:41.0165253+03:00","level":"INFO","msg":"request","method":"GET","path":"/api/v1/ai/deep-search/quota","status":200,"latency_ms":620,"trace_id":"12fa3646d1c841cf5bd7978bf5157c66","remote_addr":"[::1]:63886"}
{"time":"2026-05-31T03:26:54.6831848+03:00","level":"INFO","msg":"auth_event","event":"token_validated","user_id":"753658c7-916a-4b3b-97f3-201d89a0dcd2","trace_id":"e6a04f790cf5ae34415734e442505478","success":true,"ts":"2026-05-31T00:26:54Z"}
{"time":"2026-05-31T03:26:55.3555932+03:00","level":"INFO","msg":"proxy: upstream response","upstream":"http://localhost:5003","path":"/ai/deep-search/quota","status":200,"trace_id":"e6a04f790cf5ae34415734e442505478"}
{"time":"2026-05-31T03:26:55.3566126+03:00","level":"INFO","msg":"request","method":"GET","path":"/api/v1/ai/deep-search/quota","status":200,"latency_ms":673,"trace_id":"e6a04f790cf5ae34415734e442505478","remote_addr":"[::1]:52654"}
{"time":"2026-05-31T03:27:01.6317173+03:00","level":"INFO","msg":"reconciliation_worker: running health checks"}
{"time":"2026-05-31T03:27:31.6050172+03:00","level":"INFO","msg":"reconciliation_worker: running health checks"}
{"time":"2026-05-31T03:28:01.6050775+03:00","level":"INFO","msg":"reconciliation_worker: running health checks"}
{"time":"2026-05-31T03:28:31.6050473+03:00","level":"INFO","msg":"reconciliation_worker: running health checks"}
{"time":"2026-05-31T03:28:41.0839602+03:00","level":"INFO","msg":"auth_event","event":"token_validated","user_id":"753658c7-916a-4b3b-97f3-201d89a0dcd2","trace_id":"fa894af628cd074342f569e4aca22d51","success":true,"ts":"2026-05-31T00:28:41Z"}
{"time":"2026-05-31T03:28:41.7078403+03:00","level":"INFO","msg":"proxy: upstream response","upstream":"http://localhost:5003","path":"/ai/deep-search/quota","status":200,"trace_id":"fa894af628cd074342f569e4aca22d51"}
{"time":"2026-05-31T03:28:41.7193423+03:00","level":"INFO","msg":"request","method":"GET","path":"/api/v1/ai/deep-search/quota","status":200,"latency_ms":635,"trace_id":"fa894af628cd074342f569e4aca22d51","remote_addr":"[::1]:60473"}
{"time":"2026-05-31T03:29:01.6051649+03:00","level":"INFO","msg":"reconciliation_worker: running health checks"}
{"time":"2026-05-31T03:29:12.8871089+03:00","level":"INFO","msg":"auth_event","event":"token_validated","user_id":"753658c7-916a-4b3b-97f3-201d89a0dcd2","trace_id":"19a07fcdfc7f0195f2a230e62e241a88","success":true,"ts":"2026-05-31T00:29:12Z"}
{"time":"2026-05-31T03:29:13.6951577+03:00","level":"INFO","msg":"proxy: upstream response","upstream":"http://localhost:5003","path":"/ai/deep-search/quota","status":200,"trace_id":"19a07fcdfc7f0195f2a230e62e241a88"}
{"time":"2026-05-31T03:29:13.695666+03:00","level":"INFO","msg":"request","method":"GET","path":"/api/v1/ai/deep-search/quota","status":200,"latency_ms":809,"trace_id":"19a07fcdfc7f0195f2a230e62e241a88","remote_addr":"[::1]:55059"}
{"time":"2026-05-31T03:29:31.604874+03:00","level":"INFO","msg":"reconciliation_worker: running health checks"}
{"time":"2026-05-31T03:30:01.6052358+03:00","level":"INFO","msg":"reconciliation_worker: running health checks"}
{"time":"2026-05-31T03:30:12.7181728+03:00","level":"INFO","msg":"auth_event","event":"missing_token","user_id":"","trace_id":"3403db651601b9c2050e95a6733aa766","success":false,"ts":"2026-05-31T00:30:12Z"}
{"time":"2026-05-31T03:30:12.7195419+03:00","level":"INFO","msg":"request","method":"GET","path":"/api/v1/ai/deep-search/quota","status":401,"latency_ms":1,"trace_id":"3403db651601b9c2050e95a6733aa766","remote_addr":"[::1]:55640"}
{"time":"2026-05-31T03:30:13.4228804+03:00","level":"INFO","msg":"proxy: upstream response","upstream":"http://localhost:5000","path":"/api/auth/refresh","status":200,"trace_id":"3f8a33d6904164fbc707a80ab944b327"}
{"time":"2026-05-31T03:30:13.4228804+03:00","level":"INFO","msg":"request","method":"POST","path":"/api/v1/auth/refresh","status":200,"latency_ms":660,"trace_id":"3f8a33d6904164fbc707a80ab944b327","remote_addr":"[::1]:55641"}
{"time":"2026-05-31T03:30:13.4326508+03:00","level":"INFO","msg":"auth_event","event":"token_validated","user_id":"753658c7-916a-4b3b-97f3-201d89a0dcd2","trace_id":"574eacdbffd0e5a486aa790f3ce5294e","success":true,"ts":"2026-05-31T00:30:13Z"}
{"time":"2026-05-31T03:30:13.9905928+03:00","level":"INFO","msg":"proxy: upstream response","upstream":"http://localhost:5003","path":"/ai/deep-search/quota","status":200,"trace_id":"574eacdbffd0e5a486aa790f3ce5294e"}
{"time":"2026-05-31T03:30:13.9911012+03:00","level":"INFO","msg":"request","method":"GET","path":"/api/v1/ai/deep-search/quota","status":200,"latency_ms":558,"trace_id":"574eacdbffd0e5a486aa790f3ce5294e","remote_addr":"[::1]:55645"}
{"time":"2026-05-31T03:30:31.6047525+03:00","level":"INFO","msg":"reconciliation_worker: running health checks"}
{"time":"2026-05-31T03:30:40.8937151+03:00","level":"INFO","msg":"auth_event","event":"missing_token","user_id":"","trace_id":"5faad8ec363a1e5f7c00ec887bcad1b5","success":false,"ts":"2026-05-31T00:30:40Z"}
{"time":"2026-05-31T03:30:40.8937151+03:00","level":"INFO","msg":"request","method":"GET","path":"/api/v1/ai/deep-search/quota","status":401,"latency_ms":0,"trace_id":"5faad8ec363a1e5f7c00ec887bcad1b5","remote_addr":"[::1]:64181"}
{"time":"2026-05-31T03:30:41.0221753+03:00","level":"INFO","msg":"proxy: upstream response","upstream":"http://localhost:5000","path":"/api/auth/refresh","status":200,"trace_id":"50741d1817e966b0ee202246b6faafd6"}
{"time":"2026-05-31T03:30:41.022691+03:00","level":"INFO","msg":"request","method":"POST","path":"/api/v1/auth/refresh","status":200,"latency_ms":83,"trace_id":"50741d1817e966b0ee202246b6faafd6","remote_addr":"[::1]:64182"}
{"time":"2026-05-31T03:30:41.0512776+03:00","level":"INFO","msg":"auth_event","event":"token_validated","user_id":"753658c7-916a-4b3b-97f3-201d89a0dcd2","trace_id":"9c4d589cc7bf60ffba51cb761e6f841a","success":true,"ts":"2026-05-31T00:30:41Z"}
{"time":"2026-05-31T03:30:41.6710231+03:00","level":"INFO","msg":"proxy: upstream response","upstream":"http://localhost:5003","path":"/ai/deep-search/quota","status":200,"trace_id":"9c4d589cc7bf60ffba51cb761e6f841a"}
{"time":"2026-05-31T03:30:41.6798913+03:00","level":"INFO","msg":"request","method":"GET","path":"/api/v1/ai/deep-search/quota","status":200,"latency_ms":628,"trace_id":"9c4d589cc7bf60ffba51cb761e6f841a","remote_addr":"[::1]:53038"}
{"time":"2026-05-31T03:30:51.7187075+03:00","level":"INFO","msg":"auth_event","event":"token_validated","user_id":"753658c7-916a-4b3b-97f3-201d89a0dcd2","trace_id":"186ab483e0790357421aa900cb167eb0","success":true,"ts":"2026-05-31T00:30:51Z"}
{"time":"2026-05-31T03:30:51.7192168+03:00","level":"INFO","msg":"search: start","query":"I need to buy a smartphone with a 1000 dollar budget","limit":20,"trace_id":"186ab483e0790357421aa900cb167eb0"}
{"time":"2026-05-31T03:30:51.7390521+03:00","level":"INFO","msg":"search: embedding done","dims":384,"latency_ms":19,"trace_id":"186ab483e0790357421aa900cb167eb0"}
{"time":"2026-05-31T03:30:51.930913+03:00","level":"INFO","msg":"search: complete","results":20,"mode":"hybrid","total_ms":211,"trace_id":"186ab483e0790357421aa900cb167eb0"}
{"time":"2026-05-31T03:30:51.9314205+03:00","level":"INFO","msg":"request","method":"GET","path":"/api/v1/search","status":200,"latency_ms":212,"trace_id":"186ab483e0790357421aa900cb167eb0","remote_addr":"[::1]:62650"}
{"time":"2026-05-31T03:30:51.9388351+03:00","level":"INFO","msg":"auth_event","event":"token_validated","user_id":"753658c7-916a-4b3b-97f3-201d89a0dcd2","trace_id":"d3d219b7fe7934e093ac6bb9db9e2d8e","success":true,"ts":"2026-05-31T00:30:51Z"}
{"time":"2026-05-31T03:30:54.8813018+03:00","level":"INFO","msg":"proxy: upstream response","upstream":"http://localhost:5003","path":"/ai/deep-search","status":200,"trace_id":"d3d219b7fe7934e093ac6bb9db9e2d8e"}
{"time":"2026-05-31T03:30:54.8915914+03:00","level":"WARN","msg":"slow request","path":"/api/v1/ai/deep-search","latency_ms":2952,"trace_id":"d3d219b7fe7934e093ac6bb9db9e2d8e"}
{"time":"2026-05-31T03:30:54.8921039+03:00","level":"INFO","msg":"request","method":"POST","path":"/api/v1/ai/deep-search","status":200,"latency_ms":2953,"trace_id":"d3d219b7fe7934e093ac6bb9db9e2d8e","remote_addr":"[::1]:62652"}
{"time":"2026-05-31T03:30:54.9072909+03:00","level":"INFO","msg":"auth_event","event":"token_validated","user_id":"753658c7-916a-4b3b-97f3-201d89a0dcd2","trace_id":"98009b563f79d1f6ce3436762db0159e","success":true,"ts":"2026-05-31T00:30:54Z"}
{"time":"2026-05-31T03:30:54.9937521+03:00","level":"INFO","msg":"proxy: upstream response","upstream":"http://localhost:5003","path":"/ai/deep-search/quota","status":200,"trace_id":"98009b563f79d1f6ce3436762db0159e"}
{"time":"2026-05-31T03:30:54.9942535+03:00","level":"INFO","msg":"request","method":"GET","path":"/api/v1/ai/deep-search/quota","status":200,"latency_ms":86,"trace_id":"98009b563f79d1f6ce3436762db0159e","remote_addr":"[::1]:62657"}
{"time":"2026-05-31T03:31:01.6049469+03:00","level":"INFO","msg":"reconciliation_worker: running health checks"}
{"time":"2026-05-31T03:31:19.7344046+03:00","level":"INFO","msg":"auth_event","event":"token_validated","user_id":"753658c7-916a-4b3b-97f3-201d89a0dcd2","trace_id":"1bcafbbf891f5d0983681d9f3c244bf0","success":true,"ts":"2026-05-31T00:31:19Z"}
{"time":"2026-05-31T03:31:19.7477275+03:00","level":"INFO","msg":"search: start","query":"I need to buy a smartwatch with a 500 dollar budget","limit":20,"trace_id":"1bcafbbf891f5d0983681d9f3c244bf0"}
{"time":"2026-05-31T03:31:19.7501163+03:00","level":"INFO","msg":"search: embedding done","dims":384,"latency_ms":1,"trace_id":"1bcafbbf891f5d0983681d9f3c244bf0"}
{"time":"2026-05-31T03:31:19.9114456+03:00","level":"INFO","msg":"search: complete","results":20,"mode":"hybrid","total_ms":163,"trace_id":"1bcafbbf891f5d0983681d9f3c244bf0"}
{"time":"2026-05-31T03:31:19.912173+03:00","level":"INFO","msg":"request","method":"GET","path":"/api/v1/search","status":200,"latency_ms":177,"trace_id":"1bcafbbf891f5d0983681d9f3c244bf0","remote_addr":"[::1]:54507"}
{"time":"2026-05-31T03:31:19.989664+03:00","level":"INFO","msg":"auth_event","event":"token_validated","user_id":"753658c7-916a-4b3b-97f3-201d89a0dcd2","trace_id":"5361907ec673b26ed794404781dbba6b","success":true,"ts":"2026-05-31T00:31:19Z"}
{"time":"2026-05-31T03:31:25.4451796+03:00","level":"INFO","msg":"proxy: upstream response","upstream":"http://localhost:5003","path":"/ai/deep-search","status":200,"trace_id":"5361907ec673b26ed794404781dbba6b"}
{"time":"2026-05-31T03:31:25.4457592+03:00","level":"WARN","msg":"slow request","path":"/api/v1/ai/deep-search","latency_ms":5455,"trace_id":"5361907ec673b26ed794404781dbba6b"}
{"time":"2026-05-31T03:31:25.4463051+03:00","level":"INFO","msg":"request","method":"POST","path":"/api/v1/ai/deep-search","status":200,"latency_ms":5456,"trace_id":"5361907ec673b26ed794404781dbba6b","remote_addr":"[::1]:65439"}
{"time":"2026-05-31T03:31:25.4541948+03:00","level":"INFO","msg":"auth_event","event":"token_validated","user_id":"753658c7-916a-4b3b-97f3-201d89a0dcd2","trace_id":"794ec4e902e94818e8f1c71e70311e68","success":true,"ts":"2026-05-31T00:31:25Z"}
{"time":"2026-05-31T03:31:25.5342712+03:00","level":"INFO","msg":"proxy: upstream response","upstream":"http://localhost:5003","path":"/ai/deep-search/quota","status":200,"trace_id":"794ec4e902e94818e8f1c71e70311e68"}
{"time":"2026-05-31T03:31:25.5342712+03:00","level":"INFO","msg":"request","method":"GET","path":"/api/v1/ai/deep-search/quota","status":200,"latency_ms":80,"trace_id":"794ec4e902e94818e8f1c71e70311e68","remote_addr":"[::1]:53767"}
{"time":"2026-05-31T03:31:31.6050707+03:00","level":"INFO","msg":"reconciliation_worker: running health checks"}
{"time":"2026-05-31T03:31:38.2151095+03:00","level":"INFO","msg":"auth_event","event":"token_validated","user_id":"753658c7-916a-4b3b-97f3-201d89a0dcd2","trace_id":"f2cc8f8a499a214e2a66f66c734238a6","success":true,"ts":"2026-05-31T00:31:38Z"}
{"time":"2026-05-31T03:31:38.2151095+03:00","level":"INFO","msg":"auth_event","event":"token_validated","user_id":"753658c7-916a-4b3b-97f3-201d89a0dcd2","trace_id":"e5804cebb2bc995092bf9677c66fcbaa","success":true,"ts":"2026-05-31T00:31:38Z"}
{"time":"2026-05-31T03:31:38.234791+03:00","level":"INFO","msg":"auth_event","event":"token_validated","user_id":"753658c7-916a-4b3b-97f3-201d89a0dcd2","trace_id":"8a759eea6d10dd0d736f579713067e93","success":true,"ts":"2026-05-31T00:31:38Z"}
{"time":"2026-05-31T03:31:38.234791+03:00","level":"INFO","msg":"auth_event","event":"token_validated","user_id":"753658c7-916a-4b3b-97f3-201d89a0dcd2","trace_id":"9ef915eccadd1a0cb9184fddb4ebda55","success":true,"ts":"2026-05-31T00:31:38Z"}
{"time":"2026-05-31T03:31:38.4150972+03:00","level":"INFO","msg":"proxy: upstream response","upstream":"http://localhost:5000","path":"/api/products","status":200,"trace_id":"f2cc8f8a499a214e2a66f66c734238a6"}
{"time":"2026-05-31T03:31:38.4156617+03:00","level":"INFO","msg":"request","method":"GET","path":"/api/v1/products","status":200,"latency_ms":200,"trace_id":"f2cc8f8a499a214e2a66f66c734238a6","remote_addr":"[::1]:51369"}
{"time":"2026-05-31T03:31:38.9432566+03:00","level":"INFO","msg":"proxy: upstream response","upstream":"http://localhost:5000","path":"/api/wallet","status":200,"trace_id":"e5804cebb2bc995092bf9677c66fcbaa"}
{"time":"2026-05-31T03:31:38.9437694+03:00","level":"INFO","msg":"request","method":"GET","path":"/api/v1/wallet","status":200,"latency_ms":728,"trace_id":"e5804cebb2bc995092bf9677c66fcbaa","remote_addr":"[::1]:51370"}
{"time":"2026-05-31T03:31:38.9551766+03:00","level":"INFO","msg":"proxy: upstream response","upstream":"http://localhost:5000","path":"/api/wishlist","status":200,"trace_id":"9ef915eccadd1a0cb9184fddb4ebda55"}
{"time":"2026-05-31T03:31:38.9551766+03:00","level":"INFO","msg":"request","method":"GET","path":"/api/v1/wishlist","status":200,"latency_ms":720,"trace_id":"9ef915eccadd1a0cb9184fddb4ebda55","remote_addr":"[::1]:61931"}
{"time":"2026-05-31T03:31:40.4554889+03:00","level":"INFO","msg":"proxy: upstream response","upstream":"http://localhost:5003","path":"/ai/recommend/me","status":200,"trace_id":"8a759eea6d10dd0d736f579713067e93"}
{"time":"2026-05-31T03:31:40.4559997+03:00","level":"WARN","msg":"slow request","path":"/api/v1/ai/recommend/me","latency_ms":2220,"trace_id":"8a759eea6d10dd0d736f579713067e93"}
{"time":"2026-05-31T03:31:40.4559997+03:00","level":"INFO","msg":"request","method":"GET","path":"/api/v1/ai/recommend/me","status":200,"latency_ms":2221,"trace_id":"8a759eea6d10dd0d736f579713067e93","remote_addr":"[::1]:61930"}
{"time":"2026-05-31T03:31:57.9807178+03:00","level":"INFO","msg":"auth_event","event":"token_validated","user_id":"753658c7-916a-4b3b-97f3-201d89a0dcd2","trace_id":"620c37627fbe843d1ba05a8ac437ece8","success":true,"ts":"2026-05-31T00:31:57Z"}
{"time":"2026-05-31T03:31:58.6040617+03:00","level":"INFO","msg":"proxy: upstream response","upstream":"http://localhost:5003","path":"/ai/deep-search/quota","status":200,"trace_id":"620c37627fbe843d1ba05a8ac437ece8"}
{"time":"2026-05-31T03:31:58.6131868+03:00","level":"INFO","msg":"request","method":"GET","path":"/api/v1/ai/deep-search/quota","status":200,"latency_ms":632,"trace_id":"620c37627fbe843d1ba05a8ac437ece8","remote_addr":"[::1]:56228"}
{"time":"2026-05-31T03:32:01.6050261+03:00","level":"INFO","msg":"reconciliation_worker: running health checks"}
{"time":"2026-05-31T03:32:15.3922651+03:00","level":"INFO","msg":"auth_event","event":"token_validated","user_id":"753658c7-916a-4b3b-97f3-201d89a0dcd2","trace_id":"4af02d2a507c42a56d2c00b3fde8efbe","success":true,"ts":"2026-05-31T00:32:15Z"}
{"time":"2026-05-31T03:32:15.4014853+03:00","level":"INFO","msg":"search: start","query":"I need to buy a bike with a 200 dollar budget","limit":20,"trace_id":"4af02d2a507c42a56d2c00b3fde8efbe"}
{"time":"2026-05-31T03:32:15.4025405+03:00","level":"INFO","msg":"search: embedding done","dims":384,"latency_ms":0,"trace_id":"4af02d2a507c42a56d2c00b3fde8efbe"}
{"time":"2026-05-31T03:32:15.4831051+03:00","level":"INFO","msg":"search: complete","results":20,"mode":"hybrid","total_ms":81,"trace_id":"4af02d2a507c42a56d2c00b3fde8efbe"}
{"time":"2026-05-31T03:32:15.4845022+03:00","level":"INFO","msg":"request","method":"GET","path":"/api/v1/search","status":200,"latency_ms":92,"trace_id":"4af02d2a507c42a56d2c00b3fde8efbe","remote_addr":"[::1]:51935"}
{"time":"2026-05-31T03:32:15.6420371+03:00","level":"INFO","msg":"auth_event","event":"token_validated","user_id":"753658c7-916a-4b3b-97f3-201d89a0dcd2","trace_id":"e0d2614b7b1e93fb75827939bc09d2e7","success":true,"ts":"2026-05-31T00:32:15Z"}
{"time":"2026-05-31T03:32:21.1778811+03:00","level":"INFO","msg":"proxy: upstream response","upstream":"http://localhost:5003","path":"/ai/fast-search","status":200,"trace_id":"e0d2614b7b1e93fb75827939bc09d2e7"}
{"time":"2026-05-31T03:32:21.1877182+03:00","level":"WARN","msg":"slow request","path":"/api/v1/ai/fast-search","latency_ms":5545,"trace_id":"e0d2614b7b1e93fb75827939bc09d2e7"}
{"time":"2026-05-31T03:32:21.1882533+03:00","level":"INFO","msg":"request","method":"POST","path":"/api/v1/ai/fast-search","status":200,"latency_ms":5545,"trace_id":"e0d2614b7b1e93fb75827939bc09d2e7","remote_addr":"[::1]:49701"}
{"time":"2026-05-31T03:32:30.3997204+03:00","level":"INFO","msg":"auth_event","event":"token_validated","user_id":"753658c7-916a-4b3b-97f3-201d89a0dcd2","trace_id":"969daf89cc113818ecaea5d3428f3df3","success":true,"ts":"2026-05-31T00:32:30Z"}
{"time":"2026-05-31T03:32:30.5778341+03:00","level":"INFO","msg":"proxy: upstream response","upstream":"http://localhost:5000","path":"/api/products","status":200,"trace_id":"969daf89cc113818ecaea5d3428f3df3"}
{"time":"2026-05-31T03:32:30.5778341+03:00","level":"INFO","msg":"request","method":"GET","path":"/api/v1/products","status":200,"latency_ms":178,"trace_id":"969daf89cc113818ecaea5d3428f3df3","remote_addr":"[::1]:62926"}
{"time":"2026-05-31T03:32:30.7155311+03:00","level":"INFO","msg":"auth_event","event":"token_validated","user_id":"753658c7-916a-4b3b-97f3-201d89a0dcd2","trace_id":"ff47ae922de5758d9c307eed590d4a1c","success":true,"ts":"2026-05-31T00:32:30Z"}
{"time":"2026-05-31T03:32:30.7161789+03:00","level":"INFO","msg":"auth_event","event":"token_validated","user_id":"753658c7-916a-4b3b-97f3-201d89a0dcd2","trace_id":"1f901f5dde8d130be66400262f60b533","success":true,"ts":"2026-05-31T00:32:30Z"}
{"time":"2026-05-31T03:32:30.7161789+03:00","level":"INFO","msg":"auth_event","event":"token_validated","user_id":"753658c7-916a-4b3b-97f3-201d89a0dcd2","trace_id":"6c83eaf9ddd6e67ec9df49e9b1308979","success":true,"ts":"2026-05-31T00:32:30Z"}
{"time":"2026-05-31T03:32:30.8739419+03:00","level":"INFO","msg":"proxy: upstream response","upstream":"http://localhost:5000","path":"/api/wallet","status":200,"trace_id":"ff47ae922de5758d9c307eed590d4a1c"}
{"time":"2026-05-31T03:32:30.8739419+03:00","level":"INFO","msg":"proxy: upstream response","upstream":"http://localhost:5000","path":"/api/wishlist","status":200,"trace_id":"6c83eaf9ddd6e67ec9df49e9b1308979"}
{"time":"2026-05-31T03:32:30.8744561+03:00","level":"INFO","msg":"request","method":"GET","path":"/api/v1/wishlist","status":200,"latency_ms":158,"trace_id":"6c83eaf9ddd6e67ec9df49e9b1308979","remote_addr":"[::1]:53744"}
{"time":"2026-05-31T03:32:30.8739419+03:00","level":"INFO","msg":"request","method":"GET","path":"/api/v1/wallet","status":200,"latency_ms":158,"trace_id":"ff47ae922de5758d9c307eed590d4a1c","remote_addr":"[::1]:53742"}
{"time":"2026-05-31T03:32:31.6050621+03:00","level":"INFO","msg":"reconciliation_worker: running health checks"}
{"time":"2026-05-31T03:32:32.8290992+03:00","level":"INFO","msg":"proxy: upstream response","upstream":"http://localhost:5003","path":"/ai/recommend/me","status":200,"trace_id":"1f901f5dde8d130be66400262f60b533"}
{"time":"2026-05-31T03:32:32.8388199+03:00","level":"WARN","msg":"slow request","path":"/api/v1/ai/recommend/me","latency_ms":2122,"trace_id":"1f901f5dde8d130be66400262f60b533"}
{"time":"2026-05-31T03:32:32.8393714+03:00","level":"INFO","msg":"request","method":"GET","path":"/api/v1/ai/recommend/me","status":200,"latency_ms":2123,"trace_id":"1f901f5dde8d130be66400262f60b533","remote_addr":"[::1]:53743"}
{"time":"2026-05-31T03:32:50.7798439+03:00","level":"INFO","msg":"auth_event","event":"token_validated","user_id":"753658c7-916a-4b3b-97f3-201d89a0dcd2","trace_id":"b7324f9d6b18947f55d22ee784addda5","success":true,"ts":"2026-05-31T00:32:50Z"}
{"time":"2026-05-31T03:32:53.3853044+03:00","level":"INFO","msg":"proxy: upstream response","upstream":"http://localhost:5003","path":"/ai/recommend/me","status":200,"trace_id":"b7324f9d6b18947f55d22ee784addda5"}
{"time":"2026-05-31T03:32:53.3949226+03:00","level":"WARN","msg":"slow request","path":"/api/v1/ai/recommend/me","latency_ms":2614,"trace_id":"b7324f9d6b18947f55d22ee784addda5"}
{"time":"2026-05-31T03:32:53.3954642+03:00","level":"INFO","msg":"request","method":"GET","path":"/api/v1/ai/recommend/me","status":200,"latency_ms":2615,"trace_id":"b7324f9d6b18947f55d22ee784addda5","remote_addr":"[::1]:60105"}
{"time":"2026-05-31T03:32:57.9651212+03:00","level":"INFO","msg":"auth_event","event":"token_validated","user_id":"753658c7-916a-4b3b-97f3-201d89a0dcd2","trace_id":"06b4c5c5de6b15f01f3b197c80d9eae5","success":true,"ts":"2026-05-31T00:32:57Z"}
{"time":"2026-05-31T03:32:59.465922+03:00","level":"INFO","msg":"proxy: upstream response","upstream":"http://localhost:5003","path":"/ai/recommend/me","status":200,"trace_id":"06b4c5c5de6b15f01f3b197c80d9eae5"}
{"time":"2026-05-31T03:32:59.465922+03:00","level":"WARN","msg":"slow request","path":"/api/v1/ai/recommend/me","latency_ms":1500,"trace_id":"06b4c5c5de6b15f01f3b197c80d9eae5"}
{"time":"2026-05-31T03:32:59.46643+03:00","level":"INFO","msg":"request","method":"GET","path":"/api/v1/ai/recommend/me","status":200,"latency_ms":1501,"trace_id":"06b4c5c5de6b15f01f3b197c80d9eae5","remote_addr":"[::1]:58019"}
{"time":"2026-05-31T03:33:01.6052841+03:00","level":"INFO","msg":"reconciliation_worker: running health checks"}
{"time":"2026-05-31T03:33:31.6051666+03:00","level":"INFO","msg":"reconciliation_worker: running health checks"}
{"time":"2026-05-31T03:33:59.2719981+03:00","level":"INFO","msg":"auth_event","event":"token_validated","user_id":"753658c7-916a-4b3b-97f3-201d89a0dcd2","trace_id":"7ffda26dfba3e1dadf69a9e037467e93","success":true,"ts":"2026-05-31T00:33:59Z"}
{"time":"2026-05-31T03:34:01.6052106+03:00","level":"INFO","msg":"reconciliation_worker: running health checks"}
{"time":"2026-05-31T03:34:01.8193784+03:00","level":"INFO","msg":"proxy: upstream response","upstream":"http://localhost:5003","path":"/ai/recommend/me","status":200,"trace_id":"7ffda26dfba3e1dadf69a9e037467e93"}
{"time":"2026-05-31T03:34:01.8200347+03:00","level":"WARN","msg":"slow request","path":"/api/v1/ai/recommend/me","latency_ms":2539,"trace_id":"7ffda26dfba3e1dadf69a9e037467e93"}
{"time":"2026-05-31T03:34:01.8205741+03:00","level":"INFO","msg":"request","method":"GET","path":"/api/v1/ai/recommend/me","status":200,"latency_ms":2548,"trace_id":"7ffda26dfba3e1dadf69a9e037467e93","remote_addr":"[::1]:58445"}
{"time":"2026-05-31T03:34:31.6049423+03:00","level":"INFO","msg":"reconciliation_worker: running health checks"}
{"time":"2026-05-31T03:35:01.6049125+03:00","level":"INFO","msg":"reconciliation_worker: running health checks"}
{"time":"2026-05-31T03:35:31.6051737+03:00","level":"INFO","msg":"reconciliation_worker: running health checks"}
{"time":"2026-05-31T03:36:01.6053809+03:00","level":"INFO","msg":"reconciliation_worker: running health checks"}
{"time":"2026-05-31T03:36:31.6050171+03:00","level":"INFO","msg":"reconciliation_worker: running health checks"}
{"time":"2026-05-31T03:37:01.6203372+03:00","level":"INFO","msg":"reconciliation_worker: running health checks"}
{"time":"2026-05-31T03:37:31.6049428+03:00","level":"INFO","msg":"reconciliation_worker: running health checks"}
{"time":"2026-05-31T03:38:01.6051118+03:00","level":"INFO","msg":"reconciliation_worker: running health checks"}
{"time":"2026-05-31T03:38:31.6049327+03:00","level":"INFO","msg":"reconciliation_worker: running health checks"}
{"time":"2026-05-31T03:39:01.6050224+03:00","level":"INFO","msg":"reconciliation_worker: running health checks"}
MyPal Support Go Service Starting...
{"time":"2026-05-31T03:39:55.2859509+03:00","level":"ERROR","msg":"gateway: config error","err":"INTERNAL_SERVICE_TOKEN is required"}
{ " t i m e " : " 2 0 2 6 - 0 5 - 3 1 T 0 3 : 4 0 : 5 0 . 3 5 7 1 7 + 0 3 : 0 0 " , " l e v e l " : " I N F O " , " m s g " : " g a t e w a y :   c o n f i g u r a t i o n   l o a d e d " , " p o r t " : " 0 8 " , " c s h a r p _ u r l " : " t t p : / / l o c a l h o s t : 5 0 0 " , " s u p p o r t _ u r l " : " t t p : / / l o c a l h o s t : 5 0 0 " , " o r c h e s t r a t o r _ u r l " : " t t p : / / l o c a l h o s t : 5 0 0 " , " p r o d b e r t _ u r l " : " t t p : / / l o c a l h o s t : 8 0 0 " , " n a t s _ u r l " : " a t s : / / 1 2 7 . 0 . 0 . 1 : 4 2 2 " }  
 { " t i m e " : " 2 0 2 6 - 0 5 - 3 1 T 0 3 : 4 0 : 5 0 . 3 9 4 4 9 8 2 + 0 3 : 0 0 " , " l e v e l " : " E R R O R " , " m s g " : " g a t e w a y :   p g   p i n g   f a i l e d " , " e r r " : " f a i l e d   t o   c o n n e c t   t o   ` u s e r = B a s i l   d a t a b a s e = ` : \ n \ t [ : : 1 ] : 5 4 3 2   ( l o c a l h o s t ) :   d i a l   e r r o r :   d i a l   t c p   [ : : 1 ] : 5 4 3 2 :   c o n n e c t e x :   N o   c o n n e c t i o n   c o u l d   b e   m a d e   b e c a u s e   t h e   t a r g e t   m a c h i n e   a c t i v e l y   r e f u s e d   i t . \ n \ t 1 2 7 . 0 . 0 . 1 : 5 4 3 2   ( l o c a l h o s t ) :   d i a l   e r r o r :   d i a l   t c p   1 2 7 . 0 . 0 . 1 : 5 4 3 2 :   c o n n e c t e x :   N o   c o n n e c t i o n   c o u l d   b e   m a d e   b e c a u s e   t h e   t a r g e t   m a c h i n e   a c t i v e l y   r e f u s e d   i t . \ n \ t [ : : 1 ] : 5 4 3 2   ( l o c a l h o s t ) :   d i a l   e r r o r :   d i a l   t c p   [ : : 1 ] : 5 4 3 2 :   c o n n e c t e x :   N o   c o n n e c t i o n   c o u l d   b e   m a d e   b e c a u s e   t h e   t a r g e t   m a c h i n e   a c t i v e l y   r e f u s e d   i t . \ n \ t 1 2 7 . 0 . 0 . 1 : 5 4 3 2   ( l o c a l h o s t ) :   d i a l   e r r o r :   d i a l   t c p   1 2 7 . 0 . 0 . 1 : 5 4 3 2 :   c o n n e c t e x :   N o   c o n n e c t i o n   c o u l d   b e   m a d e   b e c a u s e   t h e   t a r g e t   m a c h i n e   a c t i v e l y   r e f u s e d   i t . " }  
 {"time":"2026-05-31T03:42:09.2783748+03:00","level":"INFO","msg":"gateway: configuration loaded","port":"8081","csharp_url":"http://localhost:5000","support_url":"http://localhost:5001","orchestrator_url":"http://localhost:5003","prodbert_url":"http://localhost:8001","nats_url":"nats://127.0.0.1:4222"}
{"time":"2026-05-31T03:42:10.0130722+03:00","level":"INFO","msg":"gateway: postgres connected"}
{"time":"2026-05-31T03:42:10.0385588+03:00","level":"INFO","msg":"messaging: NATS JetStream and DLQ streams configured"}
{"time":"2026-05-31T03:42:10.0385588+03:00","level":"INFO","msg":"outbox_worker: started dispatcher"}
{"time":"2026-05-31T03:42:10.0385588+03:00","level":"INFO","msg":"reconciliation_worker: started"}
{"time":"2026-05-31T03:42:10.0390955+03:00","level":"INFO","msg":"gateway: listening","addr":":8081"}
{"time":"2026-05-31T03:42:29.1029959+03:00","level":"INFO","msg":"request","method":"GET","path":"/api/v1/health","status":404,"latency_ms":0,"trace_id":"457d7c7a503bec9953aebc6976e5dfca","remote_addr":"[::1]:58471"}
{"time":"2026-05-31T03:42:29.1395125+03:00","level":"INFO","msg":"request","method":"GET","path":"/health","status":200,"latency_ms":0,"trace_id":"f41af33cb4f8665def0a54079599e25e","remote_addr":"[::1]:58472"}
{"time":"2026-05-31T03:42:40.0389601+03:00","level":"INFO","msg":"reconciliation_worker: running health checks"}
{"time":"2026-05-31T03:43:10.0387337+03:00","level":"INFO","msg":"reconciliation_worker: running health checks"}
{"time":"2026-05-31T03:43:40.0385868+03:00","level":"INFO","msg":"reconciliation_worker: running health checks"}
{"time":"2026-05-31T03:43:59.5687109+03:00","level":"INFO","msg":"auth_event","event":"token_validated","user_id":"753658c7-916a-4b3b-97f3-201d89a0dcd2","trace_id":"b5756766773db67b1a04b1e50b543039","success":true,"ts":"2026-05-31T00:43:59Z"}
{"time":"2026-05-31T03:44:01.6835835+03:00","level":"INFO","msg":"proxy: upstream response","upstream":"http://localhost:5003","path":"/ai/recommend/me","status":200,"trace_id":"b5756766773db67b1a04b1e50b543039"}
{"time":"2026-05-31T03:44:01.6835835+03:00","level":"WARN","msg":"slow request","path":"/api/v1/ai/recommend/me","latency_ms":2114,"trace_id":"b5756766773db67b1a04b1e50b543039"}
{"time":"2026-05-31T03:44:01.6835835+03:00","level":"INFO","msg":"request","method":"GET","path":"/api/v1/ai/recommend/me","status":200,"latency_ms":2114,"trace_id":"b5756766773db67b1a04b1e50b543039","remote_addr":"[::1]:54051"}
{"time":"2026-05-31T03:44:10.038842+03:00","level":"INFO","msg":"reconciliation_worker: running health checks"}
{"time":"2026-05-31T03:44:36.3324209+03:00","level":"INFO","msg":"request","method":"GET","path":"/health","status":200,"latency_ms":0,"trace_id":"ec1dd5cb4a896d66ad3c4194cae1d5cc","remote_addr":"[::1]:62457"}
{"time":"2026-05-31T03:44:40.0390791+03:00","level":"INFO","msg":"reconciliation_worker: running health checks"}
{"time":"2026-05-31T03:45:10.0388918+03:00","level":"INFO","msg":"reconciliation_worker: running health checks"}
{"time":"2026-05-31T03:45:40.0391495+03:00","level":"INFO","msg":"reconciliation_worker: running health checks"}
{"time":"2026-05-31T03:45:47.2333541+03:00","level":"INFO","msg":"request","method":"GET","path":"/health","status":200,"latency_ms":0,"trace_id":"b8f7dae379fa1eae648e6dd4bed42620","remote_addr":"[::1]:60483"}
{"time":"2026-05-31T03:46:10.0389249+03:00","level":"INFO","msg":"reconciliation_worker: running health checks"}
{"time":"2026-05-31T03:46:40.0390354+03:00","level":"INFO","msg":"reconciliation_worker: running health checks"}
{"time":"2026-05-31T03:47:10.0387597+03:00","level":"INFO","msg":"reconciliation_worker: running health checks"}
{"time":"2026-05-31T03:47:40.039199+03:00","level":"INFO","msg":"reconciliation_worker: running health checks"}
{"time":"2026-05-31T03:47:40.3294087+03:00","level":"INFO","msg":"auth_event","event":"token_expired","user_id":"","trace_id":"0850a90a3cf85bf99594b1cf6142e4e5","success":false,"ts":"2026-05-31T00:47:40Z"}
{"time":"2026-05-31T03:47:40.3294087+03:00","level":"INFO","msg":"request","method":"GET","path":"/api/v1/ai/recommend/me","status":401,"latency_ms":0,"trace_id":"0850a90a3cf85bf99594b1cf6142e4e5","remote_addr":"[::1]:49991"}
{"time":"2026-05-31T03:47:41.2694414+03:00","level":"INFO","msg":"proxy: upstream response","upstream":"http://localhost:5000","path":"/api/auth/refresh","status":200,"trace_id":"3209e61bcb5ae0e1b2ed1d44651b7479"}
{"time":"2026-05-31T03:47:41.2694414+03:00","level":"INFO","msg":"request","method":"POST","path":"/api/v1/auth/refresh","status":200,"latency_ms":669,"trace_id":"3209e61bcb5ae0e1b2ed1d44651b7479","remote_addr":"[::1]:58594"}
{"time":"2026-05-31T03:47:41.2820634+03:00","level":"INFO","msg":"auth_event","event":"token_validated","user_id":"753658c7-916a-4b3b-97f3-201d89a0dcd2","trace_id":"1f1f20cf4bdaf17f35fbdbcd7a45cb07","success":true,"ts":"2026-05-31T00:47:41Z"}
{"time":"2026-05-31T03:47:43.5198237+03:00","level":"INFO","msg":"proxy: upstream response","upstream":"http://localhost:5003","path":"/ai/recommend/me","status":200,"trace_id":"1f1f20cf4bdaf17f35fbdbcd7a45cb07"}
{"time":"2026-05-31T03:47:43.5198237+03:00","level":"WARN","msg":"slow request","path":"/api/v1/ai/recommend/me","latency_ms":2237,"trace_id":"1f1f20cf4bdaf17f35fbdbcd7a45cb07"}
{"time":"2026-05-31T03:47:43.5198237+03:00","level":"INFO","msg":"request","method":"GET","path":"/api/v1/ai/recommend/me","status":200,"latency_ms":2237,"trace_id":"1f1f20cf4bdaf17f35fbdbcd7a45cb07","remote_addr":"[::1]:55580"}
{"time":"2026-05-31T03:47:48.8827675+03:00","level":"INFO","msg":"auth_event","event":"token_validated","user_id":"753658c7-916a-4b3b-97f3-201d89a0dcd2","trace_id":"c45afb54037fb4d8eab7b21060eeda5d","success":true,"ts":"2026-05-31T00:47:48Z"}
{"time":"2026-05-31T03:47:48.935112+03:00","level":"INFO","msg":"auth_event","event":"token_validated","user_id":"753658c7-916a-4b3b-97f3-201d89a0dcd2","trace_id":"de3ec857fc0674ab8ba17fadf3146ec1","success":true,"ts":"2026-05-31T00:47:48Z"}
{"time":"2026-05-31T03:47:48.93708+03:00","level":"INFO","msg":"proxy: upstream response","upstream":"http://localhost:5003","path":"/seller-report/MyPal","status":404,"trace_id":"de3ec857fc0674ab8ba17fadf3146ec1"}
{"time":"2026-05-31T03:47:48.93708+03:00","level":"INFO","msg":"request","method":"GET","path":"/api/v1/seller-report/MyPal","status":404,"latency_ms":1,"trace_id":"de3ec857fc0674ab8ba17fadf3146ec1","remote_addr":"[::1]:63283"}
{"time":"2026-05-31T03:47:48.9709772+03:00","level":"INFO","msg":"proxy: upstream response","upstream":"http://localhost:5000","path":"/api/products/18c57a81-396d-4fab-84a7-1a53a4a78062","status":200,"trace_id":"c45afb54037fb4d8eab7b21060eeda5d"}
{"time":"2026-05-31T03:47:48.9719987+03:00","level":"INFO","msg":"request","method":"GET","path":"/api/v1/products/18c57a81-396d-4fab-84a7-1a53a4a78062","status":200,"latency_ms":89,"trace_id":"c45afb54037fb4d8eab7b21060eeda5d","remote_addr":"[::1]:63813"}
{"time":"2026-05-31T03:47:55.3948419+03:00","level":"INFO","msg":"auth_event","event":"token_validated","user_id":"753658c7-916a-4b3b-97f3-201d89a0dcd2","trace_id":"1d414703253b9537d1b8c702f64fa5e4","success":true,"ts":"2026-05-31T00:47:55Z"}
{"time":"2026-05-31T03:47:58.2603799+03:00","level":"INFO","msg":"proxy: upstream response","upstream":"http://localhost:5003","path":"/ai/recommend/me","status":200,"trace_id":"1d414703253b9537d1b8c702f64fa5e4"}
{"time":"2026-05-31T03:47:58.2603799+03:00","level":"WARN","msg":"slow request","path":"/api/v1/ai/recommend/me","latency_ms":2864,"trace_id":"1d414703253b9537d1b8c702f64fa5e4"}
{"time":"2026-05-31T03:47:58.2603799+03:00","level":"INFO","msg":"request","method":"GET","path":"/api/v1/ai/recommend/me","status":200,"latency_ms":2865,"trace_id":"1d414703253b9537d1b8c702f64fa5e4","remote_addr":"[::1]:56229"}
{"time":"2026-05-31T03:48:10.0388656+03:00","level":"INFO","msg":"reconciliation_worker: running health checks"}
{"time":"2026-05-31T03:48:40.0388471+03:00","level":"INFO","msg":"reconciliation_worker: running health checks"}
{"time":"2026-05-31T03:49:09.2549589+03:00","level":"INFO","msg":"auth_event","event":"token_validated","user_id":"753658c7-916a-4b3b-97f3-201d89a0dcd2","trace_id":"f99f4af3285dd83bec0bfc36f626f280","success":true,"ts":"2026-05-31T00:49:09Z"}
{"time":"2026-05-31T03:49:10.0387646+03:00","level":"INFO","msg":"reconciliation_worker: running health checks"}
{"time":"2026-05-31T03:49:13.4721546+03:00","level":"INFO","msg":"proxy: upstream response","upstream":"http://localhost:5003","path":"/ai/recommend/me","status":200,"trace_id":"f99f4af3285dd83bec0bfc36f626f280"}
{"time":"2026-05-31T03:49:13.4721546+03:00","level":"WARN","msg":"slow request","path":"/api/v1/ai/recommend/me","latency_ms":4217,"trace_id":"f99f4af3285dd83bec0bfc36f626f280"}
{"time":"2026-05-31T03:49:13.4721546+03:00","level":"INFO","msg":"request","method":"GET","path":"/api/v1/ai/recommend/me","status":200,"latency_ms":4217,"trace_id":"f99f4af3285dd83bec0bfc36f626f280","remote_addr":"[::1]:56227"}
{"time":"2026-05-31T03:49:26.8803217+03:00","level":"INFO","msg":"auth_event","event":"token_validated","user_id":"753658c7-916a-4b3b-97f3-201d89a0dcd2","trace_id":"c4f6fe92ff4bc6ca2be3306f752c1e1a","success":true,"ts":"2026-05-31T00:49:26Z"}
{"time":"2026-05-31T03:49:30.5646947+03:00","level":"INFO","msg":"proxy: upstream response","upstream":"http://localhost:5003","path":"/ai/recommend/me","status":200,"trace_id":"c4f6fe92ff4bc6ca2be3306f752c1e1a"}
{"time":"2026-05-31T03:49:30.5646947+03:00","level":"WARN","msg":"slow request","path":"/api/v1/ai/recommend/me","latency_ms":3684,"trace_id":"c4f6fe92ff4bc6ca2be3306f752c1e1a"}
{"time":"2026-05-31T03:49:30.5646947+03:00","level":"INFO","msg":"request","method":"GET","path":"/api/v1/ai/recommend/me","status":200,"latency_ms":3684,"trace_id":"c4f6fe92ff4bc6ca2be3306f752c1e1a","remote_addr":"[::1]:55188"}
{"time":"2026-05-31T03:49:40.0387803+03:00","level":"INFO","msg":"reconciliation_worker: running health checks"}
{"time":"2026-05-31T03:49:48.7529665+03:00","level":"INFO","msg":"auth_event","event":"token_validated","user_id":"753658c7-916a-4b3b-97f3-201d89a0dcd2","trace_id":"0ada85bc4c844402912682a2fb4abd3a","success":true,"ts":"2026-05-31T00:49:48Z"}
{"time":"2026-05-31T03:49:51.1266038+03:00","level":"INFO","msg":"proxy: upstream response","upstream":"http://localhost:5003","path":"/ai/recommend/me","status":200,"trace_id":"0ada85bc4c844402912682a2fb4abd3a"}
{"time":"2026-05-31T03:49:51.1266038+03:00","level":"WARN","msg":"slow request","path":"/api/v1/ai/recommend/me","latency_ms":2373,"trace_id":"0ada85bc4c844402912682a2fb4abd3a"}
{"time":"2026-05-31T03:49:51.1266038+03:00","level":"INFO","msg":"request","method":"GET","path":"/api/v1/ai/recommend/me","status":200,"latency_ms":2373,"trace_id":"0ada85bc4c844402912682a2fb4abd3a","remote_addr":"[::1]:55197"}
{"time":"2026-05-31T03:50:10.0390258+03:00","level":"INFO","msg":"reconciliation_worker: running health checks"}
{"time":"2026-05-31T03:50:40.0390421+03:00","level":"INFO","msg":"reconciliation_worker: running health checks"}
{"time":"2026-05-31T03:51:10.0390971+03:00","level":"INFO","msg":"reconciliation_worker: running health checks"}
{"time":"2026-05-31T03:51:40.038862+03:00","level":"INFO","msg":"reconciliation_worker: running health checks"}
{"time":"2026-05-31T03:52:10.0393569+03:00","level":"INFO","msg":"reconciliation_worker: running health checks"}
{"time":"2026-05-31T03:52:40.0388805+03:00","level":"INFO","msg":"reconciliation_worker: running health checks"}
{"time":"2026-05-31T03:52:43.8881471+03:00","level":"INFO","msg":"proxy: upstream response","upstream":"http://localhost:5000","path":"/api/auth/login","status":200,"trace_id":"96d72bbc0cc379d335120508ba6aaec8"}
{"time":"2026-05-31T03:52:43.8881471+03:00","level":"INFO","msg":"request","method":"POST","path":"/api/v1/auth/login","status":200,"latency_ms":672,"trace_id":"96d72bbc0cc379d335120508ba6aaec8","remote_addr":"[::1]:51010"}
{"time":"2026-05-31T03:52:43.9087453+03:00","level":"INFO","msg":"auth_event","event":"token_validated","user_id":"6784cf5a-98ab-462d-88c1-933b62134f0e","trace_id":"26844071412c4c82c64cd420f314858e","success":true,"ts":"2026-05-31T00:52:43Z"}
{"time":"2026-05-31T03:52:44.0837394+03:00","level":"INFO","msg":"proxy: upstream response","upstream":"http://localhost:5000","path":"/api/products","status":200,"trace_id":"26844071412c4c82c64cd420f314858e"}
{"time":"2026-05-31T03:52:44.0837394+03:00","level":"INFO","msg":"request","method":"GET","path":"/api/v1/products","status":200,"latency_ms":174,"trace_id":"26844071412c4c82c64cd420f314858e","remote_addr":"[::1]:51010"}
{"time":"2026-05-31T03:53:10.0387113+03:00","level":"INFO","msg":"reconciliation_worker: running health checks"}
{"time":"2026-05-31T03:53:40.0389488+03:00","level":"INFO","msg":"reconciliation_worker: running health checks"}
{"time":"2026-05-31T03:54:10.0388365+03:00","level":"INFO","msg":"reconciliation_worker: running health checks"}
{"time":"2026-05-31T03:54:40.0386686+03:00","level":"INFO","msg":"reconciliation_worker: running health checks"}
{"time":"2026-05-31T03:55:10.0388006+03:00","level":"INFO","msg":"reconciliation_worker: running health checks"}
{"time":"2026-05-31T03:55:40.0388962+03:00","level":"INFO","msg":"reconciliation_worker: running health checks"}
{"time":"2026-05-31T03:56:10.0388038+03:00","level":"INFO","msg":"reconciliation_worker: running health checks"}
{"time":"2026-05-31T03:56:40.038777+03:00","level":"INFO","msg":"reconciliation_worker: running health checks"}
{"time":"2026-05-31T03:57:10.0389397+03:00","level":"INFO","msg":"reconciliation_worker: running health checks"}
{"time":"2026-05-31T03:57:40.0390671+03:00","level":"INFO","msg":"reconciliation_worker: running health checks"}
{"time":"2026-05-31T03:58:10.0394377+03:00","level":"INFO","msg":"reconciliation_worker: running health checks"}
{"time":"2026-05-31T03:58:40.038651+03:00","level":"INFO","msg":"reconciliation_worker: running health checks"}
{"time":"2026-05-31T03:59:10.0386979+03:00","level":"INFO","msg":"reconciliation_worker: running health checks"}
{"time":"2026-05-31T03:59:40.0388565+03:00","level":"INFO","msg":"reconciliation_worker: running health checks"}
{"time":"2026-05-31T03:59:40.9933327+03:00","level":"INFO","msg":"auth_event","event":"token_validated","user_id":"753658c7-916a-4b3b-97f3-201d89a0dcd2","trace_id":"d333c0720f64185a926c79a21052dcc2","success":true,"ts":"2026-05-31T00:59:40Z"}
{"time":"2026-05-31T03:59:43.2797028+03:00","level":"INFO","msg":"proxy: upstream response","upstream":"http://localhost:5003","path":"/ai/recommend/me","status":200,"trace_id":"d333c0720f64185a926c79a21052dcc2"}
{"time":"2026-05-31T03:59:43.2797028+03:00","level":"WARN","msg":"slow request","path":"/api/v1/ai/recommend/me","latency_ms":2286,"trace_id":"d333c0720f64185a926c79a21052dcc2"}
{"time":"2026-05-31T03:59:43.2797028+03:00","level":"INFO","msg":"request","method":"GET","path":"/api/v1/ai/recommend/me","status":200,"latency_ms":2286,"trace_id":"d333c0720f64185a926c79a21052dcc2","remote_addr":"[::1]:50545"}
{"time":"2026-05-31T03:59:45.0089643+03:00","level":"INFO","msg":"auth_event","event":"token_validated","user_id":"753658c7-916a-4b3b-97f3-201d89a0dcd2","trace_id":"d3e3ad6948e23034fcd16ec96dfa493b","success":true,"ts":"2026-05-31T00:59:45Z"}
{"time":"2026-05-31T03:59:45.6085161+03:00","level":"INFO","msg":"proxy: upstream response","upstream":"http://localhost:5000","path":"/api/users/me","status":200,"trace_id":"d3e3ad6948e23034fcd16ec96dfa493b"}
{"time":"2026-05-31T03:59:45.6085161+03:00","level":"INFO","msg":"request","method":"GET","path":"/api/v1/users/me","status":200,"latency_ms":599,"trace_id":"d3e3ad6948e23034fcd16ec96dfa493b","remote_addr":"[::1]:51453"}
{"time":"2026-05-31T03:59:47.9068708+03:00","level":"INFO","msg":"auth_event","event":"token_validated","user_id":"753658c7-916a-4b3b-97f3-201d89a0dcd2","trace_id":"81c9574e7df558ec1cc55416aef349a6","success":true,"ts":"2026-05-31T00:59:47Z"}
{"time":"2026-05-31T03:59:47.907488+03:00","level":"INFO","msg":"auth_event","event":"token_validated","user_id":"753658c7-916a-4b3b-97f3-201d89a0dcd2","trace_id":"39b80b6ea80c7b30a5b04ad011aa3e5b","success":true,"ts":"2026-05-31T00:59:47Z"}
{"time":"2026-05-31T03:59:47.9080149+03:00","level":"INFO","msg":"auth_event","event":"token_validated","user_id":"753658c7-916a-4b3b-97f3-201d89a0dcd2","trace_id":"aaa44d767c4f61c118cf368ac372c5f3","success":true,"ts":"2026-05-31T00:59:47Z"}
{"time":"2026-05-31T03:59:47.909536+03:00","level":"INFO","msg":"auth_event","event":"token_validated","user_id":"753658c7-916a-4b3b-97f3-201d89a0dcd2","trace_id":"f0c248bcc6857c44a441af8b788b1756","success":true,"ts":"2026-05-31T00:59:47Z"}
{"time":"2026-05-31T03:59:48.0769408+03:00","level":"INFO","msg":"proxy: upstream response","upstream":"http://localhost:5000","path":"/api/products","status":200,"trace_id":"81c9574e7df558ec1cc55416aef349a6"}
{"time":"2026-05-31T03:59:48.0769408+03:00","level":"INFO","msg":"request","method":"GET","path":"/api/v1/products","status":200,"latency_ms":170,"trace_id":"81c9574e7df558ec1cc55416aef349a6","remote_addr":"[::1]:49288"}
{"time":"2026-05-31T03:59:48.6963798+03:00","level":"INFO","msg":"proxy: upstream response","upstream":"http://localhost:5000","path":"/api/wallet","status":200,"trace_id":"39b80b6ea80c7b30a5b04ad011aa3e5b"}
{"time":"2026-05-31T03:59:48.6963798+03:00","level":"INFO","msg":"request","method":"GET","path":"/api/v1/wallet","status":200,"latency_ms":788,"trace_id":"39b80b6ea80c7b30a5b04ad011aa3e5b","remote_addr":"[::1]:49289"}
{"time":"2026-05-31T03:59:48.7020351+03:00","level":"INFO","msg":"proxy: upstream response","upstream":"http://localhost:5000","path":"/api/wishlist","status":200,"trace_id":"f0c248bcc6857c44a441af8b788b1756"}
{"time":"2026-05-31T03:59:48.7020351+03:00","level":"INFO","msg":"request","method":"GET","path":"/api/v1/wishlist","status":200,"latency_ms":792,"trace_id":"f0c248bcc6857c44a441af8b788b1756","remote_addr":"[::1]:49291"}
{"time":"2026-05-31T03:59:49.0109032+03:00","level":"INFO","msg":"proxy: upstream response","upstream":"http://localhost:5003","path":"/ai/recommend/me","status":200,"trace_id":"aaa44d767c4f61c118cf368ac372c5f3"}
{"time":"2026-05-31T03:59:49.0109032+03:00","level":"INFO","msg":"request","method":"GET","path":"/api/v1/ai/recommend/me","status":200,"latency_ms":1103,"trace_id":"aaa44d767c4f61c118cf368ac372c5f3","remote_addr":"[::1]:49290"}
{"time":"2026-05-31T03:59:49.1292646+03:00","level":"INFO","msg":"auth_event","event":"token_validated","user_id":"753658c7-916a-4b3b-97f3-201d89a0dcd2","trace_id":"2a950b85235f326deeb0f1494daaad9e","success":true,"ts":"2026-05-31T00:59:49Z"}
{"time":"2026-05-31T03:59:49.3826+03:00","level":"INFO","msg":"proxy: upstream response","upstream":"http://localhost:5000","path":"/api/wallet","status":200,"trace_id":"2a950b85235f326deeb0f1494daaad9e"}
{"time":"2026-05-31T03:59:49.3826+03:00","level":"INFO","msg":"request","method":"GET","path":"/api/v1/wallet","status":200,"latency_ms":253,"trace_id":"2a950b85235f326deeb0f1494daaad9e","remote_addr":"[::1]:62059"}
{"time":"2026-05-31T03:59:49.4688999+03:00","level":"INFO","msg":"auth_event","event":"token_validated","user_id":"753658c7-916a-4b3b-97f3-201d89a0dcd2","trace_id":"83d7743fad8241f74f876f52bd3748d6","success":true,"ts":"2026-05-31T00:59:49Z"}
{"time":"2026-05-31T03:59:49.7845245+03:00","level":"INFO","msg":"proxy: upstream response","upstream":"http://localhost:5000","path":"/api/wallet/transactions","status":200,"trace_id":"83d7743fad8241f74f876f52bd3748d6"}
{"time":"2026-05-31T03:59:49.7845245+03:00","level":"INFO","msg":"request","method":"GET","path":"/api/v1/wallet/transactions","status":200,"latency_ms":315,"trace_id":"83d7743fad8241f74f876f52bd3748d6","remote_addr":"[::1]:61877"}
{"time":"2026-05-31T03:59:55.0075053+03:00","level":"INFO","msg":"auth_event","event":"token_validated","user_id":"753658c7-916a-4b3b-97f3-201d89a0dcd2","trace_id":"0f11ceee9f45149d8ef2c99d5642b651","success":true,"ts":"2026-05-31T00:59:55Z"}
{"time":"2026-05-31T03:59:55.0269219+03:00","level":"INFO","msg":"auth_event","event":"token_validated","user_id":"753658c7-916a-4b3b-97f3-201d89a0dcd2","trace_id":"0675e8fd12ea5bb9235536f5c7a79d16","success":true,"ts":"2026-05-31T00:59:55Z"}
{"time":"2026-05-31T03:59:55.0269219+03:00","level":"INFO","msg":"auth_event","event":"token_validated","user_id":"753658c7-916a-4b3b-97f3-201d89a0dcd2","trace_id":"e02c217ff99f6345d6366f60c0b28642","success":true,"ts":"2026-05-31T00:59:55Z"}
{"time":"2026-05-31T03:59:55.0275248+03:00","level":"INFO","msg":"auth_event","event":"token_validated","user_id":"753658c7-916a-4b3b-97f3-201d89a0dcd2","trace_id":"9eb79aa418575d453d3e51fb417d3c1f","success":true,"ts":"2026-05-31T00:59:55Z"}
{"time":"2026-05-31T03:59:55.2001546+03:00","level":"INFO","msg":"proxy: upstream response","upstream":"http://localhost:5000","path":"/api/wallet","status":200,"trace_id":"0675e8fd12ea5bb9235536f5c7a79d16"}
{"time":"2026-05-31T03:59:55.2006659+03:00","level":"INFO","msg":"request","method":"GET","path":"/api/v1/wallet","status":200,"latency_ms":173,"trace_id":"0675e8fd12ea5bb9235536f5c7a79d16","remote_addr":"[::1]:59153"}
{"time":"2026-05-31T03:59:55.2267462+03:00","level":"INFO","msg":"proxy: upstream response","upstream":"http://localhost:5000","path":"/api/products","status":200,"trace_id":"0f11ceee9f45149d8ef2c99d5642b651"}
{"time":"2026-05-31T03:59:55.2267462+03:00","level":"INFO","msg":"request","method":"GET","path":"/api/v1/products","status":200,"latency_ms":219,"trace_id":"0f11ceee9f45149d8ef2c99d5642b651","remote_addr":"[::1]:60232"}
{"time":"2026-05-31T03:59:55.2342416+03:00","level":"INFO","msg":"proxy: upstream response","upstream":"http://localhost:5000","path":"/api/wishlist","status":200,"trace_id":"9eb79aa418575d453d3e51fb417d3c1f"}
{"time":"2026-05-31T03:59:55.2342416+03:00","level":"INFO","msg":"request","method":"GET","path":"/api/v1/wishlist","status":200,"latency_ms":207,"trace_id":"9eb79aa418575d453d3e51fb417d3c1f","remote_addr":"[::1]:59155"}
{"time":"2026-05-31T03:59:56.1522882+03:00","level":"INFO","msg":"proxy: upstream response","upstream":"http://localhost:5003","path":"/ai/recommend/me","status":200,"trace_id":"e02c217ff99f6345d6366f60c0b28642"}
{"time":"2026-05-31T03:59:56.1522882+03:00","level":"INFO","msg":"request","method":"GET","path":"/api/v1/ai/recommend/me","status":200,"latency_ms":1125,"trace_id":"e02c217ff99f6345d6366f60c0b28642","remote_addr":"[::1]:59154"}
{"time":"2026-05-31T04:00:10.0389414+03:00","level":"INFO","msg":"reconciliation_worker: running health checks"}
{"time":"2026-05-31T04:00:40.0388397+03:00","level":"INFO","msg":"reconciliation_worker: running health checks"}
{"time":"2026-05-31T04:01:10.038795+03:00","level":"INFO","msg":"reconciliation_worker: running health checks"}
{"time":"2026-05-31T04:01:31.2081656+03:00","level":"INFO","msg":"auth_event","event":"token_validated","user_id":"753658c7-916a-4b3b-97f3-201d89a0dcd2","trace_id":"2bcc34394aca4fc25f42f4b15374a0c8","success":true,"ts":"2026-05-31T01:01:31Z"}
{"time":"2026-05-31T04:01:32.8040468+03:00","level":"INFO","msg":"auth_event","event":"missing_token","user_id":"","trace_id":"c5be1c69c1377fc268d32f85cee46ce6","success":false,"ts":"2026-05-31T01:01:32Z"}
{"time":"2026-05-31T04:01:32.8040468+03:00","level":"INFO","msg":"request","method":"GET","path":"/api/v1/products","status":401,"latency_ms":0,"trace_id":"c5be1c69c1377fc268d32f85cee46ce6","remote_addr":"[::1]:58384"}
{"time":"2026-05-31T04:01:32.8045599+03:00","level":"INFO","msg":"auth_event","event":"missing_token","user_id":"","trace_id":"4e19377c42eef0508b8cdfe7d042e3eb","success":false,"ts":"2026-05-31T01:01:32Z"}
{"time":"2026-05-31T04:01:32.8045599+03:00","level":"INFO","msg":"request","method":"GET","path":"/api/v1/wallet","status":401,"latency_ms":0,"trace_id":"4e19377c42eef0508b8cdfe7d042e3eb","remote_addr":"[::1]:58385"}
{"time":"2026-05-31T04:01:32.8045599+03:00","level":"INFO","msg":"auth_event","event":"missing_token","user_id":"","trace_id":"281044eba9bb729560ceb8e4aeb4734c","success":false,"ts":"2026-05-31T01:01:32Z"}
{"time":"2026-05-31T04:01:32.8045599+03:00","level":"INFO","msg":"request","method":"GET","path":"/api/v1/ai/recommend/me","status":401,"latency_ms":0,"trace_id":"281044eba9bb729560ceb8e4aeb4734c","remote_addr":"[::1]:58386"}
{"time":"2026-05-31T04:01:32.8178537+03:00","level":"INFO","msg":"auth_event","event":"missing_token","user_id":"","trace_id":"7ccef7bd3908cfad771c01330b96ed4f","success":false,"ts":"2026-05-31T01:01:32Z"}
{"time":"2026-05-31T04:01:32.8178537+03:00","level":"INFO","msg":"request","method":"GET","path":"/api/v1/wishlist","status":401,"latency_ms":0,"trace_id":"7ccef7bd3908cfad771c01330b96ed4f","remote_addr":"[::1]:58387"}
{"time":"2026-05-31T04:01:32.9501537+03:00","level":"INFO","msg":"proxy: upstream response","upstream":"http://localhost:5000","path":"/api/auth/refresh","status":200,"trace_id":"7dc6584680c3738ca785b226830cb0dd"}
{"time":"2026-05-31T04:01:32.9501537+03:00","level":"INFO","msg":"request","method":"POST","path":"/api/v1/auth/refresh","status":200,"latency_ms":79,"trace_id":"7dc6584680c3738ca785b226830cb0dd","remote_addr":"[::1]:56756"}
{"time":"2026-05-31T04:01:33.0617257+03:00","level":"INFO","msg":"proxy: upstream response","upstream":"http://localhost:5000","path":"/api/auth/refresh","status":200,"trace_id":"c54c7f953cbbae3b094f5dfd0e729ddd"}
{"time":"2026-05-31T04:01:33.0617257+03:00","level":"INFO","msg":"request","method":"POST","path":"/api/v1/auth/refresh","status":200,"latency_ms":191,"trace_id":"c54c7f953cbbae3b094f5dfd0e729ddd","remote_addr":"[::1]:56916"}
{"time":"2026-05-31T04:01:33.1861959+03:00","level":"INFO","msg":"auth_event","event":"token_validated","user_id":"753658c7-916a-4b3b-97f3-201d89a0dcd2","trace_id":"4534c2ca2011138e5b7cb3db9903bac0","success":true,"ts":"2026-05-31T01:01:33Z"}
{"time":"2026-05-31T04:01:33.2607515+03:00","level":"INFO","msg":"proxy: upstream response","upstream":"http://localhost:5000","path":"/api/auth/refresh","status":200,"trace_id":"b9a6c1663441e927038410faa18ce185"}
{"time":"2026-05-31T04:01:33.2607515+03:00","level":"INFO","msg":"request","method":"POST","path":"/api/v1/auth/refresh","status":200,"latency_ms":108,"trace_id":"b9a6c1663441e927038410faa18ce185","remote_addr":"[::1]:54876"}
{"time":"2026-05-31T04:01:33.2612611+03:00","level":"INFO","msg":"proxy: upstream response","upstream":"http://localhost:5000","path":"/api/auth/refresh","status":200,"trace_id":"38f7bac36ce9a48c881cd653360cb76e"}
{"time":"2026-05-31T04:01:33.2612611+03:00","level":"INFO","msg":"request","method":"POST","path":"/api/v1/auth/refresh","status":200,"latency_ms":75,"trace_id":"38f7bac36ce9a48c881cd653360cb76e","remote_addr":"[::1]:52267"}
{"time":"2026-05-31T04:01:33.3562159+03:00","level":"INFO","msg":"auth_event","event":"token_validated","user_id":"753658c7-916a-4b3b-97f3-201d89a0dcd2","trace_id":"792c6042d07bd381612267a4269e9f10","success":true,"ts":"2026-05-31T01:01:33Z"}
{"time":"2026-05-31T04:01:33.3569016+03:00","level":"INFO","msg":"auth_event","event":"token_validated","user_id":"753658c7-916a-4b3b-97f3-201d89a0dcd2","trace_id":"703bfe8a242ee4eb6ff0f396faf70470","success":true,"ts":"2026-05-31T01:01:33Z"}
{"time":"2026-05-31T04:01:33.3990394+03:00","level":"INFO","msg":"auth_event","event":"token_validated","user_id":"753658c7-916a-4b3b-97f3-201d89a0dcd2","trace_id":"9c6d730c87b5e2104b1d606a43e9f800","success":true,"ts":"2026-05-31T01:01:33Z"}
{"time":"2026-05-31T04:01:33.4695569+03:00","level":"INFO","msg":"proxy: upstream response","upstream":"http://localhost:5000","path":"/api/wallet","status":200,"trace_id":"4534c2ca2011138e5b7cb3db9903bac0"}
{"time":"2026-05-31T04:01:33.4695569+03:00","level":"INFO","msg":"request","method":"GET","path":"/api/v1/wallet","status":200,"latency_ms":283,"trace_id":"4534c2ca2011138e5b7cb3db9903bac0","remote_addr":"[::1]:52268"}
{"time":"2026-05-31T04:01:33.5424253+03:00","level":"INFO","msg":"proxy: upstream response","upstream":"http://localhost:5000","path":"/api/products","status":200,"trace_id":"792c6042d07bd381612267a4269e9f10"}
{"time":"2026-05-31T04:01:33.5424253+03:00","level":"INFO","msg":"request","method":"GET","path":"/api/v1/products","status":200,"latency_ms":186,"trace_id":"792c6042d07bd381612267a4269e9f10","remote_addr":"[::1]:62995"}
{"time":"2026-05-31T04:01:33.585797+03:00","level":"INFO","msg":"proxy: upstream response","upstream":"http://localhost:5000","path":"/api/wishlist","status":200,"trace_id":"9c6d730c87b5e2104b1d606a43e9f800"}
{"time":"2026-05-31T04:01:33.585797+03:00","level":"INFO","msg":"request","method":"GET","path":"/api/v1/wishlist","status":200,"latency_ms":186,"trace_id":"9c6d730c87b5e2104b1d606a43e9f800","remote_addr":"[::1]:57754"}
{"time":"2026-05-31T04:01:34.4212535+03:00","level":"INFO","msg":"proxy: upstream response","upstream":"http://localhost:5003","path":"/ai/recommend/me","status":200,"trace_id":"2bcc34394aca4fc25f42f4b15374a0c8"}
{"time":"2026-05-31T04:01:34.4212535+03:00","level":"WARN","msg":"slow request","path":"/api/v1/ai/recommend/me","latency_ms":3213,"trace_id":"2bcc34394aca4fc25f42f4b15374a0c8"}
{"time":"2026-05-31T04:01:34.4212535+03:00","level":"INFO","msg":"request","method":"GET","path":"/api/v1/ai/recommend/me","status":200,"latency_ms":3213,"trace_id":"2bcc34394aca4fc25f42f4b15374a0c8","remote_addr":"[::1]:51465"}
{"time":"2026-05-31T04:01:34.5675584+03:00","level":"INFO","msg":"proxy: upstream response","upstream":"http://localhost:5003","path":"/ai/recommend/me","status":200,"trace_id":"703bfe8a242ee4eb6ff0f396faf70470"}
{"time":"2026-05-31T04:01:34.5675584+03:00","level":"INFO","msg":"request","method":"GET","path":"/api/v1/ai/recommend/me","status":200,"latency_ms":1210,"trace_id":"703bfe8a242ee4eb6ff0f396faf70470","remote_addr":"[::1]:62996"}
{"time":"2026-05-31T04:01:40.0386591+03:00","level":"INFO","msg":"reconciliation_worker: running health checks"}
{"time":"2026-05-31T04:02:10.0390143+03:00","level":"INFO","msg":"reconciliation_worker: running health checks"}
{"time":"2026-05-31T04:02:40.0386137+03:00","level":"INFO","msg":"reconciliation_worker: running health checks"}
{"time":"2026-05-31T04:02:41.9313938+03:00","level":"INFO","msg":"auth_event","event":"token_validated","user_id":"753658c7-916a-4b3b-97f3-201d89a0dcd2","trace_id":"f3b07e8cc7e7769e614640a8a7d2c0f3","success":true,"ts":"2026-05-31T01:02:41Z"}
{"time":"2026-05-31T04:02:42.4708714+03:00","level":"INFO","msg":"auth_event","event":"missing_token","user_id":"","trace_id":"860df2be1938c472629ee0db7fc9e755","success":false,"ts":"2026-05-31T01:02:42Z"}
{"time":"2026-05-31T04:02:42.4708714+03:00","level":"INFO","msg":"request","method":"GET","path":"/api/v1/products","status":401,"latency_ms":0,"trace_id":"860df2be1938c472629ee0db7fc9e755","remote_addr":"[::1]:60993"}
{"time":"2026-05-31T04:02:42.4714189+03:00","level":"INFO","msg":"auth_event","event":"missing_token","user_id":"","trace_id":"24002656b58a30b9fa309fb26a3d515a","success":false,"ts":"2026-05-31T01:02:42Z"}
{"time":"2026-05-31T04:02:42.4714189+03:00","level":"INFO","msg":"request","method":"GET","path":"/api/v1/ai/recommend/me","status":401,"latency_ms":0,"trace_id":"24002656b58a30b9fa309fb26a3d515a","remote_addr":"[::1]:60994"}
{"time":"2026-05-31T04:02:42.4714189+03:00","level":"INFO","msg":"auth_event","event":"missing_token","user_id":"","trace_id":"4c20529e248ad2c8eb8ebf0bdcd41365","success":false,"ts":"2026-05-31T01:02:42Z"}
{"time":"2026-05-31T04:02:42.4714189+03:00","level":"INFO","msg":"request","method":"GET","path":"/api/v1/wallet","status":401,"latency_ms":0,"trace_id":"4c20529e248ad2c8eb8ebf0bdcd41365","remote_addr":"[::1]:60995"}
{"time":"2026-05-31T04:02:42.4719793+03:00","level":"INFO","msg":"auth_event","event":"missing_token","user_id":"","trace_id":"f79f64c580745def91dd0326f7669083","success":false,"ts":"2026-05-31T01:02:42Z"}
{"time":"2026-05-31T04:02:42.4719793+03:00","level":"INFO","msg":"request","method":"GET","path":"/api/v1/wishlist","status":401,"latency_ms":0,"trace_id":"f79f64c580745def91dd0326f7669083","remote_addr":"[::1]:60996"}
{"time":"2026-05-31T04:02:42.5839+03:00","level":"INFO","msg":"proxy: upstream response","upstream":"http://localhost:5000","path":"/api/auth/refresh","status":200,"trace_id":"8d14f90131ac0264c9ab52c952628c74"}
{"time":"2026-05-31T04:02:42.5839+03:00","level":"INFO","msg":"proxy: upstream response","upstream":"http://localhost:5000","path":"/api/auth/refresh","status":200,"trace_id":"04ac54147b5302bb8c79ce0a033cc6cc"}
{"time":"2026-05-31T04:02:42.5839+03:00","level":"INFO","msg":"request","method":"POST","path":"/api/v1/auth/refresh","status":200,"latency_ms":81,"trace_id":"04ac54147b5302bb8c79ce0a033cc6cc","remote_addr":"[::1]:65010"}
{"time":"2026-05-31T04:02:42.5839+03:00","level":"INFO","msg":"request","method":"POST","path":"/api/v1/auth/refresh","status":200,"latency_ms":81,"trace_id":"8d14f90131ac0264c9ab52c952628c74","remote_addr":"[::1]:53102"}
{"time":"2026-05-31T04:02:42.8834988+03:00","level":"INFO","msg":"proxy: upstream response","upstream":"http://localhost:5000","path":"/api/auth/refresh","status":200,"trace_id":"1513c3c5144f97068c4f77abdee291ed"}
{"time":"2026-05-31T04:02:42.8834988+03:00","level":"INFO","msg":"request","method":"POST","path":"/api/v1/auth/refresh","status":200,"latency_ms":76,"trace_id":"1513c3c5144f97068c4f77abdee291ed","remote_addr":"[::1]:57626"}
{"time":"2026-05-31T04:02:42.8834988+03:00","level":"INFO","msg":"proxy: upstream response","upstream":"http://localhost:5000","path":"/api/auth/refresh","status":200,"trace_id":"b52e5e29402be04ea51b1e1c63ac81f7"}
{"time":"2026-05-31T04:02:42.8834988+03:00","level":"INFO","msg":"request","method":"POST","path":"/api/v1/auth/refresh","status":200,"latency_ms":76,"trace_id":"b52e5e29402be04ea51b1e1c63ac81f7","remote_addr":"[::1]:57625"}
{"time":"2026-05-31T04:02:42.8900832+03:00","level":"INFO","msg":"auth_event","event":"token_validated","user_id":"753658c7-916a-4b3b-97f3-201d89a0dcd2","trace_id":"95bfa5dbdf5a0750df194a4537da1a60","success":true,"ts":"2026-05-31T01:02:42Z"}
{"time":"2026-05-31T04:02:42.933331+03:00","level":"INFO","msg":"auth_event","event":"token_validated","user_id":"753658c7-916a-4b3b-97f3-201d89a0dcd2","trace_id":"a4c0217b3ab17a28caa1a600dac4fb68","success":true,"ts":"2026-05-31T01:02:42Z"}
{"time":"2026-05-31T04:02:42.9340487+03:00","level":"INFO","msg":"auth_event","event":"token_validated","user_id":"753658c7-916a-4b3b-97f3-201d89a0dcd2","trace_id":"04a44fff658530500b39245b6be777f7","success":true,"ts":"2026-05-31T01:02:42Z"}
{"time":"2026-05-31T04:02:43.045821+03:00","level":"INFO","msg":"proxy: upstream response","upstream":"http://localhost:5000","path":"/api/products","status":200,"trace_id":"95bfa5dbdf5a0750df194a4537da1a60"}
{"time":"2026-05-31T04:02:43.045821+03:00","level":"INFO","msg":"request","method":"GET","path":"/api/v1/products","status":200,"latency_ms":155,"trace_id":"95bfa5dbdf5a0750df194a4537da1a60","remote_addr":"[::1]:64360"}
{"time":"2026-05-31T04:02:43.1034911+03:00","level":"INFO","msg":"proxy: upstream response","upstream":"http://localhost:5000","path":"/api/wishlist","status":200,"trace_id":"04a44fff658530500b39245b6be777f7"}
{"time":"2026-05-31T04:02:43.1034911+03:00","level":"INFO","msg":"request","method":"GET","path":"/api/v1/wishlist","status":200,"latency_ms":170,"trace_id":"04a44fff658530500b39245b6be777f7","remote_addr":"[::1]:58846"}
{"time":"2026-05-31T04:02:43.1992863+03:00","level":"INFO","msg":"auth_event","event":"token_validated","user_id":"753658c7-916a-4b3b-97f3-201d89a0dcd2","trace_id":"3c5ef2a040284ee2416140ac8a4c7fd3","success":true,"ts":"2026-05-31T01:02:43Z"}
{"time":"2026-05-31T04:02:43.3501238+03:00","level":"INFO","msg":"proxy: upstream response","upstream":"http://localhost:5000","path":"/api/wallet","status":200,"trace_id":"3c5ef2a040284ee2416140ac8a4c7fd3"}
{"time":"2026-05-31T04:02:43.3501238+03:00","level":"INFO","msg":"request","method":"GET","path":"/api/v1/wallet","status":200,"latency_ms":150,"trace_id":"3c5ef2a040284ee2416140ac8a4c7fd3","remote_addr":"[::1]:54553"}
{"time":"2026-05-31T04:02:44.0440542+03:00","level":"INFO","msg":"proxy: upstream response","upstream":"http://localhost:5003","path":"/ai/recommend/me","status":200,"trace_id":"f3b07e8cc7e7769e614640a8a7d2c0f3"}
{"time":"2026-05-31T04:02:44.0440542+03:00","level":"WARN","msg":"slow request","path":"/api/v1/ai/recommend/me","latency_ms":2112,"trace_id":"f3b07e8cc7e7769e614640a8a7d2c0f3"}
{"time":"2026-05-31T04:02:44.0440542+03:00","level":"INFO","msg":"request","method":"GET","path":"/api/v1/ai/recommend/me","status":200,"latency_ms":2112,"trace_id":"f3b07e8cc7e7769e614640a8a7d2c0f3","remote_addr":"[::1]:58292"}
{"time":"2026-05-31T04:02:44.3138669+03:00","level":"INFO","msg":"proxy: upstream response","upstream":"http://localhost:5003","path":"/ai/recommend/me","status":200,"trace_id":"a4c0217b3ab17a28caa1a600dac4fb68"}
{"time":"2026-05-31T04:02:44.3138669+03:00","level":"INFO","msg":"request","method":"GET","path":"/api/v1/ai/recommend/me","status":200,"latency_ms":1380,"trace_id":"a4c0217b3ab17a28caa1a600dac4fb68","remote_addr":"[::1]:58845"}
{"time":"2026-05-31T04:03:10.0389575+03:00","level":"INFO","msg":"reconciliation_worker: running health checks"}
{"time":"2026-05-31T04:03:40.0388373+03:00","level":"INFO","msg":"reconciliation_worker: running health checks"}
{"time":"2026-05-31T04:04:10.0390143+03:00","level":"INFO","msg":"reconciliation_worker: running health checks"}
{"time":"2026-05-31T04:04:40.038605+03:00","level":"INFO","msg":"reconciliation_worker: running health checks"}
{"time":"2026-05-31T04:05:10.0388244+03:00","level":"INFO","msg":"reconciliation_worker: running health checks"}
{"time":"2026-05-31T04:05:40.0387122+03:00","level":"INFO","msg":"reconciliation_worker: running health checks"}
{"time":"2026-05-31T04:05:59.0363462+03:00","level":"INFO","msg":"auth_event","event":"token_validated","user_id":"753658c7-916a-4b3b-97f3-201d89a0dcd2","trace_id":"c969c7ad0bb8f9c62ebabe4942ed9009","success":true,"ts":"2026-05-31T01:05:59Z"}
{"time":"2026-05-31T04:06:01.970221+03:00","level":"INFO","msg":"proxy: upstream response","upstream":"http://localhost:5003","path":"/ai/recommend/me","status":200,"trace_id":"c969c7ad0bb8f9c62ebabe4942ed9009"}
{"time":"2026-05-31T04:06:01.970221+03:00","level":"WARN","msg":"slow request","path":"/api/v1/ai/recommend/me","latency_ms":2933,"trace_id":"c969c7ad0bb8f9c62ebabe4942ed9009"}
{"time":"2026-05-31T04:06:01.970221+03:00","level":"INFO","msg":"request","method":"GET","path":"/api/v1/ai/recommend/me","status":200,"latency_ms":2933,"trace_id":"c969c7ad0bb8f9c62ebabe4942ed9009","remote_addr":"[::1]:61446"}
{"time":"2026-05-31T04:06:07.9723822+03:00","level":"INFO","msg":"auth_event","event":"token_validated","user_id":"753658c7-916a-4b3b-97f3-201d89a0dcd2","trace_id":"f3a9a5b93a886005b25859e449f3e47d","success":true,"ts":"2026-05-31T01:06:07Z"}
{"time":"2026-05-31T04:06:07.9737749+03:00","level":"WARN","msg":"proxy: upstream unavailable","upstream":"http://localhost:5003","err":"Post \"http://localhost:5003/ai/deep-search\": read tcp [::1]:61447->[::1]:5003: wsarecv: An existing connection was forcibly closed by the remote host.","trace_id":"f3a9a5b93a886005b25859e449f3e47d"}
{"time":"2026-05-31T04:06:07.976158+03:00","level":"INFO","msg":"request","method":"POST","path":"/api/v1/ai/deep-search","status":503,"latency_ms":3,"trace_id":"f3a9a5b93a886005b25859e449f3e47d","remote_addr":"[::1]:51906"}
{"time":"2026-05-31T04:06:10.0391447+03:00","level":"INFO","msg":"reconciliation_worker: running health checks"}
{"time":"2026-05-31T04:06:16.7334633+03:00","level":"INFO","msg":"auth_event","event":"token_validated","user_id":"753658c7-916a-4b3b-97f3-201d89a0dcd2","trace_id":"a9cc25bc039a23d10e7253cd81e58a04","success":true,"ts":"2026-05-31T01:06:16Z"}
{"time":"2026-05-31T04:06:20.3117855+03:00","level":"INFO","msg":"proxy: upstream response","upstream":"http://localhost:5003","path":"/ai/deep-search","status":200,"trace_id":"a9cc25bc039a23d10e7253cd81e58a04"}
{"time":"2026-05-31T04:06:20.3123178+03:00","level":"WARN","msg":"slow request","path":"/api/v1/ai/deep-search","latency_ms":3578,"trace_id":"a9cc25bc039a23d10e7253cd81e58a04"}
{"time":"2026-05-31T04:06:20.3123178+03:00","level":"INFO","msg":"request","method":"POST","path":"/api/v1/ai/deep-search","status":200,"latency_ms":3578,"trace_id":"a9cc25bc039a23d10e7253cd81e58a04","remote_addr":"[::1]:56915"}
{"time":"2026-05-31T04:06:24.1053759+03:00","level":"INFO","msg":"auth_event","event":"token_validated","user_id":"753658c7-916a-4b3b-97f3-201d89a0dcd2","trace_id":"d98722ed144fc8d2712811457c1d6c40","success":true,"ts":"2026-05-31T01:06:24Z"}
{"time":"2026-05-31T04:06:24.1073987+03:00","level":"INFO","msg":"proxy: upstream response","upstream":"http://localhost:5003","path":"/seller-report/MyPal","status":404,"trace_id":"d98722ed144fc8d2712811457c1d6c40"}
{"time":"2026-05-31T04:06:24.1073987+03:00","level":"INFO","msg":"request","method":"GET","path":"/api/v1/seller-report/MyPal","status":404,"latency_ms":2,"trace_id":"d98722ed144fc8d2712811457c1d6c40","remote_addr":"[::1]:56015"}
{"time":"2026-05-31T04:06:40.039094+03:00","level":"INFO","msg":"reconciliation_worker: running health checks"}
{"time":"2026-05-31T04:06:46.7449938+03:00","level":"INFO","msg":"auth_event","event":"token_validated","user_id":"753658c7-916a-4b3b-97f3-201d89a0dcd2","trace_id":"d5d936bb5c141845b00144bca980a790","success":true,"ts":"2026-05-31T01:06:46Z"}
{"time":"2026-05-31T04:06:46.7749951+03:00","level":"INFO","msg":"proxy: upstream response","upstream":"http://localhost:5003","path":"/seller-report/MyPal","status":404,"trace_id":"d5d936bb5c141845b00144bca980a790"}
{"time":"2026-05-31T04:06:46.7749951+03:00","level":"INFO","msg":"request","method":"GET","path":"/api/v1/seller-report/MyPal","status":404,"latency_ms":30,"trace_id":"d5d936bb5c141845b00144bca980a790","remote_addr":"[::1]:56228"}
{"time":"2026-05-31T04:07:04.3883305+03:00","level":"INFO","msg":"auth_event","event":"token_validated","user_id":"753658c7-916a-4b3b-97f3-201d89a0dcd2","trace_id":"2fe6466c180b7af044d9333be346d101","success":true,"ts":"2026-05-31T01:07:04Z"}
{"time":"2026-05-31T04:07:04.7033461+03:00","level":"INFO","msg":"auth_event","event":"token_validated","user_id":"753658c7-916a-4b3b-97f3-201d89a0dcd2","trace_id":"253ff5092702d68d9f42f641eb2107d0","success":true,"ts":"2026-05-31T01:07:04Z"}
{"time":"2026-05-31T04:07:04.7038645+03:00","level":"INFO","msg":"auth_event","event":"token_validated","user_id":"753658c7-916a-4b3b-97f3-201d89a0dcd2","trace_id":"b8b27d4d2ed3176c3e7c1817172c27a5","success":true,"ts":"2026-05-31T01:07:04Z"}
{"time":"2026-05-31T04:07:04.7259692+03:00","level":"INFO","msg":"auth_event","event":"token_validated","user_id":"753658c7-916a-4b3b-97f3-201d89a0dcd2","trace_id":"21bd2f9329eac31ff24688097b30f07d","success":true,"ts":"2026-05-31T01:07:04Z"}
{"time":"2026-05-31T04:07:05.1253173+03:00","level":"INFO","msg":"proxy: upstream response","upstream":"http://localhost:5000","path":"/api/products","status":200,"trace_id":"2fe6466c180b7af044d9333be346d101"}
{"time":"2026-05-31T04:07:05.1253173+03:00","level":"INFO","msg":"request","method":"GET","path":"/api/v1/products","status":200,"latency_ms":736,"trace_id":"2fe6466c180b7af044d9333be346d101","remote_addr":"[::1]:55044"}
{"time":"2026-05-31T04:07:05.3232079+03:00","level":"INFO","msg":"proxy: upstream response","upstream":"http://localhost:5000","path":"/api/wallet","status":200,"trace_id":"253ff5092702d68d9f42f641eb2107d0"}
{"time":"2026-05-31T04:07:05.3232079+03:00","level":"INFO","msg":"request","method":"GET","path":"/api/v1/wallet","status":200,"latency_ms":619,"trace_id":"253ff5092702d68d9f42f641eb2107d0","remote_addr":"[::1]:56758"}
{"time":"2026-05-31T04:07:05.407062+03:00","level":"INFO","msg":"proxy: upstream response","upstream":"http://localhost:5000","path":"/api/wishlist","status":200,"trace_id":"21bd2f9329eac31ff24688097b30f07d"}
{"time":"2026-05-31T04:07:05.407062+03:00","level":"INFO","msg":"request","method":"GET","path":"/api/v1/wishlist","status":200,"latency_ms":681,"trace_id":"21bd2f9329eac31ff24688097b30f07d","remote_addr":"[::1]:59189"}
{"time":"2026-05-31T04:07:06.8129229+03:00","level":"INFO","msg":"proxy: upstream response","upstream":"http://localhost:5003","path":"/ai/recommend/me","status":200,"trace_id":"b8b27d4d2ed3176c3e7c1817172c27a5"}
{"time":"2026-05-31T04:07:06.8129229+03:00","level":"WARN","msg":"slow request","path":"/api/v1/ai/recommend/me","latency_ms":2109,"trace_id":"b8b27d4d2ed3176c3e7c1817172c27a5"}
{"time":"2026-05-31T04:07:06.8129229+03:00","level":"INFO","msg":"request","method":"GET","path":"/api/v1/ai/recommend/me","status":200,"latency_ms":2109,"trace_id":"b8b27d4d2ed3176c3e7c1817172c27a5","remote_addr":"[::1]:56759"}
{"time":"2026-05-31T04:07:10.0387176+03:00","level":"INFO","msg":"reconciliation_worker: running health checks"}
{"time":"2026-05-31T04:07:22.7527568+03:00","level":"INFO","msg":"auth_event","event":"missing_token","user_id":"","trace_id":"01c9e844effc642134a568d148ca42e9","success":false,"ts":"2026-05-31T01:07:22Z"}
{"time":"2026-05-31T04:07:22.7533417+03:00","level":"INFO","msg":"request","method":"GET","path":"/api/v1/products","status":401,"latency_ms":0,"trace_id":"01c9e844effc642134a568d148ca42e9","remote_addr":"[::1]:54317"}
{"time":"2026-05-31T04:07:22.7533417+03:00","level":"INFO","msg":"auth_event","event":"missing_token","user_id":"","trace_id":"3cea05d44cd62bb357e271148ecafae2","success":false,"ts":"2026-05-31T01:07:22Z"}
{"time":"2026-05-31T04:07:22.7533417+03:00","level":"INFO","msg":"request","method":"GET","path":"/api/v1/wallet","status":401,"latency_ms":0,"trace_id":"3cea05d44cd62bb357e271148ecafae2","remote_addr":"[::1]:54318"}
{"time":"2026-05-31T04:07:22.7533417+03:00","level":"INFO","msg":"auth_event","event":"missing_token","user_id":"","trace_id":"419e33ec996d8ef16a0ba9ee77726b27","success":false,"ts":"2026-05-31T01:07:22Z"}
{"time":"2026-05-31T04:07:22.7533417+03:00","level":"INFO","msg":"request","method":"GET","path":"/api/v1/ai/recommend/me","status":401,"latency_ms":0,"trace_id":"419e33ec996d8ef16a0ba9ee77726b27","remote_addr":"[::1]:54319"}
{"time":"2026-05-31T04:07:22.753966+03:00","level":"INFO","msg":"auth_event","event":"missing_token","user_id":"","trace_id":"408657f58b56ccaf5c0395e9e6b60f63","success":false,"ts":"2026-05-31T01:07:22Z"}
{"time":"2026-05-31T04:07:22.753966+03:00","level":"INFO","msg":"request","method":"GET","path":"/api/v1/wishlist","status":401,"latency_ms":0,"trace_id":"408657f58b56ccaf5c0395e9e6b60f63","remote_addr":"[::1]:54320"}
{"time":"2026-05-31T04:07:22.8732431+03:00","level":"INFO","msg":"proxy: upstream response","upstream":"http://localhost:5000","path":"/api/auth/refresh","status":200,"trace_id":"73499346b1607635241dcf3150334817"}
{"time":"2026-05-31T04:07:22.8732431+03:00","level":"INFO","msg":"request","method":"POST","path":"/api/v1/auth/refresh","status":200,"latency_ms":89,"trace_id":"73499346b1607635241dcf3150334817","remote_addr":"[::1]:54323"}
{"time":"2026-05-31T04:07:22.8737521+03:00","level":"INFO","msg":"proxy: upstream response","upstream":"http://localhost:5000","path":"/api/auth/refresh","status":200,"trace_id":"3f11df653fa674093da6f1ba5a42fbf0"}
{"time":"2026-05-31T04:07:22.8737521+03:00","level":"INFO","msg":"request","method":"POST","path":"/api/v1/auth/refresh","status":200,"latency_ms":81,"trace_id":"3f11df653fa674093da6f1ba5a42fbf0","remote_addr":"[::1]:54325"}
{"time":"2026-05-31T04:07:23.1817351+03:00","level":"INFO","msg":"proxy: upstream response","upstream":"http://localhost:5000","path":"/api/auth/refresh","status":200,"trace_id":"00d8ef354b9ac4e71b69eaa8bdd95c56"}
{"time":"2026-05-31T04:07:23.1817351+03:00","level":"INFO","msg":"request","method":"POST","path":"/api/v1/auth/refresh","status":200,"latency_ms":78,"trace_id":"00d8ef354b9ac4e71b69eaa8bdd95c56","remote_addr":"[::1]:53327"}
{"time":"2026-05-31T04:07:23.1817351+03:00","level":"INFO","msg":"proxy: upstream response","upstream":"http://localhost:5000","path":"/api/auth/refresh","status":200,"trace_id":"4f9fe61c77a5141b02365f382606ffc1"}
{"time":"2026-05-31T04:07:23.1817351+03:00","level":"INFO","msg":"request","method":"POST","path":"/api/v1/auth/refresh","status":200,"latency_ms":77,"trace_id":"4f9fe61c77a5141b02365f382606ffc1","remote_addr":"[::1]:53328"}
{"time":"2026-05-31T04:07:23.2748949+03:00","level":"INFO","msg":"auth_event","event":"token_validated","user_id":"753658c7-916a-4b3b-97f3-201d89a0dcd2","trace_id":"4090ea12365c58f09636d806fc3a31ba","success":true,"ts":"2026-05-31T01:07:23Z"}
{"time":"2026-05-31T04:07:23.2748949+03:00","level":"INFO","msg":"auth_event","event":"token_validated","user_id":"753658c7-916a-4b3b-97f3-201d89a0dcd2","trace_id":"833ca32a7f249c01d9aebeb298fe2a25","success":true,"ts":"2026-05-31T01:07:23Z"}
{"time":"2026-05-31T04:07:23.2769942+03:00","level":"INFO","msg":"auth_event","event":"token_validated","user_id":"753658c7-916a-4b3b-97f3-201d89a0dcd2","trace_id":"43971c6a8b4710b9a50ae73a8d9746e8","success":true,"ts":"2026-05-31T01:07:23Z"}
{"time":"2026-05-31T04:07:23.433412+03:00","level":"INFO","msg":"proxy: upstream response","upstream":"http://localhost:5000","path":"/api/wallet","status":200,"trace_id":"833ca32a7f249c01d9aebeb298fe2a25"}
{"time":"2026-05-31T04:07:23.433412+03:00","level":"INFO","msg":"request","method":"GET","path":"/api/v1/wallet","status":200,"latency_ms":158,"trace_id":"833ca32a7f249c01d9aebeb298fe2a25","remote_addr":"[::1]:55219"}
{"time":"2026-05-31T04:07:23.4344619+03:00","level":"INFO","msg":"proxy: upstream response","upstream":"http://localhost:5000","path":"/api/products","status":200,"trace_id":"4090ea12365c58f09636d806fc3a31ba"}
{"time":"2026-05-31T04:07:23.4344619+03:00","level":"INFO","msg":"request","method":"GET","path":"/api/v1/products","status":200,"latency_ms":161,"trace_id":"4090ea12365c58f09636d806fc3a31ba","remote_addr":"[::1]:55218"}
{"time":"2026-05-31T04:07:23.503073+03:00","level":"INFO","msg":"auth_event","event":"token_validated","user_id":"753658c7-916a-4b3b-97f3-201d89a0dcd2","trace_id":"f6c559cbfe741f5fa44ec19d1dee0320","success":true,"ts":"2026-05-31T01:07:23Z"}
{"time":"2026-05-31T04:07:23.6607434+03:00","level":"INFO","msg":"proxy: upstream response","upstream":"http://localhost:5000","path":"/api/wishlist","status":200,"trace_id":"f6c559cbfe741f5fa44ec19d1dee0320"}
{"time":"2026-05-31T04:07:23.6607434+03:00","level":"INFO","msg":"request","method":"GET","path":"/api/v1/wishlist","status":200,"latency_ms":157,"trace_id":"f6c559cbfe741f5fa44ec19d1dee0320","remote_addr":"[::1]:58027"}
{"time":"2026-05-31T04:07:25.4202209+03:00","level":"INFO","msg":"proxy: upstream response","upstream":"http://localhost:5003","path":"/ai/recommend/me","status":200,"trace_id":"43971c6a8b4710b9a50ae73a8d9746e8"}
{"time":"2026-05-31T04:07:25.4202209+03:00","level":"WARN","msg":"slow request","path":"/api/v1/ai/recommend/me","latency_ms":2143,"trace_id":"43971c6a8b4710b9a50ae73a8d9746e8"}
{"time":"2026-05-31T04:07:25.4202209+03:00","level":"INFO","msg":"request","method":"GET","path":"/api/v1/ai/recommend/me","status":200,"latency_ms":2143,"trace_id":"43971c6a8b4710b9a50ae73a8d9746e8","remote_addr":"[::1]:55220"}
{"time":"2026-05-31T04:07:27.1019565+03:00","level":"INFO","msg":"auth_event","event":"token_validated","user_id":"753658c7-916a-4b3b-97f3-201d89a0dcd2","trace_id":"2042fe0bffc773c32473b36458bacb63","success":true,"ts":"2026-05-31T01:07:27Z"}
{"time":"2026-05-31T04:07:27.1377472+03:00","level":"INFO","msg":"auth_event","event":"token_validated","user_id":"753658c7-916a-4b3b-97f3-201d89a0dcd2","trace_id":"22384840bd2c0a8febd4c4e1938fdd19","success":true,"ts":"2026-05-31T01:07:27Z"}
{"time":"2026-05-31T04:07:27.1382951+03:00","level":"INFO","msg":"auth_event","event":"token_validated","user_id":"753658c7-916a-4b3b-97f3-201d89a0dcd2","trace_id":"98d3781be4da373b679fc21d9332cce2","success":true,"ts":"2026-05-31T01:07:27Z"}
{"time":"2026-05-31T04:07:27.1377472+03:00","level":"INFO","msg":"auth_event","event":"token_validated","user_id":"753658c7-916a-4b3b-97f3-201d89a0dcd2","trace_id":"6fd65d63e3b12310794c6ae75ce9e103","success":true,"ts":"2026-05-31T01:07:27Z"}
{"time":"2026-05-31T04:07:27.2619853+03:00","level":"INFO","msg":"proxy: upstream response","upstream":"http://localhost:5000","path":"/api/products","status":200,"trace_id":"2042fe0bffc773c32473b36458bacb63"}
{"time":"2026-05-31T04:07:27.2619853+03:00","level":"INFO","msg":"request","method":"GET","path":"/api/v1/products","status":200,"latency_ms":160,"trace_id":"2042fe0bffc773c32473b36458bacb63","remote_addr":"[::1]:59519"}
{"time":"2026-05-31T04:07:27.3174913+03:00","level":"INFO","msg":"proxy: upstream response","upstream":"http://localhost:5000","path":"/api/wallet","status":200,"trace_id":"6fd65d63e3b12310794c6ae75ce9e103"}
{"time":"2026-05-31T04:07:27.3174913+03:00","level":"INFO","msg":"request","method":"GET","path":"/api/v1/wallet","status":200,"latency_ms":179,"trace_id":"6fd65d63e3b12310794c6ae75ce9e103","remote_addr":"[::1]:51147"}
{"time":"2026-05-31T04:07:27.3174913+03:00","level":"INFO","msg":"proxy: upstream response","upstream":"http://localhost:5000","path":"/api/wishlist","status":200,"trace_id":"98d3781be4da373b679fc21d9332cce2"}
{"time":"2026-05-31T04:07:27.3174913+03:00","level":"INFO","msg":"request","method":"GET","path":"/api/v1/wishlist","status":200,"latency_ms":179,"trace_id":"98d3781be4da373b679fc21d9332cce2","remote_addr":"[::1]:51149"}
{"time":"2026-05-31T04:07:28.1420349+03:00","level":"INFO","msg":"proxy: upstream response","upstream":"http://localhost:5003","path":"/ai/recommend/me","status":200,"trace_id":"22384840bd2c0a8febd4c4e1938fdd19"}
{"time":"2026-05-31T04:07:28.1420349+03:00","level":"INFO","msg":"request","method":"GET","path":"/api/v1/ai/recommend/me","status":200,"latency_ms":1004,"trace_id":"22384840bd2c0a8febd4c4e1938fdd19","remote_addr":"[::1]:51148"}
{"time":"2026-05-31T04:07:40.0387675+03:00","level":"INFO","msg":"reconciliation_worker: running health checks"}
{"time":"2026-05-31T04:08:10.0392716+03:00","level":"INFO","msg":"reconciliation_worker: running health checks"}
{"time":"2026-05-31T04:08:29.2047374+03:00","level":"INFO","msg":"auth_event","event":"token_validated","user_id":"753658c7-916a-4b3b-97f3-201d89a0dcd2","trace_id":"89ac68975a949067228027d987b3c36a","success":true,"ts":"2026-05-31T01:08:29Z"}
{"time":"2026-05-31T04:08:29.2047374+03:00","level":"INFO","msg":"auth_event","event":"token_validated","user_id":"753658c7-916a-4b3b-97f3-201d89a0dcd2","trace_id":"c35e6ea59687b900be899a3c712bfe69","success":true,"ts":"2026-05-31T01:08:29Z"}
{"time":"2026-05-31T04:08:29.3174492+03:00","level":"INFO","msg":"auth_event","event":"token_validated","user_id":"753658c7-916a-4b3b-97f3-201d89a0dcd2","trace_id":"c654c57ecb276a9c11f490fc7690b73f","success":true,"ts":"2026-05-31T01:08:29Z"}
{"time":"2026-05-31T04:08:29.3627212+03:00","level":"INFO","msg":"proxy: upstream response","upstream":"http://localhost:5000","path":"/api/wallet","status":200,"trace_id":"c35e6ea59687b900be899a3c712bfe69"}
{"time":"2026-05-31T04:08:29.3627212+03:00","level":"INFO","msg":"request","method":"GET","path":"/api/v1/wallet","status":200,"latency_ms":157,"trace_id":"c35e6ea59687b900be899a3c712bfe69","remote_addr":"[::1]:57616"}
{"time":"2026-05-31T04:08:29.3737832+03:00","level":"INFO","msg":"proxy: upstream response","upstream":"http://localhost:5000","path":"/api/products","status":200,"trace_id":"89ac68975a949067228027d987b3c36a"}
{"time":"2026-05-31T04:08:29.3743324+03:00","level":"INFO","msg":"request","method":"GET","path":"/api/v1/products","status":200,"latency_ms":170,"trace_id":"89ac68975a949067228027d987b3c36a","remote_addr":"[::1]:57615"}
{"time":"2026-05-31T04:08:29.5120745+03:00","level":"INFO","msg":"auth_event","event":"token_validated","user_id":"753658c7-916a-4b3b-97f3-201d89a0dcd2","trace_id":"6cf7480d260f7bde8f7b0240ac393141","success":true,"ts":"2026-05-31T01:08:29Z"}
{"time":"2026-05-31T04:08:29.6741091+03:00","level":"INFO","msg":"proxy: upstream response","upstream":"http://localhost:5000","path":"/api/wishlist","status":200,"trace_id":"6cf7480d260f7bde8f7b0240ac393141"}
{"time":"2026-05-31T04:08:29.6741091+03:00","level":"INFO","msg":"request","method":"GET","path":"/api/v1/wishlist","status":200,"latency_ms":162,"trace_id":"6cf7480d260f7bde8f7b0240ac393141","remote_addr":"[::1]:49378"}
{"time":"2026-05-31T04:08:30.6634303+03:00","level":"INFO","msg":"auth_event","event":"missing_token","user_id":"","trace_id":"fd04ea6576eb472faecc8f65a5f4bcad","success":false,"ts":"2026-05-31T01:08:30Z"}
{"time":"2026-05-31T04:08:30.6634303+03:00","level":"INFO","msg":"request","method":"GET","path":"/api/v1/products","status":401,"latency_ms":0,"trace_id":"fd04ea6576eb472faecc8f65a5f4bcad","remote_addr":"[::1]:55305"}
{"time":"2026-05-31T04:08:30.6639388+03:00","level":"INFO","msg":"auth_event","event":"missing_token","user_id":"","trace_id":"cdcbb44cf4852f497e24ff12538e1524","success":false,"ts":"2026-05-31T01:08:30Z"}
{"time":"2026-05-31T04:08:30.6639388+03:00","level":"INFO","msg":"request","method":"GET","path":"/api/v1/wallet","status":401,"latency_ms":0,"trace_id":"cdcbb44cf4852f497e24ff12538e1524","remote_addr":"[::1]:55306"}
{"time":"2026-05-31T04:08:30.6639388+03:00","level":"INFO","msg":"auth_event","event":"missing_token","user_id":"","trace_id":"89bc63b684e771619ed1e7f1ceb062ef","success":false,"ts":"2026-05-31T01:08:30Z"}
{"time":"2026-05-31T04:08:30.6639388+03:00","level":"INFO","msg":"request","method":"GET","path":"/api/v1/ai/recommend/me","status":401,"latency_ms":0,"trace_id":"89bc63b684e771619ed1e7f1ceb062ef","remote_addr":"[::1]:55307"}
{"time":"2026-05-31T04:08:30.6644791+03:00","level":"INFO","msg":"auth_event","event":"missing_token","user_id":"","trace_id":"b0068061de3856cd0bf31efd6a3dfdf1","success":false,"ts":"2026-05-31T01:08:30Z"}
{"time":"2026-05-31T04:08:30.6644791+03:00","level":"INFO","msg":"request","method":"GET","path":"/api/v1/wishlist","status":401,"latency_ms":0,"trace_id":"b0068061de3856cd0bf31efd6a3dfdf1","remote_addr":"[::1]:55308"}
{"time":"2026-05-31T04:08:30.783773+03:00","level":"INFO","msg":"proxy: upstream response","upstream":"http://localhost:5000","path":"/api/auth/refresh","status":200,"trace_id":"bfdb135ff9f676b41c43a8cab5dfc541"}
{"time":"2026-05-31T04:08:30.783773+03:00","level":"INFO","msg":"proxy: upstream response","upstream":"http://localhost:5000","path":"/api/auth/refresh","status":200,"trace_id":"8835e165bb1da62325a0e74aa8383524"}
{"time":"2026-05-31T04:08:30.783773+03:00","level":"INFO","msg":"request","method":"POST","path":"/api/v1/auth/refresh","status":200,"latency_ms":80,"trace_id":"8835e165bb1da62325a0e74aa8383524","remote_addr":"[::1]:54120"}
{"time":"2026-05-31T04:08:30.783773+03:00","level":"INFO","msg":"request","method":"POST","path":"/api/v1/auth/refresh","status":200,"latency_ms":79,"trace_id":"bfdb135ff9f676b41c43a8cab5dfc541","remote_addr":"[::1]:54121"}
{"time":"2026-05-31T04:08:31.052208+03:00","level":"INFO","msg":"auth_event","event":"token_validated","user_id":"753658c7-916a-4b3b-97f3-201d89a0dcd2","trace_id":"0afd656e79565ffc4ca16711b899c840","success":true,"ts":"2026-05-31T01:08:31Z"}
{"time":"2026-05-31T04:08:31.0829256+03:00","level":"INFO","msg":"proxy: upstream response","upstream":"http://localhost:5000","path":"/api/auth/refresh","status":200,"trace_id":"badfb678de8e6c05c3acdf0bcf18b54e"}
{"time":"2026-05-31T04:08:31.0829256+03:00","level":"INFO","msg":"request","method":"POST","path":"/api/v1/auth/refresh","status":200,"latency_ms":74,"trace_id":"badfb678de8e6c05c3acdf0bcf18b54e","remote_addr":"[::1]:58266"}
{"time":"2026-05-31T04:08:31.1330141+03:00","level":"INFO","msg":"proxy: upstream response","upstream":"http://localhost:5000","path":"/api/auth/refresh","status":200,"trace_id":"28734c06170f41d5b9e46a491578682f"}
{"time":"2026-05-31T04:08:31.1330141+03:00","level":"INFO","msg":"request","method":"POST","path":"/api/v1/auth/refresh","status":200,"latency_ms":81,"trace_id":"28734c06170f41d5b9e46a491578682f","remote_addr":"[::1]:57729"}
{"time":"2026-05-31T04:08:31.2148604+03:00","level":"INFO","msg":"proxy: upstream response","upstream":"http://localhost:5000","path":"/api/products","status":200,"trace_id":"0afd656e79565ffc4ca16711b899c840"}
{"time":"2026-05-31T04:08:31.2148604+03:00","level":"INFO","msg":"request","method":"GET","path":"/api/v1/products","status":200,"latency_ms":162,"trace_id":"0afd656e79565ffc4ca16711b899c840","remote_addr":"[::1]:57730"}
{"time":"2026-05-31T04:08:31.243246+03:00","level":"INFO","msg":"auth_event","event":"token_validated","user_id":"753658c7-916a-4b3b-97f3-201d89a0dcd2","trace_id":"3d81f22e85a3aede60174861890e2f6b","success":true,"ts":"2026-05-31T01:08:31Z"}
{"time":"2026-05-31T04:08:31.243246+03:00","level":"INFO","msg":"auth_event","event":"token_validated","user_id":"753658c7-916a-4b3b-97f3-201d89a0dcd2","trace_id":"095f52fd4a8117569820d352eed3db17","success":true,"ts":"2026-05-31T01:08:31Z"}
{"time":"2026-05-31T04:08:31.3989218+03:00","level":"INFO","msg":"auth_event","event":"token_validated","user_id":"753658c7-916a-4b3b-97f3-201d89a0dcd2","trace_id":"53a78a5458fe076f42c0e21be60084c3","success":true,"ts":"2026-05-31T01:08:31Z"}
{"time":"2026-05-31T04:08:31.4029393+03:00","level":"INFO","msg":"proxy: upstream response","upstream":"http://localhost:5000","path":"/api/wallet","status":200,"trace_id":"3d81f22e85a3aede60174861890e2f6b"}
{"time":"2026-05-31T04:08:31.4029393+03:00","level":"INFO","msg":"request","method":"GET","path":"/api/v1/wallet","status":200,"latency_ms":159,"trace_id":"3d81f22e85a3aede60174861890e2f6b","remote_addr":"[::1]:61016"}
{"time":"2026-05-31T04:08:31.5526563+03:00","level":"INFO","msg":"proxy: upstream response","upstream":"http://localhost:5000","path":"/api/wishlist","status":200,"trace_id":"53a78a5458fe076f42c0e21be60084c3"}
{"time":"2026-05-31T04:08:31.5526563+03:00","level":"INFO","msg":"request","method":"GET","path":"/api/v1/wishlist","status":200,"latency_ms":153,"trace_id":"53a78a5458fe076f42c0e21be60084c3","remote_addr":"[::1]:55024"}
{"time":"2026-05-31T04:08:31.6235242+03:00","level":"INFO","msg":"proxy: upstream response","upstream":"http://localhost:5003","path":"/ai/recommend/me","status":200,"trace_id":"c654c57ecb276a9c11f490fc7690b73f"}
{"time":"2026-05-31T04:08:31.6235242+03:00","level":"WARN","msg":"slow request","path":"/api/v1/ai/recommend/me","latency_ms":2305,"trace_id":"c654c57ecb276a9c11f490fc7690b73f"}
{"time":"2026-05-31T04:08:31.6243113+03:00","level":"INFO","msg":"request","method":"GET","path":"/api/v1/ai/recommend/me","status":200,"latency_ms":2306,"trace_id":"c654c57ecb276a9c11f490fc7690b73f","remote_addr":"[::1]:57617"}
{"time":"2026-05-31T04:08:32.2018377+03:00","level":"INFO","msg":"auth_event","event":"token_validated","user_id":"753658c7-916a-4b3b-97f3-201d89a0dcd2","trace_id":"8c65c615ab1f19b274a4783f7448e39e","success":true,"ts":"2026-05-31T01:08:32Z"}
{"time":"2026-05-31T04:08:32.2191979+03:00","level":"INFO","msg":"auth_event","event":"token_validated","user_id":"753658c7-916a-4b3b-97f3-201d89a0dcd2","trace_id":"4c41749495e9fa97cfd7c2f7e0ba7101","success":true,"ts":"2026-05-31T01:08:32Z"}
{"time":"2026-05-31T04:08:32.2701994+03:00","level":"INFO","msg":"auth_event","event":"token_validated","user_id":"753658c7-916a-4b3b-97f3-201d89a0dcd2","trace_id":"499941a5b108d99a4c8f4b18906ff775","success":true,"ts":"2026-05-31T01:08:32Z"}
{"time":"2026-05-31T04:08:32.3280127+03:00","level":"INFO","msg":"proxy: upstream response","upstream":"http://localhost:5003","path":"/ai/recommend/me","status":200,"trace_id":"095f52fd4a8117569820d352eed3db17"}
{"time":"2026-05-31T04:08:32.3280127+03:00","level":"INFO","msg":"request","method":"GET","path":"/api/v1/ai/recommend/me","status":200,"latency_ms":1084,"trace_id":"095f52fd4a8117569820d352eed3db17","remote_addr":"[::1]:61017"}
{"time":"2026-05-31T04:08:32.4982277+03:00","level":"INFO","msg":"auth_event","event":"token_validated","user_id":"753658c7-916a-4b3b-97f3-201d89a0dcd2","trace_id":"64dd4b1c15659743e1e5286c5700eeae","success":true,"ts":"2026-05-31T01:08:32Z"}
{"time":"2026-05-31T04:08:32.5797857+03:00","level":"INFO","msg":"proxy: upstream response","upstream":"http://localhost:5000","path":"/api/wallet","status":200,"trace_id":"4c41749495e9fa97cfd7c2f7e0ba7101"}
{"time":"2026-05-31T04:08:32.5797857+03:00","level":"INFO","msg":"request","method":"GET","path":"/api/v1/wallet","status":200,"latency_ms":360,"trace_id":"4c41749495e9fa97cfd7c2f7e0ba7101","remote_addr":"[::1]:61300"}
{"time":"2026-05-31T04:08:32.5873864+03:00","level":"INFO","msg":"proxy: upstream response","upstream":"http://localhost:5000","path":"/api/products","status":200,"trace_id":"8c65c615ab1f19b274a4783f7448e39e"}
{"time":"2026-05-31T04:08:32.5873864+03:00","level":"INFO","msg":"request","method":"GET","path":"/api/v1/products","status":200,"latency_ms":385,"trace_id":"8c65c615ab1f19b274a4783f7448e39e","remote_addr":"[::1]:57695"}
{"time":"2026-05-31T04:08:32.6627565+03:00","level":"INFO","msg":"proxy: upstream response","upstream":"http://localhost:5000","path":"/api/wishlist","status":200,"trace_id":"499941a5b108d99a4c8f4b18906ff775"}
{"time":"2026-05-31T04:08:32.6627565+03:00","level":"INFO","msg":"request","method":"GET","path":"/api/v1/wishlist","status":200,"latency_ms":392,"trace_id":"499941a5b108d99a4c8f4b18906ff775","remote_addr":"[::1]:63444"}
{"time":"2026-05-31T04:08:33.8222086+03:00","level":"INFO","msg":"proxy: upstream response","upstream":"http://localhost:5003","path":"/ai/recommend/me","status":200,"trace_id":"64dd4b1c15659743e1e5286c5700eeae"}
{"time":"2026-05-31T04:08:33.8222086+03:00","level":"INFO","msg":"request","method":"GET","path":"/api/v1/ai/recommend/me","status":200,"latency_ms":1323,"trace_id":"64dd4b1c15659743e1e5286c5700eeae","remote_addr":"[::1]:54265"}
{"time":"2026-05-31T04:08:40.0386685+03:00","level":"INFO","msg":"reconciliation_worker: running health checks"}
{"time":"2026-05-31T04:08:40.7131647+03:00","level":"INFO","msg":"auth_event","event":"token_validated","user_id":"753658c7-916a-4b3b-97f3-201d89a0dcd2","trace_id":"643374439a185f22b9600ddb04eca10c","success":true,"ts":"2026-05-31T01:08:40Z"}
{"time":"2026-05-31T04:08:40.8063461+03:00","level":"INFO","msg":"proxy: upstream response","upstream":"http://localhost:5000","path":"/api/products/29b82176-c19c-4911-b7ef-6424cc27b0f4","status":200,"trace_id":"643374439a185f22b9600ddb04eca10c"}
{"time":"2026-05-31T04:08:40.8063461+03:00","level":"INFO","msg":"request","method":"GET","path":"/api/v1/products/29b82176-c19c-4911-b7ef-6424cc27b0f4","status":200,"latency_ms":93,"trace_id":"643374439a185f22b9600ddb04eca10c","remote_addr":"[::1]:64576"}
{"time":"2026-05-31T04:08:41.0818821+03:00","level":"INFO","msg":"auth_event","event":"token_validated","user_id":"753658c7-916a-4b3b-97f3-201d89a0dcd2","trace_id":"3011a1750f0e533845cc9461adb8c448","success":true,"ts":"2026-05-31T01:08:41Z"}
{"time":"2026-05-31T04:08:41.0997005+03:00","level":"INFO","msg":"proxy: upstream response","upstream":"http://localhost:5003","path":"/seller-report/MyPal","status":404,"trace_id":"3011a1750f0e533845cc9461adb8c448"}
{"time":"2026-05-31T04:08:41.0997005+03:00","level":"INFO","msg":"request","method":"GET","path":"/api/v1/seller-report/MyPal","status":404,"latency_ms":17,"trace_id":"3011a1750f0e533845cc9461adb8c448","remote_addr":"[::1]:57166"}
{"time":"2026-05-31T04:09:10.0390549+03:00","level":"INFO","msg":"reconciliation_worker: running health checks"}
{"time":"2026-05-31T04:09:23.426567+03:00","level":"INFO","msg":"auth_event","event":"missing_token","user_id":"","trace_id":"1b85e09ffddf988c69b7e816a95ba0ab","success":false,"ts":"2026-05-31T01:09:23Z"}
{"time":"2026-05-31T04:09:23.426567+03:00","level":"INFO","msg":"request","method":"GET","path":"/api/v1/products","status":401,"latency_ms":0,"trace_id":"1b85e09ffddf988c69b7e816a95ba0ab","remote_addr":"[::1]:57467"}
{"time":"2026-05-31T04:09:23.4272067+03:00","level":"INFO","msg":"auth_event","event":"missing_token","user_id":"","trace_id":"6a048ef8f1c0f58e07e01f07b3eaed99","success":false,"ts":"2026-05-31T01:09:23Z"}
{"time":"2026-05-31T04:09:23.4272067+03:00","level":"INFO","msg":"request","method":"GET","path":"/api/v1/wallet","status":401,"latency_ms":0,"trace_id":"6a048ef8f1c0f58e07e01f07b3eaed99","remote_addr":"[::1]:57468"}
{"time":"2026-05-31T04:09:23.4272067+03:00","level":"INFO","msg":"auth_event","event":"missing_token","user_id":"","trace_id":"5f9f94ceeaeacff84c7465c3df4e0ad4","success":false,"ts":"2026-05-31T01:09:23Z"}
{"time":"2026-05-31T04:09:23.4272067+03:00","level":"INFO","msg":"request","method":"GET","path":"/api/v1/ai/recommend/me","status":401,"latency_ms":0,"trace_id":"5f9f94ceeaeacff84c7465c3df4e0ad4","remote_addr":"[::1]:57469"}
{"time":"2026-05-31T04:09:23.7320138+03:00","level":"INFO","msg":"auth_event","event":"missing_token","user_id":"","trace_id":"938bc2703aef7c0252576144b0535f0c","success":false,"ts":"2026-05-31T01:09:23Z"}
{"time":"2026-05-31T04:09:23.7320138+03:00","level":"INFO","msg":"request","method":"GET","path":"/api/v1/wishlist","status":401,"latency_ms":0,"trace_id":"938bc2703aef7c0252576144b0535f0c","remote_addr":"[::1]:52472"}
{"time":"2026-05-31T04:09:23.8147035+03:00","level":"INFO","msg":"proxy: upstream response","upstream":"http://localhost:5000","path":"/api/auth/refresh","status":200,"trace_id":"bf97288454b195783e0e382d58838b92"}
{"time":"2026-05-31T04:09:23.8147035+03:00","level":"INFO","msg":"request","method":"POST","path":"/api/v1/auth/refresh","status":200,"latency_ms":76,"trace_id":"bf97288454b195783e0e382d58838b92","remote_addr":"[::1]:62085"}
{"time":"2026-05-31T04:09:23.8334043+03:00","level":"INFO","msg":"auth_event","event":"token_validated","user_id":"753658c7-916a-4b3b-97f3-201d89a0dcd2","trace_id":"d7a600b4935b9d2999d3ed8444cece4f","success":true,"ts":"2026-05-31T01:09:23Z"}
{"time":"2026-05-31T04:09:23.8593263+03:00","level":"INFO","msg":"proxy: upstream response","upstream":"http://localhost:5000","path":"/api/auth/refresh","status":200,"trace_id":"8a91ce94eb3524044c10107a2eb0335d"}
{"time":"2026-05-31T04:09:23.8593263+03:00","level":"INFO","msg":"request","method":"POST","path":"/api/v1/auth/refresh","status":200,"latency_ms":85,"trace_id":"8a91ce94eb3524044c10107a2eb0335d","remote_addr":"[::1]:56523"}
{"time":"2026-05-31T04:09:23.8645939+03:00","level":"INFO","msg":"proxy: upstream response","upstream":"http://localhost:5000","path":"/api/auth/refresh","status":200,"trace_id":"a2fcba2fd43060babbc77e034428605f"}
{"time":"2026-05-31T04:09:23.8645939+03:00","level":"INFO","msg":"request","method":"POST","path":"/api/v1/auth/refresh","status":200,"latency_ms":90,"trace_id":"a2fcba2fd43060babbc77e034428605f","remote_addr":"[::1]:56524"}
{"time":"2026-05-31T04:09:23.8944243+03:00","level":"INFO","msg":"proxy: upstream response","upstream":"http://localhost:5000","path":"/api/auth/refresh","status":200,"trace_id":"f9970b08ffbcfea7a0946bef3362129e"}
{"time":"2026-05-31T04:09:23.8944243+03:00","level":"INFO","msg":"request","method":"POST","path":"/api/v1/auth/refresh","status":200,"latency_ms":80,"trace_id":"f9970b08ffbcfea7a0946bef3362129e","remote_addr":"[::1]:56757"}
{"time":"2026-05-31T04:09:24.0443691+03:00","level":"INFO","msg":"auth_event","event":"token_validated","user_id":"753658c7-916a-4b3b-97f3-201d89a0dcd2","trace_id":"991888d6f245b1fc63a94c7a632a7a0b","success":true,"ts":"2026-05-31T01:09:24Z"}
{"time":"2026-05-31T04:09:24.1462789+03:00","level":"INFO","msg":"auth_event","event":"token_validated","user_id":"753658c7-916a-4b3b-97f3-201d89a0dcd2","trace_id":"dc825ba08bd9d5fd60f115dc5de14b11","success":true,"ts":"2026-05-31T01:09:24Z"}
{"time":"2026-05-31T04:09:24.1792759+03:00","level":"INFO","msg":"auth_event","event":"token_validated","user_id":"753658c7-916a-4b3b-97f3-201d89a0dcd2","trace_id":"09b3f6eb442d6ceb3d4b35a83fd47cf3","success":true,"ts":"2026-05-31T01:09:24Z"}
{"time":"2026-05-31T04:09:24.203872+03:00","level":"INFO","msg":"proxy: upstream response","upstream":"http://localhost:5000","path":"/api/wallet","status":200,"trace_id":"991888d6f245b1fc63a94c7a632a7a0b"}
{"time":"2026-05-31T04:09:24.203872+03:00","level":"INFO","msg":"request","method":"GET","path":"/api/v1/wallet","status":200,"latency_ms":159,"trace_id":"991888d6f245b1fc63a94c7a632a7a0b","remote_addr":"[::1]:52727"}
{"time":"2026-05-31T04:09:24.347051+03:00","level":"INFO","msg":"proxy: upstream response","upstream":"http://localhost:5000","path":"/api/wishlist","status":200,"trace_id":"09b3f6eb442d6ceb3d4b35a83fd47cf3"}
{"time":"2026-05-31T04:09:24.347051+03:00","level":"INFO","msg":"request","method":"GET","path":"/api/v1/wishlist","status":200,"latency_ms":168,"trace_id":"09b3f6eb442d6ceb3d4b35a83fd47cf3","remote_addr":"[::1]:59640"}
{"time":"2026-05-31T04:09:24.5767161+03:00","level":"INFO","msg":"proxy: upstream response","upstream":"http://localhost:5000","path":"/api/products","status":200,"trace_id":"d7a600b4935b9d2999d3ed8444cece4f"}
{"time":"2026-05-31T04:09:24.5767161+03:00","level":"INFO","msg":"request","method":"GET","path":"/api/v1/products","status":200,"latency_ms":743,"trace_id":"d7a600b4935b9d2999d3ed8444cece4f","remote_addr":"[::1]:56759"}
{"time":"2026-05-31T04:09:26.3105055+03:00","level":"INFO","msg":"proxy: upstream response","upstream":"http://localhost:5003","path":"/ai/recommend/me","status":200,"trace_id":"dc825ba08bd9d5fd60f115dc5de14b11"}
{"time":"2026-05-31T04:09:26.3105055+03:00","level":"WARN","msg":"slow request","path":"/api/v1/ai/recommend/me","latency_ms":2164,"trace_id":"dc825ba08bd9d5fd60f115dc5de14b11"}
{"time":"2026-05-31T04:09:26.3105055+03:00","level":"INFO","msg":"request","method":"GET","path":"/api/v1/ai/recommend/me","status":200,"latency_ms":2164,"trace_id":"dc825ba08bd9d5fd60f115dc5de14b11","remote_addr":"[::1]:59100"}
{"time":"2026-05-31T04:09:40.0388149+03:00","level":"INFO","msg":"reconciliation_worker: running health checks"}
{"time":"2026-05-31T04:10:10.039332+03:00","level":"INFO","msg":"reconciliation_worker: running health checks"}
{"time":"2026-05-31T04:10:40.0387013+03:00","level":"INFO","msg":"reconciliation_worker: running health checks"}
{"time":"2026-05-31T04:11:10.0389907+03:00","level":"INFO","msg":"reconciliation_worker: running health checks"}
{"time":"2026-05-31T04:11:40.0385897+03:00","level":"INFO","msg":"reconciliation_worker: running health checks"}
{"time":"2026-05-31T04:12:10.0392485+03:00","level":"INFO","msg":"reconciliation_worker: running health checks"}
{"time":"2026-05-31T04:12:29.3085168+03:00","level":"INFO","msg":"auth_event","event":"token_validated","user_id":"753658c7-916a-4b3b-97f3-201d89a0dcd2","trace_id":"2cbbc6f6b8ebc777cb24e9f94691e886","success":true,"ts":"2026-05-31T01:12:29Z"}
{"time":"2026-05-31T04:12:31.6583459+03:00","level":"INFO","msg":"proxy: upstream response","upstream":"http://localhost:5003","path":"/ai/recommend/me","status":200,"trace_id":"2cbbc6f6b8ebc777cb24e9f94691e886"}
{"time":"2026-05-31T04:12:31.6583459+03:00","level":"WARN","msg":"slow request","path":"/api/v1/ai/recommend/me","latency_ms":2349,"trace_id":"2cbbc6f6b8ebc777cb24e9f94691e886"}
{"time":"2026-05-31T04:12:31.6583459+03:00","level":"INFO","msg":"request","method":"GET","path":"/api/v1/ai/recommend/me","status":200,"latency_ms":2349,"trace_id":"2cbbc6f6b8ebc777cb24e9f94691e886","remote_addr":"[::1]:61379"}
{"time":"2026-05-31T04:12:32.0850292+03:00","level":"INFO","msg":"auth_event","event":"token_validated","user_id":"753658c7-916a-4b3b-97f3-201d89a0dcd2","trace_id":"87622b85c44e6d9132d8d944f87ffd04","success":true,"ts":"2026-05-31T01:12:32Z"}
{"time":"2026-05-31T04:12:33.0108822+03:00","level":"INFO","msg":"proxy: upstream response","upstream":"http://localhost:5003","path":"/ai/recommend/me","status":200,"trace_id":"87622b85c44e6d9132d8d944f87ffd04"}
{"time":"2026-05-31T04:12:33.0108822+03:00","level":"INFO","msg":"request","method":"GET","path":"/api/v1/ai/recommend/me","status":200,"latency_ms":925,"trace_id":"87622b85c44e6d9132d8d944f87ffd04","remote_addr":"[::1]:55465"}
{"time":"2026-05-31T04:12:34.6695896+03:00","level":"INFO","msg":"auth_event","event":"missing_token","user_id":"","trace_id":"3e17b1aba6c2fbf619832e1e0743941d","success":false,"ts":"2026-05-31T01:12:34Z"}
{"time":"2026-05-31T04:12:34.6695896+03:00","level":"INFO","msg":"request","method":"GET","path":"/api/v1/products","status":401,"latency_ms":0,"trace_id":"3e17b1aba6c2fbf619832e1e0743941d","remote_addr":"[::1]:62211"}
{"time":"2026-05-31T04:12:34.670098+03:00","level":"INFO","msg":"auth_event","event":"missing_token","user_id":"","trace_id":"76865df7b4e38d78c374fd9bf663c473","success":false,"ts":"2026-05-31T01:12:34Z"}
{"time":"2026-05-31T04:12:34.670098+03:00","level":"INFO","msg":"request","method":"GET","path":"/api/v1/wallet","status":401,"latency_ms":0,"trace_id":"76865df7b4e38d78c374fd9bf663c473","remote_addr":"[::1]:62212"}
{"time":"2026-05-31T04:12:34.670098+03:00","level":"INFO","msg":"auth_event","event":"missing_token","user_id":"","trace_id":"d316578ee0d5bcda31bf784033f3dee9","success":false,"ts":"2026-05-31T01:12:34Z"}
{"time":"2026-05-31T04:12:34.670098+03:00","level":"INFO","msg":"request","method":"GET","path":"/api/v1/ai/recommend/me","status":401,"latency_ms":0,"trace_id":"d316578ee0d5bcda31bf784033f3dee9","remote_addr":"[::1]:62213"}
{"time":"2026-05-31T04:12:34.6718833+03:00","level":"INFO","msg":"auth_event","event":"missing_token","user_id":"","trace_id":"93f48d9fe28bc1a53c44edd80fa30a41","success":false,"ts":"2026-05-31T01:12:34Z"}
{"time":"2026-05-31T04:12:34.6724269+03:00","level":"INFO","msg":"request","method":"GET","path":"/api/v1/wishlist","status":401,"latency_ms":0,"trace_id":"93f48d9fe28bc1a53c44edd80fa30a41","remote_addr":"[::1]:62214"}
{"time":"2026-05-31T04:12:35.5197929+03:00","level":"INFO","msg":"proxy: upstream response","upstream":"http://localhost:5000","path":"/api/auth/refresh","status":200,"trace_id":"28ad5e289733bfdbbbfd1a924aecdbeb"}
{"time":"2026-05-31T04:12:35.5197929+03:00","level":"INFO","msg":"request","method":"POST","path":"/api/v1/auth/refresh","status":200,"latency_ms":715,"trace_id":"28ad5e289733bfdbbbfd1a924aecdbeb","remote_addr":"[::1]:59769"}
{"time":"2026-05-31T04:12:35.5315557+03:00","level":"INFO","msg":"auth_event","event":"token_validated","user_id":"753658c7-916a-4b3b-97f3-201d89a0dcd2","trace_id":"218f6d2057fdd1723c3beb9bbbb27e1e","success":true,"ts":"2026-05-31T01:12:35Z"}
{"time":"2026-05-31T04:12:35.5400822+03:00","level":"INFO","msg":"proxy: upstream response","upstream":"http://localhost:5000","path":"/api/auth/refresh","status":200,"trace_id":"d846aed66aea6c0bb8d7e5963c0095c7"}
{"time":"2026-05-31T04:12:35.5400822+03:00","level":"INFO","msg":"request","method":"POST","path":"/api/v1/auth/refresh","status":200,"latency_ms":735,"trace_id":"d846aed66aea6c0bb8d7e5963c0095c7","remote_addr":"[::1]:59770"}
{"time":"2026-05-31T04:12:35.6599992+03:00","level":"INFO","msg":"proxy: upstream response","upstream":"http://localhost:5000","path":"/api/auth/refresh","status":200,"trace_id":"77520532c60b911d03ae914a622aab69"}
{"time":"2026-05-31T04:12:35.6599992+03:00","level":"INFO","msg":"request","method":"POST","path":"/api/v1/auth/refresh","status":200,"latency_ms":556,"trace_id":"77520532c60b911d03ae914a622aab69","remote_addr":"[::1]:61979"}
{"time":"2026-05-31T04:12:35.6804021+03:00","level":"INFO","msg":"proxy: upstream response","upstream":"http://localhost:5000","path":"/api/auth/refresh","status":200,"trace_id":"35e1b0633d8e8fab8e7167f03242a14c"}
{"time":"2026-05-31T04:12:35.6804021+03:00","level":"INFO","msg":"request","method":"POST","path":"/api/v1/auth/refresh","status":200,"latency_ms":576,"trace_id":"35e1b0633d8e8fab8e7167f03242a14c","remote_addr":"[::1]:61980"}
{"time":"2026-05-31T04:12:35.7034894+03:00","level":"INFO","msg":"proxy: upstream response","upstream":"http://localhost:5000","path":"/api/products","status":200,"trace_id":"218f6d2057fdd1723c3beb9bbbb27e1e"}
{"time":"2026-05-31T04:12:35.7034894+03:00","level":"INFO","msg":"request","method":"GET","path":"/api/v1/products","status":200,"latency_ms":171,"trace_id":"218f6d2057fdd1723c3beb9bbbb27e1e","remote_addr":"[::1]:62629"}
{"time":"2026-05-31T04:12:35.8653976+03:00","level":"INFO","msg":"auth_event","event":"token_validated","user_id":"753658c7-916a-4b3b-97f3-201d89a0dcd2","trace_id":"02ba4ac8993140f845732cbb4a786d0a","success":true,"ts":"2026-05-31T01:12:35Z"}
{"time":"2026-05-31T04:12:35.9757754+03:00","level":"INFO","msg":"auth_event","event":"token_validated","user_id":"753658c7-916a-4b3b-97f3-201d89a0dcd2","trace_id":"ada522bc77fd96f402668aa15022f84f","success":true,"ts":"2026-05-31T01:12:35Z"}
{"time":"2026-05-31T04:12:35.9937822+03:00","level":"INFO","msg":"auth_event","event":"token_validated","user_id":"753658c7-916a-4b3b-97f3-201d89a0dcd2","trace_id":"81ccf4b1c6fa32f597cf25e2284ce12f","success":true,"ts":"2026-05-31T01:12:35Z"}
{"time":"2026-05-31T04:12:36.0192608+03:00","level":"INFO","msg":"proxy: upstream response","upstream":"http://localhost:5000","path":"/api/wallet","status":200,"trace_id":"02ba4ac8993140f845732cbb4a786d0a"}
{"time":"2026-05-31T04:12:36.0192608+03:00","level":"INFO","msg":"request","method":"GET","path":"/api/v1/wallet","status":200,"latency_ms":153,"trace_id":"02ba4ac8993140f845732cbb4a786d0a","remote_addr":"[::1]:65269"}
{"time":"2026-05-31T04:12:36.159355+03:00","level":"INFO","msg":"proxy: upstream response","upstream":"http://localhost:5000","path":"/api/wishlist","status":200,"trace_id":"81ccf4b1c6fa32f597cf25e2284ce12f"}
{"time":"2026-05-31T04:12:36.159355+03:00","level":"INFO","msg":"request","method":"GET","path":"/api/v1/wishlist","status":200,"latency_ms":165,"trace_id":"81ccf4b1c6fa32f597cf25e2284ce12f","remote_addr":"[::1]:55456"}
{"time":"2026-05-31T04:12:37.5907839+03:00","level":"INFO","msg":"proxy: upstream response","upstream":"http://localhost:5003","path":"/ai/recommend/me","status":200,"trace_id":"ada522bc77fd96f402668aa15022f84f"}
{"time":"2026-05-31T04:12:37.5907839+03:00","level":"WARN","msg":"slow request","path":"/api/v1/ai/recommend/me","latency_ms":1615,"trace_id":"ada522bc77fd96f402668aa15022f84f"}
{"time":"2026-05-31T04:12:37.5907839+03:00","level":"INFO","msg":"request","method":"GET","path":"/api/v1/ai/recommend/me","status":200,"latency_ms":1615,"trace_id":"ada522bc77fd96f402668aa15022f84f","remote_addr":"[::1]:62742"}
{"time":"2026-05-31T04:12:40.0385898+03:00","level":"INFO","msg":"reconciliation_worker: running health checks"}
{"time":"2026-05-31T04:12:44.9074241+03:00","level":"INFO","msg":"auth_event","event":"token_validated","user_id":"753658c7-916a-4b3b-97f3-201d89a0dcd2","trace_id":"aa270b5c6a4ae56335ead32f143decd5","success":true,"ts":"2026-05-31T01:12:44Z"}
{"time":"2026-05-31T04:12:44.936349+03:00","level":"INFO","msg":"auth_event","event":"token_validated","user_id":"753658c7-916a-4b3b-97f3-201d89a0dcd2","trace_id":"57521675c2f9da22983efa119aae7fa4","success":true,"ts":"2026-05-31T01:12:44Z"}
{"time":"2026-05-31T04:12:44.936349+03:00","level":"INFO","msg":"auth_event","event":"token_validated","user_id":"753658c7-916a-4b3b-97f3-201d89a0dcd2","trace_id":"6541d429bba1f77ab5d968e8a22e50d4","success":true,"ts":"2026-05-31T01:12:44Z"}
{"time":"2026-05-31T04:12:44.9368885+03:00","level":"INFO","msg":"auth_event","event":"token_validated","user_id":"753658c7-916a-4b3b-97f3-201d89a0dcd2","trace_id":"158e8d195ddae08210fc13fdecee8dcb","success":true,"ts":"2026-05-31T01:12:44Z"}
{"time":"2026-05-31T04:12:45.0640622+03:00","level":"INFO","msg":"proxy: upstream response","upstream":"http://localhost:5000","path":"/api/products","status":200,"trace_id":"aa270b5c6a4ae56335ead32f143decd5"}
{"time":"2026-05-31T04:12:45.0640622+03:00","level":"INFO","msg":"request","method":"GET","path":"/api/v1/products","status":200,"latency_ms":156,"trace_id":"aa270b5c6a4ae56335ead32f143decd5","remote_addr":"[::1]:64223"}
{"time":"2026-05-31T04:12:45.0893749+03:00","level":"INFO","msg":"proxy: upstream response","upstream":"http://localhost:5000","path":"/api/wallet","status":200,"trace_id":"57521675c2f9da22983efa119aae7fa4"}
{"time":"2026-05-31T04:12:45.0893749+03:00","level":"INFO","msg":"request","method":"GET","path":"/api/v1/wallet","status":200,"latency_ms":153,"trace_id":"57521675c2f9da22983efa119aae7fa4","remote_addr":"[::1]:61272"}
{"time":"2026-05-31T04:12:45.1205571+03:00","level":"INFO","msg":"proxy: upstream response","upstream":"http://localhost:5000","path":"/api/wishlist","status":200,"trace_id":"158e8d195ddae08210fc13fdecee8dcb"}
{"time":"2026-05-31T04:12:45.1205571+03:00","level":"INFO","msg":"request","method":"GET","path":"/api/v1/wishlist","status":200,"latency_ms":184,"trace_id":"158e8d195ddae08210fc13fdecee8dcb","remote_addr":"[::1]:61274"}
{"time":"2026-05-31T04:12:46.0320808+03:00","level":"INFO","msg":"proxy: upstream response","upstream":"http://localhost:5003","path":"/ai/recommend/me","status":200,"trace_id":"6541d429bba1f77ab5d968e8a22e50d4"}
{"time":"2026-05-31T04:12:46.0320808+03:00","level":"INFO","msg":"request","method":"GET","path":"/api/v1/ai/recommend/me","status":200,"latency_ms":1095,"trace_id":"6541d429bba1f77ab5d968e8a22e50d4","remote_addr":"[::1]:61273"}
{"time":"2026-05-31T04:13:10.0387743+03:00","level":"INFO","msg":"reconciliation_worker: running health checks"}
{"time":"2026-05-31T04:13:40.0390549+03:00","level":"INFO","msg":"reconciliation_worker: running health checks"}
{"time":"2026-05-31T04:14:10.0390093+03:00","level":"INFO","msg":"reconciliation_worker: running health checks"}
{"time":"2026-05-31T04:14:40.0388975+03:00","level":"INFO","msg":"reconciliation_worker: running health checks"}
{"time":"2026-05-31T04:15:10.0390549+03:00","level":"INFO","msg":"reconciliation_worker: running health checks"}
{"time":"2026-05-31T04:15:40.0387113+03:00","level":"INFO","msg":"reconciliation_worker: running health checks"}
{"time":"2026-05-31T04:15:58.8553484+03:00","level":"INFO","msg":"auth_event","event":"token_validated","user_id":"753658c7-916a-4b3b-97f3-201d89a0dcd2","trace_id":"ec0f7ddf40873e1a892074b3008ca18d","success":true,"ts":"2026-05-31T01:15:58Z"}
{"time":"2026-05-31T04:15:59.0572518+03:00","level":"INFO","msg":"auth_event","event":"token_validated","user_id":"753658c7-916a-4b3b-97f3-201d89a0dcd2","trace_id":"8baa2ee1cd946a16f85fa478d11bdb47","success":true,"ts":"2026-05-31T01:15:59Z"}
{"time":"2026-05-31T04:15:59.645559+03:00","level":"INFO","msg":"proxy: upstream response","upstream":"http://localhost:5003","path":"/ai/deep-search/quota","status":200,"trace_id":"8baa2ee1cd946a16f85fa478d11bdb47"}
{"time":"2026-05-31T04:15:59.645559+03:00","level":"INFO","msg":"request","method":"GET","path":"/api/v1/ai/deep-search/quota","status":200,"latency_ms":588,"trace_id":"8baa2ee1cd946a16f85fa478d11bdb47","remote_addr":"[::1]:58835"}
{"time":"2026-05-31T04:16:01.1018267+03:00","level":"INFO","msg":"proxy: upstream response","upstream":"http://localhost:5003","path":"/ai/recommend/me","status":200,"trace_id":"ec0f7ddf40873e1a892074b3008ca18d"}
{"time":"2026-05-31T04:16:01.1018267+03:00","level":"WARN","msg":"slow request","path":"/api/v1/ai/recommend/me","latency_ms":2246,"trace_id":"ec0f7ddf40873e1a892074b3008ca18d"}
{"time":"2026-05-31T04:16:01.1018267+03:00","level":"INFO","msg":"request","method":"GET","path":"/api/v1/ai/recommend/me","status":200,"latency_ms":2246,"trace_id":"ec0f7ddf40873e1a892074b3008ca18d","remote_addr":"[::1]:51280"}
{"time":"2026-05-31T04:16:10.0388902+03:00","level":"INFO","msg":"reconciliation_worker: running health checks"}
{"time":"2026-05-31T04:16:20.2665598+03:00","level":"INFO","msg":"auth_event","event":"token_validated","user_id":"753658c7-916a-4b3b-97f3-201d89a0dcd2","trace_id":"8cc2132ce902cf7ea7098fdb62819fe0","success":true,"ts":"2026-05-31T01:16:20Z"}
{"time":"2026-05-31T04:16:20.2665598+03:00","level":"INFO","msg":"search: start","query":"I wanna buy a smartphone with a 900 USD budget","limit":20,"trace_id":"8cc2132ce902cf7ea7098fdb62819fe0"}
{"time":"2026-05-31T04:16:20.2982121+03:00","level":"INFO","msg":"search: embedding done","dims":384,"latency_ms":31,"trace_id":"8cc2132ce902cf7ea7098fdb62819fe0"}
{"time":"2026-05-31T04:16:20.5847235+03:00","level":"INFO","msg":"search: complete","results":20,"mode":"hybrid","total_ms":318,"trace_id":"8cc2132ce902cf7ea7098fdb62819fe0"}
{"time":"2026-05-31T04:16:20.5852289+03:00","level":"INFO","msg":"request","method":"GET","path":"/api/v1/search","status":200,"latency_ms":318,"trace_id":"8cc2132ce902cf7ea7098fdb62819fe0","remote_addr":"[::1]:63062"}
{"time":"2026-05-31T04:16:20.9006394+03:00","level":"INFO","msg":"auth_event","event":"token_validated","user_id":"753658c7-916a-4b3b-97f3-201d89a0dcd2","trace_id":"950b1525ad0d20fa2c5273acad903bb7","success":true,"ts":"2026-05-31T01:16:20Z"}
{"time":"2026-05-31T04:16:25.6940971+03:00","level":"INFO","msg":"proxy: upstream response","upstream":"http://localhost:5003","path":"/ai/fast-search","status":200,"trace_id":"950b1525ad0d20fa2c5273acad903bb7"}
{"time":"2026-05-31T04:16:25.6940971+03:00","level":"WARN","msg":"slow request","path":"/api/v1/ai/fast-search","latency_ms":4793,"trace_id":"950b1525ad0d20fa2c5273acad903bb7"}
{"time":"2026-05-31T04:16:25.6940971+03:00","level":"INFO","msg":"request","method":"POST","path":"/api/v1/ai/fast-search","status":200,"latency_ms":4793,"trace_id":"950b1525ad0d20fa2c5273acad903bb7","remote_addr":"[::1]:51792"}
{"time":"2026-05-31T04:16:39.3690598+03:00","level":"INFO","msg":"auth_event","event":"token_validated","user_id":"753658c7-916a-4b3b-97f3-201d89a0dcd2","trace_id":"5d9dcd5144c750f26eda1fc8332d3a3a","success":true,"ts":"2026-05-31T01:16:39Z"}
{"time":"2026-05-31T04:16:39.3690598+03:00","level":"INFO","msg":"search: start","query":"I wanna buy a smartphone with a 900 USD budget","limit":20,"trace_id":"5d9dcd5144c750f26eda1fc8332d3a3a"}
{"time":"2026-05-31T04:16:39.3697567+03:00","level":"INFO","msg":"search: embedding done","dims":384,"latency_ms":0,"trace_id":"5d9dcd5144c750f26eda1fc8332d3a3a"}
{"time":"2026-05-31T04:16:39.9557621+03:00","level":"INFO","msg":"search: complete","results":20,"mode":"hybrid","total_ms":586,"trace_id":"5d9dcd5144c750f26eda1fc8332d3a3a"}
{"time":"2026-05-31T04:16:39.9557621+03:00","level":"INFO","msg":"request","method":"GET","path":"/api/v1/search","status":200,"latency_ms":586,"trace_id":"5d9dcd5144c750f26eda1fc8332d3a3a","remote_addr":"[::1]:60245"}
{"time":"2026-05-31T04:16:40.0389716+03:00","level":"INFO","msg":"reconciliation_worker: running health checks"}
{"time":"2026-05-31T04:16:40.2718676+03:00","level":"INFO","msg":"auth_event","event":"token_validated","user_id":"753658c7-916a-4b3b-97f3-201d89a0dcd2","trace_id":"d27880e4292f541122ae1d674f6f3b1f","success":true,"ts":"2026-05-31T01:16:40Z"}
{"time":"2026-05-31T04:16:41.7201823+03:00","level":"INFO","msg":"proxy: upstream response","upstream":"http://localhost:5003","path":"/ai/deep-search","status":200,"trace_id":"d27880e4292f541122ae1d674f6f3b1f"}
{"time":"2026-05-31T04:16:41.7201823+03:00","level":"INFO","msg":"request","method":"POST","path":"/api/v1/ai/deep-search","status":200,"latency_ms":1448,"trace_id":"d27880e4292f541122ae1d674f6f3b1f","remote_addr":"[::1]:56229"}
{"time":"2026-05-31T04:16:41.7268252+03:00","level":"INFO","msg":"auth_event","event":"token_validated","user_id":"753658c7-916a-4b3b-97f3-201d89a0dcd2","trace_id":"c0000975a25fb159cdb10e56c097aa4a","success":true,"ts":"2026-05-31T01:16:41Z"}
{"time":"2026-05-31T04:16:41.8063235+03:00","level":"INFO","msg":"proxy: upstream response","upstream":"http://localhost:5003","path":"/ai/deep-search/quota","status":200,"trace_id":"c0000975a25fb159cdb10e56c097aa4a"}
{"time":"2026-05-31T04:16:41.8063235+03:00","level":"INFO","msg":"request","method":"GET","path":"/api/v1/ai/deep-search/quota","status":200,"latency_ms":79,"trace_id":"c0000975a25fb159cdb10e56c097aa4a","remote_addr":"[::1]:49843"}
{"time":"2026-05-31T04:17:10.0388681+03:00","level":"INFO","msg":"reconciliation_worker: running health checks"}
{"time":"2026-05-31T04:17:26.6977729+03:00","level":"INFO","msg":"auth_event","event":"token_validated","user_id":"753658c7-916a-4b3b-97f3-201d89a0dcd2","trace_id":"7ef8b10e36d6e8ae811f6d35f99bc52e","success":true,"ts":"2026-05-31T01:17:26Z"}
{"time":"2026-05-31T04:17:26.6991226+03:00","level":"INFO","msg":"auth_event","event":"token_validated","user_id":"753658c7-916a-4b3b-97f3-201d89a0dcd2","trace_id":"048cf9b49a550f386f35d3e61aec8ff8","success":true,"ts":"2026-05-31T01:17:26Z"}
{"time":"2026-05-31T04:17:26.6991226+03:00","level":"INFO","msg":"auth_event","event":"token_validated","user_id":"753658c7-916a-4b3b-97f3-201d89a0dcd2","trace_id":"b078afa5cfa7248efca0a11ecc123039","success":true,"ts":"2026-05-31T01:17:26Z"}
{"time":"2026-05-31T04:17:26.7010301+03:00","level":"INFO","msg":"auth_event","event":"token_validated","user_id":"753658c7-916a-4b3b-97f3-201d89a0dcd2","trace_id":"45579b5653039b1e49b4d498ded341e6","success":true,"ts":"2026-05-31T01:17:26Z"}
{"time":"2026-05-31T04:17:26.8775963+03:00","level":"INFO","msg":"proxy: upstream response","upstream":"http://localhost:5000","path":"/api/wallet","status":200,"trace_id":"048cf9b49a550f386f35d3e61aec8ff8"}
{"time":"2026-05-31T04:17:26.8775963+03:00","level":"INFO","msg":"request","method":"GET","path":"/api/v1/wallet","status":200,"latency_ms":178,"trace_id":"048cf9b49a550f386f35d3e61aec8ff8","remote_addr":"[::1]:49844"}
{"time":"2026-05-31T04:17:26.8915046+03:00","level":"INFO","msg":"proxy: upstream response","upstream":"http://localhost:5000","path":"/api/products","status":200,"trace_id":"7ef8b10e36d6e8ae811f6d35f99bc52e"}
{"time":"2026-05-31T04:17:26.8915046+03:00","level":"INFO","msg":"request","method":"GET","path":"/api/v1/products","status":200,"latency_ms":193,"trace_id":"7ef8b10e36d6e8ae811f6d35f99bc52e","remote_addr":"[::1]:49843"}
{"time":"2026-05-31T04:17:26.8976296+03:00","level":"INFO","msg":"proxy: upstream response","upstream":"http://localhost:5000","path":"/api/wishlist","status":200,"trace_id":"45579b5653039b1e49b4d498ded341e6"}
{"time":"2026-05-31T04:17:26.8976296+03:00","level":"INFO","msg":"request","method":"GET","path":"/api/v1/wishlist","status":200,"latency_ms":196,"trace_id":"45579b5653039b1e49b4d498ded341e6","remote_addr":"[::1]:49846"}
{"time":"2026-05-31T04:17:28.217848+03:00","level":"INFO","msg":"auth_event","event":"token_validated","user_id":"753658c7-916a-4b3b-97f3-201d89a0dcd2","trace_id":"adf9712a435c32c44573450fd8df2b09","success":true,"ts":"2026-05-31T01:17:28Z"}
{"time":"2026-05-31T04:17:28.2956814+03:00","level":"INFO","msg":"proxy: upstream response","upstream":"http://localhost:5000","path":"/api/users/me","status":200,"trace_id":"adf9712a435c32c44573450fd8df2b09"}
{"time":"2026-05-31T04:17:28.2956814+03:00","level":"INFO","msg":"request","method":"GET","path":"/api/v1/users/me","status":200,"latency_ms":78,"trace_id":"adf9712a435c32c44573450fd8df2b09","remote_addr":"[::1]:61390"}
{"time":"2026-05-31T04:17:29.1642225+03:00","level":"INFO","msg":"proxy: upstream response","upstream":"http://localhost:5003","path":"/ai/recommend/me","status":200,"trace_id":"b078afa5cfa7248efca0a11ecc123039"}
{"time":"2026-05-31T04:17:29.1642225+03:00","level":"WARN","msg":"slow request","path":"/api/v1/ai/recommend/me","latency_ms":2465,"trace_id":"b078afa5cfa7248efca0a11ecc123039"}
{"time":"2026-05-31T04:17:29.1642225+03:00","level":"INFO","msg":"request","method":"GET","path":"/api/v1/ai/recommend/me","status":200,"latency_ms":2465,"trace_id":"b078afa5cfa7248efca0a11ecc123039","remote_addr":"[::1]:49845"}
{"time":"2026-05-31T04:17:29.2696414+03:00","level":"INFO","msg":"auth_event","event":"token_validated","user_id":"753658c7-916a-4b3b-97f3-201d89a0dcd2","trace_id":"30a7c6dd665fc892ebe96fc08b5be7cb","success":true,"ts":"2026-05-31T01:17:29Z"}
{"time":"2026-05-31T04:17:29.3491148+03:00","level":"INFO","msg":"proxy: upstream response","upstream":"http://localhost:5003","path":"/ai/deep-search/quota","status":200,"trace_id":"30a7c6dd665fc892ebe96fc08b5be7cb"}
{"time":"2026-05-31T04:17:29.3491148+03:00","level":"INFO","msg":"request","method":"GET","path":"/api/v1/ai/deep-search/quota","status":200,"latency_ms":79,"trace_id":"30a7c6dd665fc892ebe96fc08b5be7cb","remote_addr":"[::1]:61391"}
{"time":"2026-05-31T04:17:31.8194227+03:00","level":"INFO","msg":"auth_event","event":"token_validated","user_id":"753658c7-916a-4b3b-97f3-201d89a0dcd2","trace_id":"da0fd992a5ade0330feb69ba7b20f2a2","success":true,"ts":"2026-05-31T01:17:31Z"}
{"time":"2026-05-31T04:17:31.9048543+03:00","level":"INFO","msg":"proxy: upstream response","upstream":"http://localhost:5000","path":"/api/users/me","status":200,"trace_id":"da0fd992a5ade0330feb69ba7b20f2a2"}
{"time":"2026-05-31T04:17:31.9048543+03:00","level":"INFO","msg":"request","method":"GET","path":"/api/v1/users/me","status":200,"latency_ms":85,"trace_id":"da0fd992a5ade0330feb69ba7b20f2a2","remote_addr":"[::1]:61360"}
{"time":"2026-05-31T04:17:33.6820329+03:00","level":"INFO","msg":"auth_event","event":"token_validated","user_id":"753658c7-916a-4b3b-97f3-201d89a0dcd2","trace_id":"67c7ba5eaab9da7130973b1b063976ed","success":true,"ts":"2026-05-31T01:17:33Z"}
{"time":"2026-05-31T04:17:33.8525643+03:00","level":"INFO","msg":"proxy: upstream response","upstream":"http://localhost:5000","path":"/api/wishlist","status":200,"trace_id":"67c7ba5eaab9da7130973b1b063976ed"}
{"time":"2026-05-31T04:17:33.8525643+03:00","level":"INFO","msg":"request","method":"GET","path":"/api/v1/wishlist","status":200,"latency_ms":171,"trace_id":"67c7ba5eaab9da7130973b1b063976ed","remote_addr":"[::1]:53964"}
{"time":"2026-05-31T04:17:34.4692578+03:00","level":"INFO","msg":"auth_event","event":"token_validated","user_id":"753658c7-916a-4b3b-97f3-201d89a0dcd2","trace_id":"1c4c1e986e3c4e703909df62a92efb9c","success":true,"ts":"2026-05-31T01:17:34Z"}
{"time":"2026-05-31T04:17:34.550258+03:00","level":"INFO","msg":"proxy: upstream response","upstream":"http://localhost:5003","path":"/ai/deep-search/quota","status":200,"trace_id":"1c4c1e986e3c4e703909df62a92efb9c"}
{"time":"2026-05-31T04:17:34.550258+03:00","level":"INFO","msg":"request","method":"GET","path":"/api/v1/ai/deep-search/quota","status":200,"latency_ms":81,"trace_id":"1c4c1e986e3c4e703909df62a92efb9c","remote_addr":"[::1]:60555"}
{"time":"2026-05-31T04:17:35.5963192+03:00","level":"INFO","msg":"auth_event","event":"token_validated","user_id":"753658c7-916a-4b3b-97f3-201d89a0dcd2","trace_id":"a817b4d007277b09c843f97eb5c79710","success":true,"ts":"2026-05-31T01:17:35Z"}
{"time":"2026-05-31T04:17:35.7624807+03:00","level":"INFO","msg":"proxy: upstream response","upstream":"http://localhost:5000","path":"/api/wallet","status":200,"trace_id":"a817b4d007277b09c843f97eb5c79710"}
{"time":"2026-05-31T04:17:35.7624807+03:00","level":"INFO","msg":"request","method":"GET","path":"/api/v1/wallet","status":200,"latency_ms":166,"trace_id":"a817b4d007277b09c843f97eb5c79710","remote_addr":"[::1]:64661"}
{"time":"2026-05-31T04:17:35.9326777+03:00","level":"INFO","msg":"auth_event","event":"token_validated","user_id":"753658c7-916a-4b3b-97f3-201d89a0dcd2","trace_id":"2cc73b01bab3c6ce3c11b5253493bca9","success":true,"ts":"2026-05-31T01:17:35Z"}
{"time":"2026-05-31T04:17:36.1676046+03:00","level":"INFO","msg":"proxy: upstream response","upstream":"http://localhost:5000","path":"/api/wallet/transactions","status":200,"trace_id":"2cc73b01bab3c6ce3c11b5253493bca9"}
{"time":"2026-05-31T04:17:36.1676046+03:00","level":"INFO","msg":"request","method":"GET","path":"/api/v1/wallet/transactions","status":200,"latency_ms":234,"trace_id":"2cc73b01bab3c6ce3c11b5253493bca9","remote_addr":"[::1]:62953"}
{"time":"2026-05-31T04:17:37.8340214+03:00","level":"INFO","msg":"auth_event","event":"token_validated","user_id":"753658c7-916a-4b3b-97f3-201d89a0dcd2","trace_id":"b4b3702b0d811ff24f4b95c4c9c35a89","success":true,"ts":"2026-05-31T01:17:37Z"}
{"time":"2026-05-31T04:17:37.9082923+03:00","level":"INFO","msg":"proxy: upstream response","upstream":"http://localhost:5003","path":"/ai/deep-search/quota","status":200,"trace_id":"b4b3702b0d811ff24f4b95c4c9c35a89"}
{"time":"2026-05-31T04:17:37.9082923+03:00","level":"INFO","msg":"request","method":"GET","path":"/api/v1/ai/deep-search/quota","status":200,"latency_ms":74,"trace_id":"b4b3702b0d811ff24f4b95c4c9c35a89","remote_addr":"[::1]:60025"}
{"time":"2026-05-31T04:17:39.7329956+03:00","level":"INFO","msg":"auth_event","event":"token_validated","user_id":"753658c7-916a-4b3b-97f3-201d89a0dcd2","trace_id":"b83f1eeae52322e52858ad3036c5ff8f","success":true,"ts":"2026-05-31T01:17:39Z"}
{"time":"2026-05-31T04:17:39.8881572+03:00","level":"INFO","msg":"proxy: upstream response","upstream":"http://localhost:5000","path":"/api/wishlist","status":200,"trace_id":"b83f1eeae52322e52858ad3036c5ff8f"}
{"time":"2026-05-31T04:17:39.8886663+03:00","level":"INFO","msg":"request","method":"GET","path":"/api/v1/wishlist","status":200,"latency_ms":155,"trace_id":"b83f1eeae52322e52858ad3036c5ff8f","remote_addr":"[::1]:61586"}
{"time":"2026-05-31T04:17:40.0386889+03:00","level":"INFO","msg":"reconciliation_worker: running health checks"}
{"time":"2026-05-31T04:17:45.3858027+03:00","level":"INFO","msg":"auth_event","event":"token_validated","user_id":"753658c7-916a-4b3b-97f3-201d89a0dcd2","trace_id":"761f0122a7c63a16f19d7ab530ff1f10","success":true,"ts":"2026-05-31T01:17:45Z"}
{"time":"2026-05-31T04:17:45.3947978+03:00","level":"INFO","msg":"auth_event","event":"token_validated","user_id":"753658c7-916a-4b3b-97f3-201d89a0dcd2","trace_id":"f8e3a6d79cd7900af41a73f134417e8e","success":true,"ts":"2026-05-31T01:17:45Z"}
{"time":"2026-05-31T04:17:45.549306+03:00","level":"INFO","msg":"proxy: upstream response","upstream":"http://localhost:5000","path":"/api/products","status":200,"trace_id":"761f0122a7c63a16f19d7ab530ff1f10"}
{"time":"2026-05-31T04:17:45.549306+03:00","level":"INFO","msg":"request","method":"GET","path":"/api/v1/products","status":200,"latency_ms":164,"trace_id":"761f0122a7c63a16f19d7ab530ff1f10","remote_addr":"[::1]:59823"}
{"time":"2026-05-31T04:17:45.7112892+03:00","level":"INFO","msg":"auth_event","event":"token_validated","user_id":"753658c7-916a-4b3b-97f3-201d89a0dcd2","trace_id":"938b66a24495db4a0f4fbb34575af997","success":true,"ts":"2026-05-31T01:17:45Z"}
{"time":"2026-05-31T04:17:45.7118224+03:00","level":"INFO","msg":"auth_event","event":"token_validated","user_id":"753658c7-916a-4b3b-97f3-201d89a0dcd2","trace_id":"7ea03f4e69f6b3e8ea9de70238590c9e","success":true,"ts":"2026-05-31T01:17:45Z"}
{"time":"2026-05-31T04:17:45.8721456+03:00","level":"INFO","msg":"proxy: upstream response","upstream":"http://localhost:5000","path":"/api/wishlist","status":200,"trace_id":"7ea03f4e69f6b3e8ea9de70238590c9e"}
{"time":"2026-05-31T04:17:45.8721456+03:00","level":"INFO","msg":"request","method":"GET","path":"/api/v1/wishlist","status":200,"latency_ms":160,"trace_id":"7ea03f4e69f6b3e8ea9de70238590c9e","remote_addr":"[::1]:63110"}
{"time":"2026-05-31T04:17:46.107248+03:00","level":"INFO","msg":"proxy: upstream response","upstream":"http://localhost:5000","path":"/api/wallet","status":200,"trace_id":"f8e3a6d79cd7900af41a73f134417e8e"}
{"time":"2026-05-31T04:17:46.107248+03:00","level":"INFO","msg":"request","method":"GET","path":"/api/v1/wallet","status":200,"latency_ms":712,"trace_id":"f8e3a6d79cd7900af41a73f134417e8e","remote_addr":"[::1]:54598"}
{"time":"2026-05-31T04:17:47.5649395+03:00","level":"INFO","msg":"proxy: upstream response","upstream":"http://localhost:5003","path":"/ai/recommend/me","status":200,"trace_id":"938b66a24495db4a0f4fbb34575af997"}
{"time":"2026-05-31T04:17:47.5649395+03:00","level":"WARN","msg":"slow request","path":"/api/v1/ai/recommend/me","latency_ms":1853,"trace_id":"938b66a24495db4a0f4fbb34575af997"}
{"time":"2026-05-31T04:17:47.5649395+03:00","level":"INFO","msg":"request","method":"GET","path":"/api/v1/ai/recommend/me","status":200,"latency_ms":1853,"trace_id":"938b66a24495db4a0f4fbb34575af997","remote_addr":"[::1]:63109"}
{"time":"2026-05-31T04:17:52.8447589+03:00","level":"INFO","msg":"auth_event","event":"token_validated","user_id":"753658c7-916a-4b3b-97f3-201d89a0dcd2","trace_id":"30e81fdcd4915e56c83fc04783d7a675","success":true,"ts":"2026-05-31T01:17:52Z"}
{"time":"2026-05-31T04:17:52.9185998+03:00","level":"INFO","msg":"proxy: upstream response","upstream":"http://localhost:5003","path":"/ai/deep-search/quota","status":200,"trace_id":"30e81fdcd4915e56c83fc04783d7a675"}
{"time":"2026-05-31T04:17:52.9185998+03:00","level":"INFO","msg":"request","method":"GET","path":"/api/v1/ai/deep-search/quota","status":200,"latency_ms":73,"trace_id":"30e81fdcd4915e56c83fc04783d7a675","remote_addr":"[::1]:54305"}
{"time":"2026-05-31T04:17:58.2976658+03:00","level":"INFO","msg":"auth_event","event":"token_validated","user_id":"753658c7-916a-4b3b-97f3-201d89a0dcd2","trace_id":"469fd159f55a20dfae90dd6dde7b41c7","success":true,"ts":"2026-05-31T01:17:58Z"}
{"time":"2026-05-31T04:17:58.2976658+03:00","level":"INFO","msg":"search: start","query":"Gift ideas for gamers","limit":20,"trace_id":"469fd159f55a20dfae90dd6dde7b41c7"}
{"time":"2026-05-31T04:17:58.2982143+03:00","level":"INFO","msg":"search: embedding done","dims":384,"latency_ms":0,"trace_id":"469fd159f55a20dfae90dd6dde7b41c7"}
{"time":"2026-05-31T04:17:58.3880068+03:00","level":"INFO","msg":"search: complete","results":20,"mode":"hybrid","total_ms":90,"trace_id":"469fd159f55a20dfae90dd6dde7b41c7"}
{"time":"2026-05-31T04:17:58.3885361+03:00","level":"INFO","msg":"request","method":"GET","path":"/api/v1/search","status":200,"latency_ms":90,"trace_id":"469fd159f55a20dfae90dd6dde7b41c7","remote_addr":"[::1]:54493"}
{"time":"2026-05-31T04:17:58.5524133+03:00","level":"INFO","msg":"auth_event","event":"token_validated","user_id":"753658c7-916a-4b3b-97f3-201d89a0dcd2","trace_id":"7289f7133d7cccc37d0edb71d57841cc","success":true,"ts":"2026-05-31T01:17:58Z"}
{"time":"2026-05-31T04:18:04.5619149+03:00","level":"INFO","msg":"proxy: upstream response","upstream":"http://localhost:5003","path":"/ai/fast-search","status":200,"trace_id":"7289f7133d7cccc37d0edb71d57841cc"}
{"time":"2026-05-31T04:18:04.5619149+03:00","level":"WARN","msg":"slow request","path":"/api/v1/ai/fast-search","latency_ms":6009,"trace_id":"7289f7133d7cccc37d0edb71d57841cc"}
{"time":"2026-05-31T04:18:04.5619149+03:00","level":"INFO","msg":"request","method":"POST","path":"/api/v1/ai/fast-search","status":200,"latency_ms":6009,"trace_id":"7289f7133d7cccc37d0edb71d57841cc","remote_addr":"[::1]:55422"}
{"time":"2026-05-31T04:18:10.0390914+03:00","level":"INFO","msg":"reconciliation_worker: running health checks"}
{"time":"2026-05-31T04:18:40.0388736+03:00","level":"INFO","msg":"reconciliation_worker: running health checks"}
{"time":"2026-05-31T04:19:10.0386804+03:00","level":"INFO","msg":"reconciliation_worker: running health checks"}
{"time":"2026-05-31T04:19:40.0447254+03:00","level":"INFO","msg":"reconciliation_worker: running health checks"}
{"time":"2026-05-31T04:20:10.0391718+03:00","level":"INFO","msg":"reconciliation_worker: running health checks"}
{"time":"2026-05-31T04:20:40.0388748+03:00","level":"INFO","msg":"reconciliation_worker: running health checks"}
{"time":"2026-05-31T04:20:52.4957688+03:00","level":"INFO","msg":"auth_event","event":"token_validated","user_id":"753658c7-916a-4b3b-97f3-201d89a0dcd2","trace_id":"74f015f7c3e22bdc5b548aa2a1ffe895","success":true,"ts":"2026-05-31T01:20:52Z"}
{"time":"2026-05-31T04:20:53.1630279+03:00","level":"INFO","msg":"proxy: upstream response","upstream":"http://localhost:5003","path":"/ai/deep-search/quota","status":200,"trace_id":"74f015f7c3e22bdc5b548aa2a1ffe895"}
{"time":"2026-05-31T04:20:53.1630279+03:00","level":"INFO","msg":"request","method":"GET","path":"/api/v1/ai/deep-search/quota","status":200,"latency_ms":667,"trace_id":"74f015f7c3e22bdc5b548aa2a1ffe895","remote_addr":"[::1]:62121"}
{"time":"2026-05-31T04:20:54.6002143+03:00","level":"INFO","msg":"auth_event","event":"token_validated","user_id":"753658c7-916a-4b3b-97f3-201d89a0dcd2","trace_id":"15d92e88bcfce2e08dcbde6dd32c4458","success":true,"ts":"2026-05-31T01:20:54Z"}
{"time":"2026-05-31T04:20:54.7531895+03:00","level":"INFO","msg":"proxy: upstream response","upstream":"http://localhost:5003","path":"/ai/deep-search/quota","status":200,"trace_id":"15d92e88bcfce2e08dcbde6dd32c4458"}
{"time":"2026-05-31T04:20:54.7531895+03:00","level":"INFO","msg":"request","method":"GET","path":"/api/v1/ai/deep-search/quota","status":200,"latency_ms":152,"trace_id":"15d92e88bcfce2e08dcbde6dd32c4458","remote_addr":"[::1]:53732"}
{"time":"2026-05-31T04:21:10.039048+03:00","level":"INFO","msg":"reconciliation_worker: running health checks"}
{"time":"2026-05-31T04:21:40.0387461+03:00","level":"INFO","msg":"reconciliation_worker: running health checks"}
{"time":"2026-05-31T04:21:53.1500371+03:00","level":"INFO","msg":"auth_event","event":"token_validated","user_id":"753658c7-916a-4b3b-97f3-201d89a0dcd2","trace_id":"5086d7bdef93ba7b33f300d275ec2bcc","success":true,"ts":"2026-05-31T01:21:53Z"}
{"time":"2026-05-31T04:21:53.1500371+03:00","level":"INFO","msg":"search: start","query":"I need a smartphone","limit":20,"trace_id":"5086d7bdef93ba7b33f300d275ec2bcc"}
{"time":"2026-05-31T04:21:53.1676372+03:00","level":"INFO","msg":"search: embedding done","dims":384,"latency_ms":17,"trace_id":"5086d7bdef93ba7b33f300d275ec2bcc"}
{"time":"2026-05-31T04:21:53.3289922+03:00","level":"INFO","msg":"search: complete","results":20,"mode":"hybrid","total_ms":178,"trace_id":"5086d7bdef93ba7b33f300d275ec2bcc"}
{"time":"2026-05-31T04:21:53.3295026+03:00","level":"INFO","msg":"request","method":"GET","path":"/api/v1/search","status":200,"latency_ms":179,"trace_id":"5086d7bdef93ba7b33f300d275ec2bcc","remote_addr":"[::1]:56228"}
{"time":"2026-05-31T04:21:58.3502187+03:00","level":"INFO","msg":"auth_event","event":"token_validated","user_id":"753658c7-916a-4b3b-97f3-201d89a0dcd2","trace_id":"a15ffbfdb0aa604eb77ce181cbaa6427","success":true,"ts":"2026-05-31T01:21:58Z"}
{"time":"2026-05-31T04:22:01.2475884+03:00","level":"INFO","msg":"proxy: upstream response","upstream":"http://localhost:5003","path":"/ai/deep-search","status":200,"trace_id":"a15ffbfdb0aa604eb77ce181cbaa6427"}
{"time":"2026-05-31T04:22:01.2475884+03:00","level":"WARN","msg":"slow request","path":"/api/v1/ai/deep-search","latency_ms":2897,"trace_id":"a15ffbfdb0aa604eb77ce181cbaa6427"}
{"time":"2026-05-31T04:22:01.2475884+03:00","level":"INFO","msg":"request","method":"POST","path":"/api/v1/ai/deep-search","status":200,"latency_ms":2897,"trace_id":"a15ffbfdb0aa604eb77ce181cbaa6427","remote_addr":"[::1]:53087"}
{"time":"2026-05-31T04:22:10.0391943+03:00","level":"INFO","msg":"reconciliation_worker: running health checks"}
