Using launch settings from Properties\launchSettings.json...
info: Microsoft.Hosting.Lifetime[14]
      Now listening on: http://localhost:5000
info: Microsoft.Hosting.Lifetime[0]
      Application started. Press Ctrl+C to shut down.
info: Microsoft.Hosting.Lifetime[0]
      Hosting environment: Development
info: Microsoft.Hosting.Lifetime[0]
      Content root path: C:\Users\Basil\Documents\Projects\MyPal\Backend\CSharp\MyPal.API
info: Microsoft.EntityFrameworkCore.Database.Command[20101]
      Executed DbCommand (97ms) [Parameters=[], CommandType='Text', CommandTimeout='30']
      SELECT count(*)::int
      FROM public.products AS p
      WHERE p.is_deleted <> TRUE OR p.is_deleted IS NULL
info: Microsoft.EntityFrameworkCore.Database.Command[20101]
      Executed DbCommand (92ms) [Parameters=[@__p_1='?' (DbType = Int32), @__p_0='?' (DbType = Int32)], CommandType='Text', CommandTimeout='30']
      SELECT p4.id, p4.name, p4.description, p4.category, p4.type, p4.current_price, p4.stock_qty, p4.c, p4.c0, p4.c1, p3.id, p3.url, p3.media_type, p3.display_order, p4.created_at, p4.updated_at
      FROM (
          SELECT p.id, p.name, p.description, p.category, p.type, p.current_price, p.stock_qty, COALESCE((
              SELECT avg(p0.score::double precision)
              FROM public.product_reviews AS p0
              WHERE p.id = p0.product_id AND p0.score IS NOT NULL), 0.0) AS c, (
              SELECT count(*)::int
              FROM public.product_reviews AS p1
              WHERE p.id = p1.product_id) AS c0, (
              SELECT p2.url
              FROM public.product_media AS p2
              WHERE p.id = p2.product_id
              ORDER BY p2.display_order
              LIMIT 1) AS c1, p.created_at, p.updated_at
          FROM public.products AS p
          WHERE p.is_deleted <> TRUE OR p.is_deleted IS NULL
          ORDER BY p.created_at DESC
          LIMIT @__p_1 OFFSET @__p_0
      ) AS p4
      LEFT JOIN public.product_media AS p3 ON p4.id = p3.product_id
      ORDER BY p4.created_at DESC, p4.id, p3.display_order
info: Microsoft.EntityFrameworkCore.Database.Command[20101]
      Executed DbCommand (76ms) [Parameters=[], CommandType='Text', CommandTimeout='30']
      SELECT count(*)::int
      FROM public.products AS p
      WHERE p.is_deleted <> TRUE OR p.is_deleted IS NULL
info: Microsoft.EntityFrameworkCore.Database.Command[20101]
      Executed DbCommand (83ms) [Parameters=[@__p_1='?' (DbType = Int32), @__p_0='?' (DbType = Int32)], CommandType='Text', CommandTimeout='30']
      SELECT p4.id, p4.name, p4.description, p4.category, p4.type, p4.current_price, p4.stock_qty, p4.c, p4.c0, p4.c1, p3.id, p3.url, p3.media_type, p3.display_order, p4.created_at, p4.updated_at
      FROM (
          SELECT p.id, p.name, p.description, p.category, p.type, p.current_price, p.stock_qty, COALESCE((
              SELECT avg(p0.score::double precision)
              FROM public.product_reviews AS p0
              WHERE p.id = p0.product_id AND p0.score IS NOT NULL), 0.0) AS c, (
              SELECT count(*)::int
              FROM public.product_reviews AS p1
              WHERE p.id = p1.product_id) AS c0, (
              SELECT p2.url
              FROM public.product_media AS p2
              WHERE p.id = p2.product_id
              ORDER BY p2.display_order
              LIMIT 1) AS c1, p.created_at, p.updated_at
          FROM public.products AS p
          WHERE p.is_deleted <> TRUE OR p.is_deleted IS NULL
          ORDER BY p.created_at DESC
          LIMIT @__p_1 OFFSET @__p_0
      ) AS p4
      LEFT JOIN public.product_media AS p3 ON p4.id = p3.product_id
      ORDER BY p4.created_at DESC, p4.id, p3.display_order
info: Microsoft.EntityFrameworkCore.Database.Command[20101]
      Executed DbCommand (80ms) [Parameters=[@__userId_0='?' (DbType = Guid)], CommandType='Text', CommandTimeout='30']
      SELECT u.id, u.city, u.country, u.created_at, u.email, u.first_name, u.google_place_id, u.is_buyer, u.is_deleted, u.is_seller, u.last_name, u.lat, u.life_track_story, u.lng, u.phone, u.roles, u.state, u.updated_at, u.wallet_balance
      FROM public.users AS u
      WHERE u.id = @__userId_0 AND (u.is_deleted <> TRUE OR u.is_deleted IS NULL)
      LIMIT 1
info: Microsoft.EntityFrameworkCore.Database.Command[20101]
      Executed DbCommand (80ms) [Parameters=[@__userId_0='?' (DbType = Guid)], CommandType='Text', CommandTimeout='30']
      SELECT u.id, u.city, u.country, u.created_at, u.email, u.first_name, u.google_place_id, u.is_buyer, u.is_deleted, u.is_seller, u.last_name, u.lat, u.life_track_story, u.lng, u.phone, u.roles, u.state, u.updated_at, u.wallet_balance
      FROM public.users AS u
      WHERE u.id = @__userId_0 AND (u.is_deleted <> TRUE OR u.is_deleted IS NULL)
      LIMIT 1
info: Microsoft.EntityFrameworkCore.Database.Command[20101]
      Executed DbCommand (81ms) [Parameters=[@__user_Id_0='?' (DbType = Guid)], CommandType='Text', CommandTimeout='30']
      SELECT COALESCE(sum(o.wallet_amount_used), 0.0)
      FROM public.orders AS o
      WHERE o.user_id = @__user_Id_0 AND o.status = 'pending'
info: Microsoft.EntityFrameworkCore.Database.Command[20101]
      Executed DbCommand (72ms) [Parameters=[@__user_Id_0='?' (DbType = Guid)], CommandType='Text', CommandTimeout='30']
      SELECT w.product_id, p.name, p.description, p.category, p.type, p.current_price, p.stock_qty, COALESCE((
          SELECT avg(p0.score::double precision)
          FROM public.product_reviews AS p0
          WHERE p.id = p0.product_id AND p0.score IS NOT NULL), 0.0), (
          SELECT count(*)::int
          FROM public.product_reviews AS p1
          WHERE p.id = p1.product_id), (
          SELECT p2.url
          FROM public.product_media AS p2
          WHERE p.id = p2.product_id
          ORDER BY p2.display_order
          LIMIT 1), w.id, p.id, p3.id, p3.url, p3.media_type, p3.display_order, w.created_at
      FROM public.wishlist_items AS w
      INNER JOIN public.products AS p ON w.product_id = p.id
      LEFT JOIN public.product_media AS p3 ON p.id = p3.product_id
      WHERE w.user_id = @__user_Id_0 AND (p.is_deleted <> TRUE OR p.is_deleted IS NULL)
      ORDER BY w.created_at DESC, w.id, p.id, p3.display_order
info: Microsoft.EntityFrameworkCore.Database.Command[20101]
      Executed DbCommand (79ms) [Parameters=[@__userId_0='?' (DbType = Guid)], CommandType='Text', CommandTimeout='30']
      SELECT u.id, u.city, u.country, u.created_at, u.email, u.first_name, u.google_place_id, u.is_buyer, u.is_deleted, u.is_seller, u.last_name, u.lat, u.life_track_story, u.lng, u.phone, u.roles, u.state, u.updated_at, u.wallet_balance
      FROM public.users AS u
      WHERE u.id = @__userId_0
      LIMIT 1
info: Microsoft.EntityFrameworkCore.Database.Command[20101]
      Executed DbCommand (79ms) [Parameters=[@__userId_0='?' (DbType = Guid)], CommandType='Text', CommandTimeout='30']
      SELECT u.id, u.city, u.country, u.created_at, u.email, u.first_name, u.google_place_id, u.is_buyer, u.is_deleted, u.is_seller, u.last_name, u.lat, u.life_track_story, u.lng, u.phone, u.roles, u.state, u.updated_at, u.wallet_balance
      FROM public.users AS u
      WHERE u.id = @__userId_0
      LIMIT 1
info: Microsoft.EntityFrameworkCore.Database.Command[20101]
      Executed DbCommand (80ms) [Parameters=[@__userId_0='?' (DbType = Guid)], CommandType='Text', CommandTimeout='30']
      SELECT u.id, u.city, u.country, u.created_at, u.email, u.first_name, u.google_place_id, u.is_buyer, u.is_deleted, u.is_seller, u.last_name, u.lat, u.life_track_story, u.lng, u.phone, u.roles, u.state, u.updated_at, u.wallet_balance
      FROM public.users AS u
      WHERE u.id = @__userId_0
      LIMIT 1
info: Microsoft.EntityFrameworkCore.Database.Command[20101]
      Executed DbCommand (74ms) [Parameters=[], CommandType='Text', CommandTimeout='30']
      SELECT count(*)::int
      FROM public.products AS p
      WHERE p.is_deleted <> TRUE OR p.is_deleted IS NULL
info: Microsoft.EntityFrameworkCore.Database.Command[20101]
      Executed DbCommand (79ms) [Parameters=[@__userId_0='?' (DbType = Guid)], CommandType='Text', CommandTimeout='30']
      SELECT u.id, u.city, u.country, u.created_at, u.email, u.first_name, u.google_place_id, u.is_buyer, u.is_deleted, u.is_seller, u.last_name, u.lat, u.life_track_story, u.lng, u.phone, u.roles, u.state, u.updated_at, u.wallet_balance
      FROM public.users AS u
      WHERE u.id = @__userId_0 AND (u.is_deleted <> TRUE OR u.is_deleted IS NULL)
      LIMIT 1
info: Microsoft.EntityFrameworkCore.Database.Command[20101]
      Executed DbCommand (76ms) [Parameters=[@__userId_0='?' (DbType = Guid)], CommandType='Text', CommandTimeout='30']
      SELECT u.id, u.city, u.country, u.created_at, u.email, u.first_name, u.google_place_id, u.is_buyer, u.is_deleted, u.is_seller, u.last_name, u.lat, u.life_track_story, u.lng, u.phone, u.roles, u.state, u.updated_at, u.wallet_balance
      FROM public.users AS u
      WHERE u.id = @__userId_0 AND (u.is_deleted <> TRUE OR u.is_deleted IS NULL)
      LIMIT 1
info: Microsoft.EntityFrameworkCore.Database.Command[20101]
      Executed DbCommand (81ms) [Parameters=[@__p_1='?' (DbType = Int32), @__p_0='?' (DbType = Int32)], CommandType='Text', CommandTimeout='30']
      SELECT p4.id, p4.name, p4.description, p4.category, p4.type, p4.current_price, p4.stock_qty, p4.c, p4.c0, p4.c1, p3.id, p3.url, p3.media_type, p3.display_order, p4.created_at, p4.updated_at
      FROM (
          SELECT p.id, p.name, p.description, p.category, p.type, p.current_price, p.stock_qty, COALESCE((
              SELECT avg(p0.score::double precision)
              FROM public.product_reviews AS p0
              WHERE p.id = p0.product_id AND p0.score IS NOT NULL), 0.0) AS c, (
              SELECT count(*)::int
              FROM public.product_reviews AS p1
              WHERE p.id = p1.product_id) AS c0, (
              SELECT p2.url
              FROM public.product_media AS p2
              WHERE p.id = p2.product_id
              ORDER BY p2.display_order
              LIMIT 1) AS c1, p.created_at, p.updated_at
          FROM public.products AS p
          WHERE p.is_deleted <> TRUE OR p.is_deleted IS NULL
          ORDER BY p.created_at DESC
          LIMIT @__p_1 OFFSET @__p_0
      ) AS p4
      LEFT JOIN public.product_media AS p3 ON p4.id = p3.product_id
      ORDER BY p4.created_at DESC, p4.id, p3.display_order
info: Microsoft.EntityFrameworkCore.Database.Command[20101]
      Executed DbCommand (79ms) [Parameters=[@__user_Id_0='?' (DbType = Guid)], CommandType='Text', CommandTimeout='30']
      SELECT COALESCE(sum(o.wallet_amount_used), 0.0)
      FROM public.orders AS o
      WHERE o.user_id = @__user_Id_0 AND o.status = 'pending'
info: Microsoft.EntityFrameworkCore.Database.Command[20101]
      Executed DbCommand (78ms) [Parameters=[@__user_Id_0='?' (DbType = Guid)], CommandType='Text', CommandTimeout='30']
      SELECT w.product_id, p.name, p.description, p.category, p.type, p.current_price, p.stock_qty, COALESCE((
          SELECT avg(p0.score::double precision)
          FROM public.product_reviews AS p0
          WHERE p.id = p0.product_id AND p0.score IS NOT NULL), 0.0), (
          SELECT count(*)::int
          FROM public.product_reviews AS p1
          WHERE p.id = p1.product_id), (
          SELECT p2.url
          FROM public.product_media AS p2
          WHERE p.id = p2.product_id
          ORDER BY p2.display_order
          LIMIT 1), w.id, p.id, p3.id, p3.url, p3.media_type, p3.display_order, w.created_at
      FROM public.wishlist_items AS w
      INNER JOIN public.products AS p ON w.product_id = p.id
      LEFT JOIN public.product_media AS p3 ON p.id = p3.product_id
      WHERE w.user_id = @__user_Id_0 AND (p.is_deleted <> TRUE OR p.is_deleted IS NULL)
      ORDER BY w.created_at DESC, w.id, p.id, p3.display_order
info: Microsoft.EntityFrameworkCore.Database.Command[20101]
      Executed DbCommand (80ms) [Parameters=[@__userId_0='?' (DbType = Guid)], CommandType='Text', CommandTimeout='30']
      SELECT u.id, u.city, u.country, u.created_at, u.email, u.first_name, u.google_place_id, u.is_buyer, u.is_deleted, u.is_seller, u.last_name, u.lat, u.life_track_story, u.lng, u.phone, u.roles, u.state, u.updated_at, u.wallet_balance
      FROM public.users AS u
      WHERE u.id = @__userId_0
      LIMIT 1
info: Microsoft.EntityFrameworkCore.Database.Command[20101]
      Executed DbCommand (79ms) [Parameters=[@__userId_0='?' (DbType = Guid)], CommandType='Text', CommandTimeout='30']
      SELECT u.id, u.city, u.country, u.created_at, u.email, u.first_name, u.google_place_id, u.is_buyer, u.is_deleted, u.is_seller, u.last_name, u.lat, u.life_track_story, u.lng, u.phone, u.roles, u.state, u.updated_at, u.wallet_balance
      FROM public.users AS u
      WHERE u.id = @__userId_0
      LIMIT 1
info: Microsoft.EntityFrameworkCore.Database.Command[20101]
      Executed DbCommand (83ms) [Parameters=[@__userId_0='?' (DbType = Guid)], CommandType='Text', CommandTimeout='30']
      SELECT u.id, u.city, u.country, u.created_at, u.email, u.first_name, u.google_place_id, u.is_buyer, u.is_deleted, u.is_seller, u.last_name, u.lat, u.life_track_story, u.lng, u.phone, u.roles, u.state, u.updated_at, u.wallet_balance
      FROM public.users AS u
      WHERE u.id = @__userId_0
      LIMIT 1
info: Microsoft.EntityFrameworkCore.Database.Command[20101]
      Executed DbCommand (74ms) [Parameters=[@__userId_0='?' (DbType = Guid)], CommandType='Text', CommandTimeout='30']
      SELECT u.id, u.city, u.country, u.created_at, u.email, u.first_name, u.google_place_id, u.is_buyer, u.is_deleted, u.is_seller, u.last_name, u.lat, u.life_track_story, u.lng, u.phone, u.roles, u.state, u.updated_at, u.wallet_balance
      FROM public.users AS u
      WHERE u.id = @__userId_0
      LIMIT 1
info: Microsoft.EntityFrameworkCore.Database.Command[20101]
      Executed DbCommand (76ms) [Parameters=[@__userId_0='?' (DbType = Guid)], CommandType='Text', CommandTimeout='30']
      SELECT u.id, u.city, u.country, u.created_at, u.email, u.first_name, u.google_place_id, u.is_buyer, u.is_deleted, u.is_seller, u.last_name, u.lat, u.life_track_story, u.lng, u.phone, u.roles, u.state, u.updated_at, u.wallet_balance
      FROM public.users AS u
      WHERE u.id = @__userId_0
      LIMIT 1
info: Microsoft.EntityFrameworkCore.Database.Command[20101]
      Executed DbCommand (74ms) [Parameters=[], CommandType='Text', CommandTimeout='30']
      SELECT count(*)::int
      FROM public.products AS p
      WHERE p.is_deleted <> TRUE OR p.is_deleted IS NULL
info: Microsoft.EntityFrameworkCore.Database.Command[20101]
      Executed DbCommand (81ms) [Parameters=[@__userId_0='?' (DbType = Guid)], CommandType='Text', CommandTimeout='30']
      SELECT u.id, u.city, u.country, u.created_at, u.email, u.first_name, u.google_place_id, u.is_buyer, u.is_deleted, u.is_seller, u.last_name, u.lat, u.life_track_story, u.lng, u.phone, u.roles, u.state, u.updated_at, u.wallet_balance
      FROM public.users AS u
      WHERE u.id = @__userId_0 AND (u.is_deleted <> TRUE OR u.is_deleted IS NULL)
      LIMIT 1
info: Microsoft.EntityFrameworkCore.Database.Command[20101]
      Executed DbCommand (86ms) [Parameters=[@__userId_0='?' (DbType = Guid)], CommandType='Text', CommandTimeout='30']
      SELECT u.id, u.city, u.country, u.created_at, u.email, u.first_name, u.google_place_id, u.is_buyer, u.is_deleted, u.is_seller, u.last_name, u.lat, u.life_track_story, u.lng, u.phone, u.roles, u.state, u.updated_at, u.wallet_balance
      FROM public.users AS u
      WHERE u.id = @__userId_0 AND (u.is_deleted <> TRUE OR u.is_deleted IS NULL)
      LIMIT 1
info: Microsoft.EntityFrameworkCore.Database.Command[20101]
      Executed DbCommand (75ms) [Parameters=[@__user_Id_0='?' (DbType = Guid)], CommandType='Text', CommandTimeout='30']
      SELECT COALESCE(sum(o.wallet_amount_used), 0.0)
      FROM public.orders AS o
      WHERE o.user_id = @__user_Id_0 AND o.status = 'pending'
info: Microsoft.EntityFrameworkCore.Database.Command[20101]
      Executed DbCommand (97ms) [Parameters=[@__p_1='?' (DbType = Int32), @__p_0='?' (DbType = Int32)], CommandType='Text', CommandTimeout='30']
      SELECT p4.id, p4.name, p4.description, p4.category, p4.type, p4.current_price, p4.stock_qty, p4.c, p4.c0, p4.c1, p3.id, p3.url, p3.media_type, p3.display_order, p4.created_at, p4.updated_at
      FROM (
          SELECT p.id, p.name, p.description, p.category, p.type, p.current_price, p.stock_qty, COALESCE((
              SELECT avg(p0.score::double precision)
              FROM public.product_reviews AS p0
              WHERE p.id = p0.product_id AND p0.score IS NOT NULL), 0.0) AS c, (
              SELECT count(*)::int
              FROM public.product_reviews AS p1
              WHERE p.id = p1.product_id) AS c0, (
              SELECT p2.url
              FROM public.product_media AS p2
              WHERE p.id = p2.product_id
              ORDER BY p2.display_order
              LIMIT 1) AS c1, p.created_at, p.updated_at
          FROM public.products AS p
          WHERE p.is_deleted <> TRUE OR p.is_deleted IS NULL
          ORDER BY p.created_at DESC
          LIMIT @__p_1 OFFSET @__p_0
      ) AS p4
      LEFT JOIN public.product_media AS p3 ON p4.id = p3.product_id
      ORDER BY p4.created_at DESC, p4.id, p3.display_order
info: Microsoft.EntityFrameworkCore.Database.Command[20101]
      Executed DbCommand (78ms) [Parameters=[@__user_Id_0='?' (DbType = Guid)], CommandType='Text', CommandTimeout='30']
      SELECT w.product_id, p.name, p.description, p.category, p.type, p.current_price, p.stock_qty, COALESCE((
          SELECT avg(p0.score::double precision)
          FROM public.product_reviews AS p0
          WHERE p.id = p0.product_id AND p0.score IS NOT NULL), 0.0), (
          SELECT count(*)::int
          FROM public.product_reviews AS p1
          WHERE p.id = p1.product_id), (
          SELECT p2.url
          FROM public.product_media AS p2
          WHERE p.id = p2.product_id
          ORDER BY p2.display_order
          LIMIT 1), w.id, p.id, p3.id, p3.url, p3.media_type, p3.display_order, w.created_at
      FROM public.wishlist_items AS w
      INNER JOIN public.products AS p ON w.product_id = p.id
      LEFT JOIN public.product_media AS p3 ON p.id = p3.product_id
      WHERE w.user_id = @__user_Id_0 AND (p.is_deleted <> TRUE OR p.is_deleted IS NULL)
      ORDER BY w.created_at DESC, w.id, p.id, p3.display_order
warn: Microsoft.EntityFrameworkCore.Query[20504]
      Compiling a query which loads related collections for more than one collection navigation, either via 'Include' or through projection, but no 'QuerySplittingBehavior' has been configured. By default, Entity Framework will use 'QuerySplittingBehavior.SingleQuery', which can potentially result in slow query performance. See https://go.microsoft.com/fwlink/?linkid=2134277 for more information. To identify the query that's triggering this warning call 'ConfigureWarnings(w => w.Throw(RelationalEventId.MultipleCollectionIncludeWarning))'.
info: Microsoft.EntityFrameworkCore.Database.Command[20101]
      Executed DbCommand (80ms) [Parameters=[@__id_0='?' (DbType = Guid)], CommandType='Text', CommandTimeout='30']
      SELECT p3.id, p3.category, p3.created_at, p3.current_price, p3.description, p3.discriminator, p3.is_deleted, p3.name, p3.stock_qty, p3.type, p3.updated_at, p0.id, p0.created_at, p0.display_order, p0.media_type, p0.product_id, p0.url, p1.id, p1.name, p1.product_id, p1.value, p2.id, p2.comment, p2.created_at, p2.order_item_id, p2.product_id, p2.score, p2.user_id
      FROM (
          SELECT p.id, p.category, p.created_at, p.current_price, p.description, p.discriminator, p.is_deleted, p.name, p.stock_qty, p.type, p.updated_at
          FROM public.products AS p
          WHERE p.id = @__id_0 AND (p.is_deleted <> TRUE OR p.is_deleted IS NULL)
          LIMIT 1
      ) AS p3
      LEFT JOIN public.product_media AS p0 ON p3.id = p0.product_id
      LEFT JOIN public.product_attributes AS p1 ON p3.id = p1.product_id
      LEFT JOIN public.product_reviews AS p2 ON p3.id = p2.product_id
      ORDER BY p3.id, p0.id, p1.id
info: Microsoft.EntityFrameworkCore.Database.Command[20101]
      Executed DbCommand (79ms) [Parameters=[@__id_0='?' (DbType = Guid)], CommandType='Text', CommandTimeout='30']
      SELECT p3.id, p3.category, p3.created_at, p3.current_price, p3.description, p3.discriminator, p3.is_deleted, p3.name, p3.stock_qty, p3.type, p3.updated_at, p0.id, p0.created_at, p0.display_order, p0.media_type, p0.product_id, p0.url, p1.id, p1.name, p1.product_id, p1.value, p2.id, p2.comment, p2.created_at, p2.order_item_id, p2.product_id, p2.score, p2.user_id
      FROM (
          SELECT p.id, p.category, p.created_at, p.current_price, p.description, p.discriminator, p.is_deleted, p.name, p.stock_qty, p.type, p.updated_at
          FROM public.products AS p
          WHERE p.id = @__id_0 AND (p.is_deleted <> TRUE OR p.is_deleted IS NULL)
          LIMIT 1
      ) AS p3
      LEFT JOIN public.product_media AS p0 ON p3.id = p0.product_id
      LEFT JOIN public.product_attributes AS p1 ON p3.id = p1.product_id
      LEFT JOIN public.product_reviews AS p2 ON p3.id = p2.product_id
      ORDER BY p3.id, p0.id, p1.id
fail: Microsoft.AspNetCore.Diagnostics.DeveloperExceptionPageMiddleware[1]
      An unhandled exception has occurred while executing the request.
      Microsoft.AspNetCore.Authentication.AuthenticationFailureException: An error was encountered while handling the remote login.
       ---> Microsoft.AspNetCore.Authentication.AuthenticationFailureException: The oauth state was missing or invalid.
         --- End of inner exception stack trace ---
         at Microsoft.AspNetCore.Authentication.RemoteAuthenticationHandler`1.HandleRequestAsync()
         at Microsoft.AspNetCore.Authentication.AuthenticationMiddleware.Invoke(HttpContext context)
         at Swashbuckle.AspNetCore.SwaggerUI.SwaggerUIMiddleware.Invoke(HttpContext httpContext)
         at Swashbuckle.AspNetCore.Swagger.SwaggerMiddleware.Invoke(HttpContext httpContext, ISwaggerProvider swaggerProvider)
         at Microsoft.AspNetCore.Diagnostics.DeveloperExceptionPageMiddlewareImpl.Invoke(HttpContext context)
info: Microsoft.EntityFrameworkCore.Database.Command[20101]
      Executed DbCommand (78ms) [Parameters=[@__userId_0='?' (DbType = Guid)], CommandType='Text', CommandTimeout='30']
      SELECT u.id, u.city, u.country, u.created_at, u.email, u.first_name, u.google_place_id, u.is_buyer, u.is_deleted, u.is_seller, u.last_name, u.lat, u.life_track_story, u.lng, u.phone, u.roles, u.state, u.updated_at, u.wallet_balance
      FROM public.users AS u
      WHERE u.id = @__userId_0
      LIMIT 1
info: Microsoft.EntityFrameworkCore.Database.Command[20101]
      Executed DbCommand (75ms) [Parameters=[@__id_0='?' (DbType = Guid)], CommandType='Text', CommandTimeout='30']
      SELECT p3.id, p3.category, p3.created_at, p3.current_price, p3.description, p3.discriminator, p3.is_deleted, p3.name, p3.stock_qty, p3.type, p3.updated_at, p0.id, p0.created_at, p0.display_order, p0.media_type, p0.product_id, p0.url, p1.id, p1.name, p1.product_id, p1.value, p2.id, p2.comment, p2.created_at, p2.order_item_id, p2.product_id, p2.score, p2.user_id
      FROM (
          SELECT p.id, p.category, p.created_at, p.current_price, p.description, p.discriminator, p.is_deleted, p.name, p.stock_qty, p.type, p.updated_at
          FROM public.products AS p
          WHERE p.id = @__id_0 AND (p.is_deleted <> TRUE OR p.is_deleted IS NULL)
          LIMIT 1
      ) AS p3
      LEFT JOIN public.product_media AS p0 ON p3.id = p0.product_id
      LEFT JOIN public.product_attributes AS p1 ON p3.id = p1.product_id
      LEFT JOIN public.product_reviews AS p2 ON p3.id = p2.product_id
      ORDER BY p3.id, p0.id, p1.id
info: Microsoft.EntityFrameworkCore.Database.Command[20101]
      Executed DbCommand (77ms) [Parameters=[@__userId_0='?' (DbType = Guid)], CommandType='Text', CommandTimeout='30']
      SELECT u.id, u.city, u.country, u.created_at, u.email, u.first_name, u.google_place_id, u.is_buyer, u.is_deleted, u.is_seller, u.last_name, u.lat, u.life_track_story, u.lng, u.phone, u.roles, u.state, u.updated_at, u.wallet_balance
      FROM public.users AS u
      WHERE u.id = @__userId_0
      LIMIT 1
info: Microsoft.EntityFrameworkCore.Database.Command[20101]
      Executed DbCommand (70ms) [Parameters=[@__userId_0='?' (DbType = Guid)], CommandType='Text', CommandTimeout='30']
      SELECT u.id, u.city, u.country, u.created_at, u.email, u.first_name, u.google_place_id, u.is_buyer, u.is_deleted, u.is_seller, u.last_name, u.lat, u.life_track_story, u.lng, u.phone, u.roles, u.state, u.updated_at, u.wallet_balance
      FROM public.users AS u
      WHERE u.id = @__userId_0
      LIMIT 1
info: Microsoft.EntityFrameworkCore.Database.Command[20101]
      Executed DbCommand (80ms) [Parameters=[@__request_Email_0='?'], CommandType='Text', CommandTimeout='30']
      SELECT u.id, u.city, u.country, u.created_at, u.email, u.first_name, u.google_place_id, u.is_buyer, u.is_deleted, u.is_seller, u.last_name, u.lat, u.life_track_story, u.lng, u.phone, u.roles, u.state, u.updated_at, u.wallet_balance
      FROM public.users AS u
      WHERE u.email = @__request_Email_0
      LIMIT 1
info: Microsoft.EntityFrameworkCore.Database.Command[20101]
      Executed DbCommand (98ms) [Parameters=[@__userId_0='?' (DbType = Guid)], CommandType='Text', CommandTimeout='30']
      SELECT u.id, u.city, u.country, u.created_at, u.email, u.first_name, u.google_place_id, u.is_buyer, u.is_deleted, u.is_seller, u.last_name, u.lat, u.life_track_story, u.lng, u.phone, u.roles, u.state, u.updated_at, u.wallet_balance
      FROM public.users AS u
      WHERE u.id = @__userId_0
      LIMIT 1
info: Microsoft.EntityFrameworkCore.Database.Command[20101]
      Executed DbCommand (81ms) [Parameters=[@__userId_0='?' (DbType = Guid)], CommandType='Text', CommandTimeout='30']
      SELECT u.id, u.city, u.country, u.created_at, u.email, u.first_name, u.google_place_id, u.is_buyer, u.is_deleted, u.is_seller, u.last_name, u.lat, u.life_track_story, u.lng, u.phone, u.roles, u.state, u.updated_at, u.wallet_balance
      FROM public.users AS u
      WHERE u.id = @__userId_0
      LIMIT 1
info: Microsoft.EntityFrameworkCore.Database.Command[20101]
      Executed DbCommand (76ms) [Parameters=[@__userId_0='?' (DbType = Guid)], CommandType='Text', CommandTimeout='30']
      SELECT u.id, u.city, u.country, u.created_at, u.email, u.first_name, u.google_place_id, u.is_buyer, u.is_deleted, u.is_seller, u.last_name, u.lat, u.life_track_story, u.lng, u.phone, u.roles, u.state, u.updated_at, u.wallet_balance
      FROM public.users AS u
      WHERE u.id = @__userId_0
      LIMIT 1
info: Microsoft.EntityFrameworkCore.Database.Command[20101]
      Executed DbCommand (86ms) [Parameters=[], CommandType='Text', CommandTimeout='30']
      SELECT count(*)::int
      FROM public.products AS p
      WHERE p.is_deleted <> TRUE OR p.is_deleted IS NULL
info: Microsoft.EntityFrameworkCore.Database.Command[20101]
      Executed DbCommand (98ms) [Parameters=[@__p_1='?' (DbType = Int32), @__p_0='?' (DbType = Int32)], CommandType='Text', CommandTimeout='30']
      SELECT p4.id, p4.name, p4.description, p4.category, p4.type, p4.current_price, p4.stock_qty, p4.c, p4.c0, p4.c1, p3.id, p3.url, p3.media_type, p3.display_order, p4.created_at, p4.updated_at
      FROM (
          SELECT p.id, p.name, p.description, p.category, p.type, p.current_price, p.stock_qty, COALESCE((
              SELECT avg(p0.score::double precision)
              FROM public.product_reviews AS p0
              WHERE p.id = p0.product_id AND p0.score IS NOT NULL), 0.0) AS c, (
              SELECT count(*)::int
              FROM public.product_reviews AS p1
              WHERE p.id = p1.product_id) AS c0, (
              SELECT p2.url
              FROM public.product_media AS p2
              WHERE p.id = p2.product_id
              ORDER BY p2.display_order
              LIMIT 1) AS c1, p.created_at, p.updated_at
          FROM public.products AS p
          WHERE p.is_deleted <> TRUE OR p.is_deleted IS NULL
          ORDER BY p.created_at DESC
          LIMIT @__p_1 OFFSET @__p_0
      ) AS p4
      LEFT JOIN public.product_media AS p3 ON p4.id = p3.product_id
      ORDER BY p4.created_at DESC, p4.id, p3.display_order
info: Microsoft.EntityFrameworkCore.Database.Command[20101]
      Executed DbCommand (82ms) [Parameters=[@__userId_0='?' (DbType = Guid)], CommandType='Text', CommandTimeout='30']
      SELECT u.id, u.city, u.country, u.created_at, u.email, u.first_name, u.google_place_id, u.is_buyer, u.is_deleted, u.is_seller, u.last_name, u.lat, u.life_track_story, u.lng, u.phone, u.roles, u.state, u.updated_at, u.wallet_balance
      FROM public.users AS u
      WHERE u.id = @__userId_0 AND (u.is_deleted <> TRUE OR u.is_deleted IS NULL)
      LIMIT 1
info: Microsoft.EntityFrameworkCore.Database.Command[20101]
      Executed DbCommand (82ms) [Parameters=[@__userId_0='?' (DbType = Guid)], CommandType='Text', CommandTimeout='30']
      SELECT u.id, u.city, u.country, u.created_at, u.email, u.first_name, u.google_place_id, u.is_buyer, u.is_deleted, u.is_seller, u.last_name, u.lat, u.life_track_story, u.lng, u.phone, u.roles, u.state, u.updated_at, u.wallet_balance
      FROM public.users AS u
      WHERE u.id = @__userId_0 AND (u.is_deleted <> TRUE OR u.is_deleted IS NULL)
      LIMIT 1
info: Microsoft.EntityFrameworkCore.Database.Command[20101]
      Executed DbCommand (76ms) [Parameters=[@__user_Id_0='?' (DbType = Guid)], CommandType='Text', CommandTimeout='30']
      SELECT COALESCE(sum(o.wallet_amount_used), 0.0)
      FROM public.orders AS o
      WHERE o.user_id = @__user_Id_0 AND o.status = 'pending'
info: Microsoft.EntityFrameworkCore.Database.Command[20101]
      Executed DbCommand (88ms) [Parameters=[@__user_Id_0='?' (DbType = Guid)], CommandType='Text', CommandTimeout='30']
      SELECT w.product_id, p.name, p.description, p.category, p.type, p.current_price, p.stock_qty, COALESCE((
          SELECT avg(p0.score::double precision)
          FROM public.product_reviews AS p0
          WHERE p.id = p0.product_id AND p0.score IS NOT NULL), 0.0), (
          SELECT count(*)::int
          FROM public.product_reviews AS p1
          WHERE p.id = p1.product_id), (
          SELECT p2.url
          FROM public.product_media AS p2
          WHERE p.id = p2.product_id
          ORDER BY p2.display_order
          LIMIT 1), w.id, p.id, p3.id, p3.url, p3.media_type, p3.display_order, w.created_at
      FROM public.wishlist_items AS w
      INNER JOIN public.products AS p ON w.product_id = p.id
      LEFT JOIN public.product_media AS p3 ON p.id = p3.product_id
      WHERE w.user_id = @__user_Id_0 AND (p.is_deleted <> TRUE OR p.is_deleted IS NULL)
      ORDER BY w.created_at DESC, w.id, p.id, p3.display_order
info: Microsoft.EntityFrameworkCore.Database.Command[20101]
      Executed DbCommand (76ms) [Parameters=[], CommandType='Text', CommandTimeout='30']
      SELECT count(*)::int
      FROM public.products AS p
      WHERE p.is_deleted <> TRUE OR p.is_deleted IS NULL
info: Microsoft.EntityFrameworkCore.Database.Command[20101]
      Executed DbCommand (75ms) [Parameters=[@__p_1='?' (DbType = Int32), @__p_0='?' (DbType = Int32)], CommandType='Text', CommandTimeout='30']
      SELECT p4.id, p4.name, p4.description, p4.category, p4.type, p4.current_price, p4.stock_qty, p4.c, p4.c0, p4.c1, p3.id, p3.url, p3.media_type, p3.display_order, p4.created_at, p4.updated_at
      FROM (
          SELECT p.id, p.name, p.description, p.category, p.type, p.current_price, p.stock_qty, COALESCE((
              SELECT avg(p0.score::double precision)
              FROM public.product_reviews AS p0
              WHERE p.id = p0.product_id AND p0.score IS NOT NULL), 0.0) AS c, (
              SELECT count(*)::int
              FROM public.product_reviews AS p1
              WHERE p.id = p1.product_id) AS c0, (
              SELECT p2.url
              FROM public.product_media AS p2
              WHERE p.id = p2.product_id
              ORDER BY p2.display_order
              LIMIT 1) AS c1, p.created_at, p.updated_at
          FROM public.products AS p
          WHERE p.is_deleted <> TRUE OR p.is_deleted IS NULL
          ORDER BY p.created_at DESC
          LIMIT @__p_1 OFFSET @__p_0
      ) AS p4
      LEFT JOIN public.product_media AS p3 ON p4.id = p3.product_id
      ORDER BY p4.created_at DESC, p4.id, p3.display_order
info: Microsoft.EntityFrameworkCore.Database.Command[20101]
      Executed DbCommand (77ms) [Parameters=[@__userId_0='?' (DbType = Guid)], CommandType='Text', CommandTimeout='30']
      SELECT u.id, u.city, u.country, u.created_at, u.email, u.first_name, u.google_place_id, u.is_buyer, u.is_deleted, u.is_seller, u.last_name, u.lat, u.life_track_story, u.lng, u.phone, u.roles, u.state, u.updated_at, u.wallet_balance
      FROM public.users AS u
      WHERE u.id = @__userId_0 AND (u.is_deleted <> TRUE OR u.is_deleted IS NULL)
      LIMIT 1
info: Microsoft.EntityFrameworkCore.Database.Command[20101]
      Executed DbCommand (77ms) [Parameters=[@__userId_0='?' (DbType = Guid)], CommandType='Text', CommandTimeout='30']
      SELECT u.id, u.city, u.country, u.created_at, u.email, u.first_name, u.google_place_id, u.is_buyer, u.is_deleted, u.is_seller, u.last_name, u.lat, u.life_track_story, u.lng, u.phone, u.roles, u.state, u.updated_at, u.wallet_balance
      FROM public.users AS u
      WHERE u.id = @__userId_0 AND (u.is_deleted <> TRUE OR u.is_deleted IS NULL)
      LIMIT 1
info: Microsoft.EntityFrameworkCore.Database.Command[20101]
      Executed DbCommand (78ms) [Parameters=[@__user_Id_0='?' (DbType = Guid)], CommandType='Text', CommandTimeout='30']
      SELECT COALESCE(sum(o.wallet_amount_used), 0.0)
      FROM public.orders AS o
      WHERE o.user_id = @__user_Id_0 AND o.status = 'pending'
info: Microsoft.EntityFrameworkCore.Database.Command[20101]
      Executed DbCommand (78ms) [Parameters=[@__user_Id_0='?' (DbType = Guid)], CommandType='Text', CommandTimeout='30']
      SELECT w.product_id, p.name, p.description, p.category, p.type, p.current_price, p.stock_qty, COALESCE((
          SELECT avg(p0.score::double precision)
          FROM public.product_reviews AS p0
          WHERE p.id = p0.product_id AND p0.score IS NOT NULL), 0.0), (
          SELECT count(*)::int
          FROM public.product_reviews AS p1
          WHERE p.id = p1.product_id), (
          SELECT p2.url
          FROM public.product_media AS p2
          WHERE p.id = p2.product_id
          ORDER BY p2.display_order
          LIMIT 1), w.id, p.id, p3.id, p3.url, p3.media_type, p3.display_order, w.created_at
      FROM public.wishlist_items AS w
      INNER JOIN public.products AS p ON w.product_id = p.id
      LEFT JOIN public.product_media AS p3 ON p.id = p3.product_id
      WHERE w.user_id = @__user_Id_0 AND (p.is_deleted <> TRUE OR p.is_deleted IS NULL)
      ORDER BY w.created_at DESC, w.id, p.id, p3.display_order
info: Microsoft.EntityFrameworkCore.Database.Command[20101]
      Executed DbCommand (81ms) [Parameters=[@__userId_0='?' (DbType = Guid)], CommandType='Text', CommandTimeout='30']
      SELECT u.id, u.city, u.country, u.created_at, u.email, u.first_name, u.google_place_id, u.is_buyer, u.is_deleted, u.is_seller, u.last_name, u.lat, u.life_track_story, u.lng, u.phone, u.roles, u.state, u.updated_at, u.wallet_balance
      FROM public.users AS u
      WHERE u.id = @__userId_0
      LIMIT 1
info: Microsoft.EntityFrameworkCore.Database.Command[20101]
      Executed DbCommand (86ms) [Parameters=[@__id_0='?' (DbType = Guid)], CommandType='Text', CommandTimeout='30']
      SELECT p3.id, p3.category, p3.created_at, p3.current_price, p3.description, p3.discriminator, p3.is_deleted, p3.name, p3.stock_qty, p3.type, p3.updated_at, p0.id, p0.created_at, p0.display_order, p0.media_type, p0.product_id, p0.url, p1.id, p1.name, p1.product_id, p1.value, p2.id, p2.comment, p2.created_at, p2.order_item_id, p2.product_id, p2.score, p2.user_id
      FROM (
          SELECT p.id, p.category, p.created_at, p.current_price, p.description, p.discriminator, p.is_deleted, p.name, p.stock_qty, p.type, p.updated_at
          FROM public.products AS p
          WHERE p.id = @__id_0 AND (p.is_deleted <> TRUE OR p.is_deleted IS NULL)
          LIMIT 1
      ) AS p3
      LEFT JOIN public.product_media AS p0 ON p3.id = p0.product_id
      LEFT JOIN public.product_attributes AS p1 ON p3.id = p1.product_id
      LEFT JOIN public.product_reviews AS p2 ON p3.id = p2.product_id
      ORDER BY p3.id, p0.id, p1.id
info: Microsoft.EntityFrameworkCore.Database.Command[20101]
      Executed DbCommand (76ms) [Parameters=[@__request_Email_0='?'], CommandType='Text', CommandTimeout='30']
      SELECT u.id, u.city, u.country, u.created_at, u.email, u.first_name, u.google_place_id, u.is_buyer, u.is_deleted, u.is_seller, u.last_name, u.lat, u.life_track_story, u.lng, u.phone, u.roles, u.state, u.updated_at, u.wallet_balance
      FROM public.users AS u
      WHERE u.email = @__request_Email_0
      LIMIT 1
info: Microsoft.EntityFrameworkCore.Database.Command[20101]
      Executed DbCommand (80ms) [Parameters=[], CommandType='Text', CommandTimeout='30']
      SELECT count(*)::int
      FROM public.products AS p
      WHERE p.is_deleted <> TRUE OR p.is_deleted IS NULL
info: Microsoft.EntityFrameworkCore.Database.Command[20101]
      Executed DbCommand (92ms) [Parameters=[@__p_1='?' (DbType = Int32), @__p_0='?' (DbType = Int32)], CommandType='Text', CommandTimeout='30']
      SELECT p4.id, p4.name, p4.description, p4.category, p4.type, p4.current_price, p4.stock_qty, p4.c, p4.c0, p4.c1, p3.id, p3.url, p3.media_type, p3.display_order, p4.created_at, p4.updated_at
      FROM (
          SELECT p.id, p.name, p.description, p.category, p.type, p.current_price, p.stock_qty, COALESCE((
              SELECT avg(p0.score::double precision)
              FROM public.product_reviews AS p0
              WHERE p.id = p0.product_id AND p0.score IS NOT NULL), 0.0) AS c, (
              SELECT count(*)::int
              FROM public.product_reviews AS p1
              WHERE p.id = p1.product_id) AS c0, (
              SELECT p2.url
              FROM public.product_media AS p2
              WHERE p.id = p2.product_id
              ORDER BY p2.display_order
              LIMIT 1) AS c1, p.created_at, p.updated_at
          FROM public.products AS p
          WHERE p.is_deleted <> TRUE OR p.is_deleted IS NULL
          ORDER BY p.created_at DESC
          LIMIT @__p_1 OFFSET @__p_0
      ) AS p4
      LEFT JOIN public.product_media AS p3 ON p4.id = p3.product_id
      ORDER BY p4.created_at DESC, p4.id, p3.display_order
info: Microsoft.EntityFrameworkCore.Database.Command[20101]
      Executed DbCommand (89ms) [Parameters=[@__userId_0='?' (DbType = Guid)], CommandType='Text', CommandTimeout='30']
      SELECT u.id, u.city, u.country, u.created_at, u.email, u.first_name, u.google_place_id, u.is_buyer, u.is_deleted, u.is_seller, u.last_name, u.lat, u.life_track_story, u.lng, u.phone, u.roles, u.state, u.updated_at, u.wallet_balance
      FROM public.users AS u
      WHERE u.id = @__userId_0 AND (u.is_deleted <> TRUE OR u.is_deleted IS NULL)
      LIMIT 1
info: Microsoft.EntityFrameworkCore.Database.Command[20101]
      Executed DbCommand (78ms) [Parameters=[], CommandType='Text', CommandTimeout='30']
      SELECT count(*)::int
      FROM public.products AS p
      WHERE p.is_deleted <> TRUE OR p.is_deleted IS NULL
info: Microsoft.EntityFrameworkCore.Database.Command[20101]
      Executed DbCommand (80ms) [Parameters=[@__p_1='?' (DbType = Int32), @__p_0='?' (DbType = Int32)], CommandType='Text', CommandTimeout='30']
      SELECT p4.id, p4.name, p4.description, p4.category, p4.type, p4.current_price, p4.stock_qty, p4.c, p4.c0, p4.c1, p3.id, p3.url, p3.media_type, p3.display_order, p4.created_at, p4.updated_at
      FROM (
          SELECT p.id, p.name, p.description, p.category, p.type, p.current_price, p.stock_qty, COALESCE((
              SELECT avg(p0.score::double precision)
              FROM public.product_reviews AS p0
              WHERE p.id = p0.product_id AND p0.score IS NOT NULL), 0.0) AS c, (
              SELECT count(*)::int
              FROM public.product_reviews AS p1
              WHERE p.id = p1.product_id) AS c0, (
              SELECT p2.url
              FROM public.product_media AS p2
              WHERE p.id = p2.product_id
              ORDER BY p2.display_order
              LIMIT 1) AS c1, p.created_at, p.updated_at
          FROM public.products AS p
          WHERE p.is_deleted <> TRUE OR p.is_deleted IS NULL
          ORDER BY p.created_at DESC
          LIMIT @__p_1 OFFSET @__p_0
      ) AS p4
      LEFT JOIN public.product_media AS p3 ON p4.id = p3.product_id
      ORDER BY p4.created_at DESC, p4.id, p3.display_order
info: Microsoft.EntityFrameworkCore.Database.Command[20101]
      Executed DbCommand (85ms) [Parameters=[@__userId_0='?' (DbType = Guid)], CommandType='Text', CommandTimeout='30']
      SELECT u.id, u.city, u.country, u.created_at, u.email, u.first_name, u.google_place_id, u.is_buyer, u.is_deleted, u.is_seller, u.last_name, u.lat, u.life_track_story, u.lng, u.phone, u.roles, u.state, u.updated_at, u.wallet_balance
      FROM public.users AS u
      WHERE u.id = @__userId_0 AND (u.is_deleted <> TRUE OR u.is_deleted IS NULL)
      LIMIT 1
info: Microsoft.EntityFrameworkCore.Database.Command[20101]
      Executed DbCommand (103ms) [Parameters=[@__userId_0='?' (DbType = Guid)], CommandType='Text', CommandTimeout='30']
      SELECT u.id, u.city, u.country, u.created_at, u.email, u.first_name, u.google_place_id, u.is_buyer, u.is_deleted, u.is_seller, u.last_name, u.lat, u.life_track_story, u.lng, u.phone, u.roles, u.state, u.updated_at, u.wallet_balance
      FROM public.users AS u
      WHERE u.id = @__userId_0 AND (u.is_deleted <> TRUE OR u.is_deleted IS NULL)
      LIMIT 1
info: Microsoft.EntityFrameworkCore.Database.Command[20101]
      Executed DbCommand (81ms) [Parameters=[@__user_Id_0='?' (DbType = Guid)], CommandType='Text', CommandTimeout='30']
      SELECT COALESCE(sum(o.wallet_amount_used), 0.0)
      FROM public.orders AS o
      WHERE o.user_id = @__user_Id_0 AND o.status = 'pending'
info: Microsoft.EntityFrameworkCore.Database.Command[20101]
      Executed DbCommand (84ms) [Parameters=[@__user_Id_0='?' (DbType = Guid)], CommandType='Text', CommandTimeout='30']
      SELECT w.product_id, p.name, p.description, p.category, p.type, p.current_price, p.stock_qty, COALESCE((
          SELECT avg(p0.score::double precision)
          FROM public.product_reviews AS p0
          WHERE p.id = p0.product_id AND p0.score IS NOT NULL), 0.0), (
          SELECT count(*)::int
          FROM public.product_reviews AS p1
          WHERE p.id = p1.product_id), (
          SELECT p2.url
          FROM public.product_media AS p2
          WHERE p.id = p2.product_id
          ORDER BY p2.display_order
          LIMIT 1), w.id, p.id, p3.id, p3.url, p3.media_type, p3.display_order, w.created_at
      FROM public.wishlist_items AS w
      INNER JOIN public.products AS p ON w.product_id = p.id
      LEFT JOIN public.product_media AS p3 ON p.id = p3.product_id
      WHERE w.user_id = @__user_Id_0 AND (p.is_deleted <> TRUE OR p.is_deleted IS NULL)
      ORDER BY w.created_at DESC, w.id, p.id, p3.display_order
info: Microsoft.EntityFrameworkCore.Database.Command[20101]
      Executed DbCommand (88ms) [Parameters=[@__userId_0='?' (DbType = Guid)], CommandType='Text', CommandTimeout='30']
      SELECT u.id, u.city, u.country, u.created_at, u.email, u.first_name, u.google_place_id, u.is_buyer, u.is_deleted, u.is_seller, u.last_name, u.lat, u.life_track_story, u.lng, u.phone, u.roles, u.state, u.updated_at, u.wallet_balance
      FROM public.users AS u
      WHERE u.id = @__userId_0 AND (u.is_deleted <> TRUE OR u.is_deleted IS NULL)
      LIMIT 1
info: Microsoft.EntityFrameworkCore.Database.Command[20101]
      Executed DbCommand (147ms) [Parameters=[@__user_Id_0='?' (DbType = Guid)], CommandType='Text', CommandTimeout='30']
      SELECT COALESCE(sum(o.wallet_amount_used), 0.0)
      FROM public.orders AS o
      WHERE o.user_id = @__user_Id_0 AND o.status = 'pending'
info: Microsoft.EntityFrameworkCore.Database.Command[20101]
      Executed DbCommand (79ms) [Parameters=[@__userId_0='?' (DbType = Guid)], CommandType='Text', CommandTimeout='30']
      SELECT u.id, u.city, u.country, u.created_at, u.email, u.first_name, u.google_place_id, u.is_buyer, u.is_deleted, u.is_seller, u.last_name, u.lat, u.life_track_story, u.lng, u.phone, u.roles, u.state, u.updated_at, u.wallet_balance
      FROM public.users AS u
      WHERE u.id = @__userId_0 AND (u.is_deleted <> TRUE OR u.is_deleted IS NULL)
      LIMIT 1
info: Microsoft.EntityFrameworkCore.Database.Command[20101]
      Executed DbCommand (81ms) [Parameters=[@__user_Id_0='?' (DbType = Guid)], CommandType='Text', CommandTimeout='30']
      SELECT count(*)::int
      FROM public.transactions AS t
      WHERE t.user_id = @__user_Id_0
info: Microsoft.EntityFrameworkCore.Database.Command[20101]
      Executed DbCommand (83ms) [Parameters=[@__user_Id_0='?' (DbType = Guid), @__p_2='?' (DbType = Int32), @__p_1='?' (DbType = Int32)], CommandType='Text', CommandTimeout='30']
      SELECT t.id, t.type, t.amount, t.order_id, t.created_at
      FROM public.transactions AS t
      WHERE t.user_id = @__user_Id_0
      ORDER BY t.created_at DESC
      LIMIT @__p_2 OFFSET @__p_1
info: Microsoft.EntityFrameworkCore.Database.Command[20101]
      Executed DbCommand (83ms) [Parameters=[@__userId_0='?' (DbType = Guid)], CommandType='Text', CommandTimeout='30']
      SELECT u.id, u.city, u.country, u.created_at, u.email, u.first_name, u.google_place_id, u.is_buyer, u.is_deleted, u.is_seller, u.last_name, u.lat, u.life_track_story, u.lng, u.phone, u.roles, u.state, u.updated_at, u.wallet_balance
      FROM public.users AS u
      WHERE u.id = @__userId_0 AND (u.is_deleted <> TRUE OR u.is_deleted IS NULL)
      LIMIT 1
info: Microsoft.EntityFrameworkCore.Database.Command[20101]
      Executed DbCommand (103ms) [Parameters=[], CommandType='Text', CommandTimeout='30']
      SELECT count(*)::int
      FROM public.products AS p
      WHERE p.is_deleted <> TRUE OR p.is_deleted IS NULL
info: Microsoft.EntityFrameworkCore.Database.Command[20101]
      Executed DbCommand (84ms) [Parameters=[@__userId_0='?' (DbType = Guid)], CommandType='Text', CommandTimeout='30']
      SELECT u.id, u.city, u.country, u.created_at, u.email, u.first_name, u.google_place_id, u.is_buyer, u.is_deleted, u.is_seller, u.last_name, u.lat, u.life_track_story, u.lng, u.phone, u.roles, u.state, u.updated_at, u.wallet_balance
      FROM public.users AS u
      WHERE u.id = @__userId_0 AND (u.is_deleted <> TRUE OR u.is_deleted IS NULL)
      LIMIT 1
info: Microsoft.EntityFrameworkCore.Database.Command[20101]
      Executed DbCommand (87ms) [Parameters=[@__user_Id_0='?' (DbType = Guid)], CommandType='Text', CommandTimeout='30']
      SELECT COALESCE(sum(o.wallet_amount_used), 0.0)
      FROM public.orders AS o
      WHERE o.user_id = @__user_Id_0 AND o.status = 'pending'
info: Microsoft.EntityFrameworkCore.Database.Command[20101]
      Executed DbCommand (88ms) [Parameters=[@__p_1='?' (DbType = Int32), @__p_0='?' (DbType = Int32)], CommandType='Text', CommandTimeout='30']
      SELECT p4.id, p4.name, p4.description, p4.category, p4.type, p4.current_price, p4.stock_qty, p4.c, p4.c0, p4.c1, p3.id, p3.url, p3.media_type, p3.display_order, p4.created_at, p4.updated_at
      FROM (
          SELECT p.id, p.name, p.description, p.category, p.type, p.current_price, p.stock_qty, COALESCE((
              SELECT avg(p0.score::double precision)
              FROM public.product_reviews AS p0
              WHERE p.id = p0.product_id AND p0.score IS NOT NULL), 0.0) AS c, (
              SELECT count(*)::int
              FROM public.product_reviews AS p1
              WHERE p.id = p1.product_id) AS c0, (
              SELECT p2.url
              FROM public.product_media AS p2
              WHERE p.id = p2.product_id
              ORDER BY p2.display_order
              LIMIT 1) AS c1, p.created_at, p.updated_at
          FROM public.products AS p
          WHERE p.is_deleted <> TRUE OR p.is_deleted IS NULL
          ORDER BY p.created_at DESC
          LIMIT @__p_1 OFFSET @__p_0
      ) AS p4
      LEFT JOIN public.product_media AS p3 ON p4.id = p3.product_id
      ORDER BY p4.created_at DESC, p4.id, p3.display_order
info: Microsoft.EntityFrameworkCore.Database.Command[20101]
      Executed DbCommand (101ms) [Parameters=[@__user_Id_0='?' (DbType = Guid)], CommandType='Text', CommandTimeout='30']
      SELECT w.product_id, p.name, p.description, p.category, p.type, p.current_price, p.stock_qty, COALESCE((
          SELECT avg(p0.score::double precision)
          FROM public.product_reviews AS p0
          WHERE p.id = p0.product_id AND p0.score IS NOT NULL), 0.0), (
          SELECT count(*)::int
          FROM public.product_reviews AS p1
          WHERE p.id = p1.product_id), (
          SELECT p2.url
          FROM public.product_media AS p2
          WHERE p.id = p2.product_id
          ORDER BY p2.display_order
          LIMIT 1), w.id, p.id, p3.id, p3.url, p3.media_type, p3.display_order, w.created_at
      FROM public.wishlist_items AS w
      INNER JOIN public.products AS p ON w.product_id = p.id
      LEFT JOIN public.product_media AS p3 ON p.id = p3.product_id
      WHERE w.user_id = @__user_Id_0 AND (p.is_deleted <> TRUE OR p.is_deleted IS NULL)
      ORDER BY w.created_at DESC, w.id, p.id, p3.display_order
info: Microsoft.EntityFrameworkCore.Database.Command[20101]
      Executed DbCommand (74ms) [Parameters=[@__userId_0='?' (DbType = Guid)], CommandType='Text', CommandTimeout='30']
      SELECT u.id, u.city, u.country, u.created_at, u.email, u.first_name, u.google_place_id, u.is_buyer, u.is_deleted, u.is_seller, u.last_name, u.lat, u.life_track_story, u.lng, u.phone, u.roles, u.state, u.updated_at, u.wallet_balance
      FROM public.users AS u
      WHERE u.id = @__userId_0
      LIMIT 1
info: Microsoft.EntityFrameworkCore.Database.Command[20101]
      Executed DbCommand (185ms) [Parameters=[@__userId_0='?' (DbType = Guid)], CommandType='Text', CommandTimeout='30']
      SELECT u.id, u.city, u.country, u.created_at, u.email, u.first_name, u.google_place_id, u.is_buyer, u.is_deleted, u.is_seller, u.last_name, u.lat, u.life_track_story, u.lng, u.phone, u.roles, u.state, u.updated_at, u.wallet_balance
      FROM public.users AS u
      WHERE u.id = @__userId_0
      LIMIT 1
info: Microsoft.EntityFrameworkCore.Database.Command[20101]
      Executed DbCommand (105ms) [Parameters=[@__userId_0='?' (DbType = Guid)], CommandType='Text', CommandTimeout='30']
      SELECT u.id, u.city, u.country, u.created_at, u.email, u.first_name, u.google_place_id, u.is_buyer, u.is_deleted, u.is_seller, u.last_name, u.lat, u.life_track_story, u.lng, u.phone, u.roles, u.state, u.updated_at, u.wallet_balance
      FROM public.users AS u
      WHERE u.id = @__userId_0
      LIMIT 1
info: Microsoft.EntityFrameworkCore.Database.Command[20101]
      Executed DbCommand (73ms) [Parameters=[@__userId_0='?' (DbType = Guid)], CommandType='Text', CommandTimeout='30']
      SELECT u.id, u.city, u.country, u.created_at, u.email, u.first_name, u.google_place_id, u.is_buyer, u.is_deleted, u.is_seller, u.last_name, u.lat, u.life_track_story, u.lng, u.phone, u.roles, u.state, u.updated_at, u.wallet_balance
      FROM public.users AS u
      WHERE u.id = @__userId_0
      LIMIT 1
info: Microsoft.EntityFrameworkCore.Database.Command[20101]
      Executed DbCommand (183ms) [Parameters=[@__userId_0='?' (DbType = Guid)], CommandType='Text', CommandTimeout='30']
      SELECT u.id, u.city, u.country, u.created_at, u.email, u.first_name, u.google_place_id, u.is_buyer, u.is_deleted, u.is_seller, u.last_name, u.lat, u.life_track_story, u.lng, u.phone, u.roles, u.state, u.updated_at, u.wallet_balance
      FROM public.users AS u
      WHERE u.id = @__userId_0 AND (u.is_deleted <> TRUE OR u.is_deleted IS NULL)
      LIMIT 1
info: Microsoft.EntityFrameworkCore.Database.Command[20101]
      Executed DbCommand (77ms) [Parameters=[], CommandType='Text', CommandTimeout='30']
      SELECT count(*)::int
      FROM public.products AS p
      WHERE p.is_deleted <> TRUE OR p.is_deleted IS NULL
info: Microsoft.EntityFrameworkCore.Database.Command[20101]
      Executed DbCommand (97ms) [Parameters=[@__user_Id_0='?' (DbType = Guid)], CommandType='Text', CommandTimeout='30']
      SELECT COALESCE(sum(o.wallet_amount_used), 0.0)
      FROM public.orders AS o
      WHERE o.user_id = @__user_Id_0 AND o.status = 'pending'
info: Microsoft.EntityFrameworkCore.Database.Command[20101]
      Executed DbCommand (110ms) [Parameters=[@__userId_0='?' (DbType = Guid)], CommandType='Text', CommandTimeout='30']
      SELECT u.id, u.city, u.country, u.created_at, u.email, u.first_name, u.google_place_id, u.is_buyer, u.is_deleted, u.is_seller, u.last_name, u.lat, u.life_track_story, u.lng, u.phone, u.roles, u.state, u.updated_at, u.wallet_balance
      FROM public.users AS u
      WHERE u.id = @__userId_0 AND (u.is_deleted <> TRUE OR u.is_deleted IS NULL)
      LIMIT 1
info: Microsoft.EntityFrameworkCore.Database.Command[20101]
      Executed DbCommand (106ms) [Parameters=[@__p_1='?' (DbType = Int32), @__p_0='?' (DbType = Int32)], CommandType='Text', CommandTimeout='30']
      SELECT p4.id, p4.name, p4.description, p4.category, p4.type, p4.current_price, p4.stock_qty, p4.c, p4.c0, p4.c1, p3.id, p3.url, p3.media_type, p3.display_order, p4.created_at, p4.updated_at
      FROM (
          SELECT p.id, p.name, p.description, p.category, p.type, p.current_price, p.stock_qty, COALESCE((
              SELECT avg(p0.score::double precision)
              FROM public.product_reviews AS p0
              WHERE p.id = p0.product_id AND p0.score IS NOT NULL), 0.0) AS c, (
              SELECT count(*)::int
              FROM public.product_reviews AS p1
              WHERE p.id = p1.product_id) AS c0, (
              SELECT p2.url
              FROM public.product_media AS p2
              WHERE p.id = p2.product_id
              ORDER BY p2.display_order
              LIMIT 1) AS c1, p.created_at, p.updated_at
          FROM public.products AS p
          WHERE p.is_deleted <> TRUE OR p.is_deleted IS NULL
          ORDER BY p.created_at DESC
          LIMIT @__p_1 OFFSET @__p_0
      ) AS p4
      LEFT JOIN public.product_media AS p3 ON p4.id = p3.product_id
      ORDER BY p4.created_at DESC, p4.id, p3.display_order
info: Microsoft.EntityFrameworkCore.Database.Command[20101]
      Executed DbCommand (74ms) [Parameters=[@__user_Id_0='?' (DbType = Guid)], CommandType='Text', CommandTimeout='30']
      SELECT w.product_id, p.name, p.description, p.category, p.type, p.current_price, p.stock_qty, COALESCE((
          SELECT avg(p0.score::double precision)
          FROM public.product_reviews AS p0
          WHERE p.id = p0.product_id AND p0.score IS NOT NULL), 0.0), (
          SELECT count(*)::int
          FROM public.product_reviews AS p1
          WHERE p.id = p1.product_id), (
          SELECT p2.url
          FROM public.product_media AS p2
          WHERE p.id = p2.product_id
          ORDER BY p2.display_order
          LIMIT 1), w.id, p.id, p3.id, p3.url, p3.media_type, p3.display_order, w.created_at
      FROM public.wishlist_items AS w
      INNER JOIN public.products AS p ON w.product_id = p.id
      LEFT JOIN public.product_media AS p3 ON p.id = p3.product_id
      WHERE w.user_id = @__user_Id_0 AND (p.is_deleted <> TRUE OR p.is_deleted IS NULL)
      ORDER BY w.created_at DESC, w.id, p.id, p3.display_order
info: Microsoft.EntityFrameworkCore.Database.Command[20101]
      Executed DbCommand (79ms) [Parameters=[@__userId_0='?' (DbType = Guid)], CommandType='Text', CommandTimeout='30']
      SELECT u.id, u.city, u.country, u.created_at, u.email, u.first_name, u.google_place_id, u.is_buyer, u.is_deleted, u.is_seller, u.last_name, u.lat, u.life_track_story, u.lng, u.phone, u.roles, u.state, u.updated_at, u.wallet_balance
      FROM public.users AS u
      WHERE u.id = @__userId_0
      LIMIT 1
info: Microsoft.EntityFrameworkCore.Database.Command[20101]
      Executed DbCommand (79ms) [Parameters=[@__userId_0='?' (DbType = Guid)], CommandType='Text', CommandTimeout='30']
      SELECT u.id, u.city, u.country, u.created_at, u.email, u.first_name, u.google_place_id, u.is_buyer, u.is_deleted, u.is_seller, u.last_name, u.lat, u.life_track_story, u.lng, u.phone, u.roles, u.state, u.updated_at, u.wallet_balance
      FROM public.users AS u
      WHERE u.id = @__userId_0
      LIMIT 1
info: Microsoft.EntityFrameworkCore.Database.Command[20101]
      Executed DbCommand (74ms) [Parameters=[@__userId_0='?' (DbType = Guid)], CommandType='Text', CommandTimeout='30']
      SELECT u.id, u.city, u.country, u.created_at, u.email, u.first_name, u.google_place_id, u.is_buyer, u.is_deleted, u.is_seller, u.last_name, u.lat, u.life_track_story, u.lng, u.phone, u.roles, u.state, u.updated_at, u.wallet_balance
      FROM public.users AS u
      WHERE u.id = @__userId_0
      LIMIT 1
info: Microsoft.EntityFrameworkCore.Database.Command[20101]
      Executed DbCommand (74ms) [Parameters=[@__userId_0='?' (DbType = Guid)], CommandType='Text', CommandTimeout='30']
      SELECT u.id, u.city, u.country, u.created_at, u.email, u.first_name, u.google_place_id, u.is_buyer, u.is_deleted, u.is_seller, u.last_name, u.lat, u.life_track_story, u.lng, u.phone, u.roles, u.state, u.updated_at, u.wallet_balance
      FROM public.users AS u
      WHERE u.id = @__userId_0
      LIMIT 1
info: Microsoft.EntityFrameworkCore.Database.Command[20101]
      Executed DbCommand (71ms) [Parameters=[], CommandType='Text', CommandTimeout='30']
      SELECT count(*)::int
      FROM public.products AS p
      WHERE p.is_deleted <> TRUE OR p.is_deleted IS NULL
info: Microsoft.EntityFrameworkCore.Database.Command[20101]
      Executed DbCommand (87ms) [Parameters=[@__userId_0='?' (DbType = Guid)], CommandType='Text', CommandTimeout='30']
      SELECT u.id, u.city, u.country, u.created_at, u.email, u.first_name, u.google_place_id, u.is_buyer, u.is_deleted, u.is_seller, u.last_name, u.lat, u.life_track_story, u.lng, u.phone, u.roles, u.state, u.updated_at, u.wallet_balance
      FROM public.users AS u
      WHERE u.id = @__userId_0 AND (u.is_deleted <> TRUE OR u.is_deleted IS NULL)
      LIMIT 1
info: Microsoft.EntityFrameworkCore.Database.Command[20101]
      Executed DbCommand (79ms) [Parameters=[@__p_1='?' (DbType = Int32), @__p_0='?' (DbType = Int32)], CommandType='Text', CommandTimeout='30']
      SELECT p4.id, p4.name, p4.description, p4.category, p4.type, p4.current_price, p4.stock_qty, p4.c, p4.c0, p4.c1, p3.id, p3.url, p3.media_type, p3.display_order, p4.created_at, p4.updated_at
      FROM (
          SELECT p.id, p.name, p.description, p.category, p.type, p.current_price, p.stock_qty, COALESCE((
              SELECT avg(p0.score::double precision)
              FROM public.product_reviews AS p0
              WHERE p.id = p0.product_id AND p0.score IS NOT NULL), 0.0) AS c, (
              SELECT count(*)::int
              FROM public.product_reviews AS p1
              WHERE p.id = p1.product_id) AS c0, (
              SELECT p2.url
              FROM public.product_media AS p2
              WHERE p.id = p2.product_id
              ORDER BY p2.display_order
              LIMIT 1) AS c1, p.created_at, p.updated_at
          FROM public.products AS p
          WHERE p.is_deleted <> TRUE OR p.is_deleted IS NULL
          ORDER BY p.created_at DESC
          LIMIT @__p_1 OFFSET @__p_0
      ) AS p4
      LEFT JOIN public.product_media AS p3 ON p4.id = p3.product_id
      ORDER BY p4.created_at DESC, p4.id, p3.display_order
info: Microsoft.EntityFrameworkCore.Database.Command[20101]
      Executed DbCommand (80ms) [Parameters=[@__user_Id_0='?' (DbType = Guid)], CommandType='Text', CommandTimeout='30']
      SELECT w.product_id, p.name, p.description, p.category, p.type, p.current_price, p.stock_qty, COALESCE((
          SELECT avg(p0.score::double precision)
          FROM public.product_reviews AS p0
          WHERE p.id = p0.product_id AND p0.score IS NOT NULL), 0.0), (
          SELECT count(*)::int
          FROM public.product_reviews AS p1
          WHERE p.id = p1.product_id), (
          SELECT p2.url
          FROM public.product_media AS p2
          WHERE p.id = p2.product_id
          ORDER BY p2.display_order
          LIMIT 1), w.id, p.id, p3.id, p3.url, p3.media_type, p3.display_order, w.created_at
      FROM public.wishlist_items AS w
      INNER JOIN public.products AS p ON w.product_id = p.id
      LEFT JOIN public.product_media AS p3 ON p.id = p3.product_id
      WHERE w.user_id = @__user_Id_0 AND (p.is_deleted <> TRUE OR p.is_deleted IS NULL)
      ORDER BY w.created_at DESC, w.id, p.id, p3.display_order
info: Microsoft.EntityFrameworkCore.Database.Command[20101]
      Executed DbCommand (72ms) [Parameters=[@__userId_0='?' (DbType = Guid)], CommandType='Text', CommandTimeout='30']
      SELECT u.id, u.city, u.country, u.created_at, u.email, u.first_name, u.google_place_id, u.is_buyer, u.is_deleted, u.is_seller, u.last_name, u.lat, u.life_track_story, u.lng, u.phone, u.roles, u.state, u.updated_at, u.wallet_balance
      FROM public.users AS u
      WHERE u.id = @__userId_0 AND (u.is_deleted <> TRUE OR u.is_deleted IS NULL)
      LIMIT 1
info: Microsoft.EntityFrameworkCore.Database.Command[20101]
      Executed DbCommand (76ms) [Parameters=[@__user_Id_0='?' (DbType = Guid)], CommandType='Text', CommandTimeout='30']
      SELECT COALESCE(sum(o.wallet_amount_used), 0.0)
      FROM public.orders AS o
      WHERE o.user_id = @__user_Id_0 AND o.status = 'pending'
info: Microsoft.EntityFrameworkCore.Database.Command[20101]
      Executed DbCommand (80ms) [Parameters=[], CommandType='Text', CommandTimeout='30']
      SELECT count(*)::int
      FROM public.products AS p
      WHERE p.is_deleted <> TRUE OR p.is_deleted IS NULL
info: Microsoft.EntityFrameworkCore.Database.Command[20101]
      Executed DbCommand (81ms) [Parameters=[@__p_1='?' (DbType = Int32), @__p_0='?' (DbType = Int32)], CommandType='Text', CommandTimeout='30']
      SELECT p4.id, p4.name, p4.description, p4.category, p4.type, p4.current_price, p4.stock_qty, p4.c, p4.c0, p4.c1, p3.id, p3.url, p3.media_type, p3.display_order, p4.created_at, p4.updated_at
      FROM (
          SELECT p.id, p.name, p.description, p.category, p.type, p.current_price, p.stock_qty, COALESCE((
              SELECT avg(p0.score::double precision)
              FROM public.product_reviews AS p0
              WHERE p.id = p0.product_id AND p0.score IS NOT NULL), 0.0) AS c, (
              SELECT count(*)::int
              FROM public.product_reviews AS p1
              WHERE p.id = p1.product_id) AS c0, (
              SELECT p2.url
              FROM public.product_media AS p2
              WHERE p.id = p2.product_id
              ORDER BY p2.display_order
              LIMIT 1) AS c1, p.created_at, p.updated_at
          FROM public.products AS p
          WHERE p.is_deleted <> TRUE OR p.is_deleted IS NULL
          ORDER BY p.created_at DESC
          LIMIT @__p_1 OFFSET @__p_0
      ) AS p4
      LEFT JOIN public.product_media AS p3 ON p4.id = p3.product_id
      ORDER BY p4.created_at DESC, p4.id, p3.display_order
info: Microsoft.EntityFrameworkCore.Database.Command[20101]
      Executed DbCommand (81ms) [Parameters=[@__userId_0='?' (DbType = Guid)], CommandType='Text', CommandTimeout='30']
      SELECT u.id, u.city, u.country, u.created_at, u.email, u.first_name, u.google_place_id, u.is_buyer, u.is_deleted, u.is_seller, u.last_name, u.lat, u.life_track_story, u.lng, u.phone, u.roles, u.state, u.updated_at, u.wallet_balance
      FROM public.users AS u
      WHERE u.id = @__userId_0 AND (u.is_deleted <> TRUE OR u.is_deleted IS NULL)
      LIMIT 1
info: Microsoft.EntityFrameworkCore.Database.Command[20101]
      Executed DbCommand (81ms) [Parameters=[@__userId_0='?' (DbType = Guid)], CommandType='Text', CommandTimeout='30']
      SELECT u.id, u.city, u.country, u.created_at, u.email, u.first_name, u.google_place_id, u.is_buyer, u.is_deleted, u.is_seller, u.last_name, u.lat, u.life_track_story, u.lng, u.phone, u.roles, u.state, u.updated_at, u.wallet_balance
      FROM public.users AS u
      WHERE u.id = @__userId_0 AND (u.is_deleted <> TRUE OR u.is_deleted IS NULL)
      LIMIT 1
info: Microsoft.EntityFrameworkCore.Database.Command[20101]
      Executed DbCommand (81ms) [Parameters=[@__user_Id_0='?' (DbType = Guid)], CommandType='Text', CommandTimeout='30']
      SELECT COALESCE(sum(o.wallet_amount_used), 0.0)
      FROM public.orders AS o
      WHERE o.user_id = @__user_Id_0 AND o.status = 'pending'
info: Microsoft.EntityFrameworkCore.Database.Command[20101]
      Executed DbCommand (94ms) [Parameters=[@__user_Id_0='?' (DbType = Guid)], CommandType='Text', CommandTimeout='30']
      SELECT w.product_id, p.name, p.description, p.category, p.type, p.current_price, p.stock_qty, COALESCE((
          SELECT avg(p0.score::double precision)
          FROM public.product_reviews AS p0
          WHERE p.id = p0.product_id AND p0.score IS NOT NULL), 0.0), (
          SELECT count(*)::int
          FROM public.product_reviews AS p1
          WHERE p.id = p1.product_id), (
          SELECT p2.url
          FROM public.product_media AS p2
          WHERE p.id = p2.product_id
          ORDER BY p2.display_order
          LIMIT 1), w.id, p.id, p3.id, p3.url, p3.media_type, p3.display_order, w.created_at
      FROM public.wishlist_items AS w
      INNER JOIN public.products AS p ON w.product_id = p.id
      LEFT JOIN public.product_media AS p3 ON p.id = p3.product_id
      WHERE w.user_id = @__user_Id_0 AND (p.is_deleted <> TRUE OR p.is_deleted IS NULL)
      ORDER BY w.created_at DESC, w.id, p.id, p3.display_order
info: Microsoft.EntityFrameworkCore.Database.Command[20101]
      Executed DbCommand (77ms) [Parameters=[@__userId_0='?' (DbType = Guid)], CommandType='Text', CommandTimeout='30']
      SELECT u.id, u.city, u.country, u.created_at, u.email, u.first_name, u.google_place_id, u.is_buyer, u.is_deleted, u.is_seller, u.last_name, u.lat, u.life_track_story, u.lng, u.phone, u.roles, u.state, u.updated_at, u.wallet_balance
      FROM public.users AS u
      WHERE u.id = @__userId_0
      LIMIT 1
info: Microsoft.EntityFrameworkCore.Database.Command[20101]
      Executed DbCommand (85ms) [Parameters=[@__userId_0='?' (DbType = Guid)], CommandType='Text', CommandTimeout='30']
      SELECT u.id, u.city, u.country, u.created_at, u.email, u.first_name, u.google_place_id, u.is_buyer, u.is_deleted, u.is_seller, u.last_name, u.lat, u.life_track_story, u.lng, u.phone, u.roles, u.state, u.updated_at, u.wallet_balance
      FROM public.users AS u
      WHERE u.id = @__userId_0
      LIMIT 1
info: Microsoft.EntityFrameworkCore.Database.Command[20101]
      Executed DbCommand (75ms) [Parameters=[@__userId_0='?' (DbType = Guid)], CommandType='Text', CommandTimeout='30']
      SELECT u.id, u.city, u.country, u.created_at, u.email, u.first_name, u.google_place_id, u.is_buyer, u.is_deleted, u.is_seller, u.last_name, u.lat, u.life_track_story, u.lng, u.phone, u.roles, u.state, u.updated_at, u.wallet_balance
      FROM public.users AS u
      WHERE u.id = @__userId_0
      LIMIT 1
info: Microsoft.EntityFrameworkCore.Database.Command[20101]
      Executed DbCommand (75ms) [Parameters=[@__userId_0='?' (DbType = Guid)], CommandType='Text', CommandTimeout='30']
      SELECT u.id, u.city, u.country, u.created_at, u.email, u.first_name, u.google_place_id, u.is_buyer, u.is_deleted, u.is_seller, u.last_name, u.lat, u.life_track_story, u.lng, u.phone, u.roles, u.state, u.updated_at, u.wallet_balance
      FROM public.users AS u
      WHERE u.id = @__userId_0
      LIMIT 1
info: Microsoft.EntityFrameworkCore.Database.Command[20101]
      Executed DbCommand (74ms) [Parameters=[], CommandType='Text', CommandTimeout='30']
      SELECT count(*)::int
      FROM public.products AS p
      WHERE p.is_deleted <> TRUE OR p.is_deleted IS NULL
info: Microsoft.EntityFrameworkCore.Database.Command[20101]
      Executed DbCommand (74ms) [Parameters=[@__userId_0='?' (DbType = Guid)], CommandType='Text', CommandTimeout='30']
      SELECT u.id, u.city, u.country, u.created_at, u.email, u.first_name, u.google_place_id, u.is_buyer, u.is_deleted, u.is_seller, u.last_name, u.lat, u.life_track_story, u.lng, u.phone, u.roles, u.state, u.updated_at, u.wallet_balance
      FROM public.users AS u
      WHERE u.id = @__userId_0 AND (u.is_deleted <> TRUE OR u.is_deleted IS NULL)
      LIMIT 1
info: Microsoft.EntityFrameworkCore.Database.Command[20101]
      Executed DbCommand (82ms) [Parameters=[@__user_Id_0='?' (DbType = Guid)], CommandType='Text', CommandTimeout='30']
      SELECT COALESCE(sum(o.wallet_amount_used), 0.0)
      FROM public.orders AS o
      WHERE o.user_id = @__user_Id_0 AND o.status = 'pending'
info: Microsoft.EntityFrameworkCore.Database.Command[20101]
      Executed DbCommand (79ms) [Parameters=[@__p_1='?' (DbType = Int32), @__p_0='?' (DbType = Int32)], CommandType='Text', CommandTimeout='30']
      SELECT p4.id, p4.name, p4.description, p4.category, p4.type, p4.current_price, p4.stock_qty, p4.c, p4.c0, p4.c1, p3.id, p3.url, p3.media_type, p3.display_order, p4.created_at, p4.updated_at
      FROM (
          SELECT p.id, p.name, p.description, p.category, p.type, p.current_price, p.stock_qty, COALESCE((
              SELECT avg(p0.score::double precision)
              FROM public.product_reviews AS p0
              WHERE p.id = p0.product_id AND p0.score IS NOT NULL), 0.0) AS c, (
              SELECT count(*)::int
              FROM public.product_reviews AS p1
              WHERE p.id = p1.product_id) AS c0, (
              SELECT p2.url
              FROM public.product_media AS p2
              WHERE p.id = p2.product_id
              ORDER BY p2.display_order
              LIMIT 1) AS c1, p.created_at, p.updated_at
          FROM public.products AS p
          WHERE p.is_deleted <> TRUE OR p.is_deleted IS NULL
          ORDER BY p.created_at DESC
          LIMIT @__p_1 OFFSET @__p_0
      ) AS p4
      LEFT JOIN public.product_media AS p3 ON p4.id = p3.product_id
      ORDER BY p4.created_at DESC, p4.id, p3.display_order
info: Microsoft.EntityFrameworkCore.Database.Command[20101]
      Executed DbCommand (80ms) [Parameters=[@__userId_0='?' (DbType = Guid)], CommandType='Text', CommandTimeout='30']
      SELECT u.id, u.city, u.country, u.created_at, u.email, u.first_name, u.google_place_id, u.is_buyer, u.is_deleted, u.is_seller, u.last_name, u.lat, u.life_track_story, u.lng, u.phone, u.roles, u.state, u.updated_at, u.wallet_balance
      FROM public.users AS u
      WHERE u.id = @__userId_0 AND (u.is_deleted <> TRUE OR u.is_deleted IS NULL)
      LIMIT 1
info: Microsoft.EntityFrameworkCore.Database.Command[20101]
      Executed DbCommand (74ms) [Parameters=[@__user_Id_0='?' (DbType = Guid)], CommandType='Text', CommandTimeout='30']
      SELECT w.product_id, p.name, p.description, p.category, p.type, p.current_price, p.stock_qty, COALESCE((
          SELECT avg(p0.score::double precision)
          FROM public.product_reviews AS p0
          WHERE p.id = p0.product_id AND p0.score IS NOT NULL), 0.0), (
          SELECT count(*)::int
          FROM public.product_reviews AS p1
          WHERE p.id = p1.product_id), (
          SELECT p2.url
          FROM public.product_media AS p2
          WHERE p.id = p2.product_id
          ORDER BY p2.display_order
          LIMIT 1), w.id, p.id, p3.id, p3.url, p3.media_type, p3.display_order, w.created_at
      FROM public.wishlist_items AS w
      INNER JOIN public.products AS p ON w.product_id = p.id
      LEFT JOIN public.product_media AS p3 ON p.id = p3.product_id
      WHERE w.user_id = @__user_Id_0 AND (p.is_deleted <> TRUE OR p.is_deleted IS NULL)
      ORDER BY w.created_at DESC, w.id, p.id, p3.display_order
info: Microsoft.EntityFrameworkCore.Database.Command[20101]
      Executed DbCommand (72ms) [Parameters=[], CommandType='Text', CommandTimeout='30']
      SELECT count(*)::int
      FROM public.products AS p
      WHERE p.is_deleted <> TRUE OR p.is_deleted IS NULL
info: Microsoft.EntityFrameworkCore.Database.Command[20101]
      Executed DbCommand (85ms) [Parameters=[@__userId_0='?' (DbType = Guid)], CommandType='Text', CommandTimeout='30']
      SELECT u.id, u.city, u.country, u.created_at, u.email, u.first_name, u.google_place_id, u.is_buyer, u.is_deleted, u.is_seller, u.last_name, u.lat, u.life_track_story, u.lng, u.phone, u.roles, u.state, u.updated_at, u.wallet_balance
      FROM public.users AS u
      WHERE u.id = @__userId_0 AND (u.is_deleted <> TRUE OR u.is_deleted IS NULL)
      LIMIT 1
info: Microsoft.EntityFrameworkCore.Database.Command[20101]
      Executed DbCommand (81ms) [Parameters=[@__userId_0='?' (DbType = Guid)], CommandType='Text', CommandTimeout='30']
      SELECT u.id, u.city, u.country, u.created_at, u.email, u.first_name, u.google_place_id, u.is_buyer, u.is_deleted, u.is_seller, u.last_name, u.lat, u.life_track_story, u.lng, u.phone, u.roles, u.state, u.updated_at, u.wallet_balance
      FROM public.users AS u
      WHERE u.id = @__userId_0 AND (u.is_deleted <> TRUE OR u.is_deleted IS NULL)
      LIMIT 1
info: Microsoft.EntityFrameworkCore.Database.Command[20101]
      Executed DbCommand (78ms) [Parameters=[@__p_1='?' (DbType = Int32), @__p_0='?' (DbType = Int32)], CommandType='Text', CommandTimeout='30']
      SELECT p4.id, p4.name, p4.description, p4.category, p4.type, p4.current_price, p4.stock_qty, p4.c, p4.c0, p4.c1, p3.id, p3.url, p3.media_type, p3.display_order, p4.created_at, p4.updated_at
      FROM (
          SELECT p.id, p.name, p.description, p.category, p.type, p.current_price, p.stock_qty, COALESCE((
              SELECT avg(p0.score::double precision)
              FROM public.product_reviews AS p0
              WHERE p.id = p0.product_id AND p0.score IS NOT NULL), 0.0) AS c, (
              SELECT count(*)::int
              FROM public.product_reviews AS p1
              WHERE p.id = p1.product_id) AS c0, (
              SELECT p2.url
              FROM public.product_media AS p2
              WHERE p.id = p2.product_id
              ORDER BY p2.display_order
              LIMIT 1) AS c1, p.created_at, p.updated_at
          FROM public.products AS p
          WHERE p.is_deleted <> TRUE OR p.is_deleted IS NULL
          ORDER BY p.created_at DESC
          LIMIT @__p_1 OFFSET @__p_0
      ) AS p4
      LEFT JOIN public.product_media AS p3 ON p4.id = p3.product_id
      ORDER BY p4.created_at DESC, p4.id, p3.display_order
info: Microsoft.EntityFrameworkCore.Database.Command[20101]
      Executed DbCommand (89ms) [Parameters=[@__user_Id_0='?' (DbType = Guid)], CommandType='Text', CommandTimeout='30']
      SELECT w.product_id, p.name, p.description, p.category, p.type, p.current_price, p.stock_qty, COALESCE((
          SELECT avg(p0.score::double precision)
          FROM public.product_reviews AS p0
          WHERE p.id = p0.product_id AND p0.score IS NOT NULL), 0.0), (
          SELECT count(*)::int
          FROM public.product_reviews AS p1
          WHERE p.id = p1.product_id), (
          SELECT p2.url
          FROM public.product_media AS p2
          WHERE p.id = p2.product_id
          ORDER BY p2.display_order
          LIMIT 1), w.id, p.id, p3.id, p3.url, p3.media_type, p3.display_order, w.created_at
      FROM public.wishlist_items AS w
      INNER JOIN public.products AS p ON w.product_id = p.id
      LEFT JOIN public.product_media AS p3 ON p.id = p3.product_id
      WHERE w.user_id = @__user_Id_0 AND (p.is_deleted <> TRUE OR p.is_deleted IS NULL)
      ORDER BY w.created_at DESC, w.id, p.id, p3.display_order
info: Microsoft.EntityFrameworkCore.Database.Command[20101]
      Executed DbCommand (90ms) [Parameters=[@__user_Id_0='?' (DbType = Guid)], CommandType='Text', CommandTimeout='30']
      SELECT COALESCE(sum(o.wallet_amount_used), 0.0)
      FROM public.orders AS o
      WHERE o.user_id = @__user_Id_0 AND o.status = 'pending'
info: Microsoft.EntityFrameworkCore.Database.Command[20101]
      Executed DbCommand (78ms) [Parameters=[], CommandType='Text', CommandTimeout='30']
      SELECT count(*)::int
      FROM public.products AS p
      WHERE p.is_deleted <> TRUE OR p.is_deleted IS NULL
info: Microsoft.EntityFrameworkCore.Database.Command[20101]
      Executed DbCommand (78ms) [Parameters=[@__userId_0='?' (DbType = Guid)], CommandType='Text', CommandTimeout='30']
      SELECT u.id, u.city, u.country, u.created_at, u.email, u.first_name, u.google_place_id, u.is_buyer, u.is_deleted, u.is_seller, u.last_name, u.lat, u.life_track_story, u.lng, u.phone, u.roles, u.state, u.updated_at, u.wallet_balance
      FROM public.users AS u
      WHERE u.id = @__userId_0 AND (u.is_deleted <> TRUE OR u.is_deleted IS NULL)
      LIMIT 1
info: Microsoft.EntityFrameworkCore.Database.Command[20101]
      Executed DbCommand (75ms) [Parameters=[@__user_Id_0='?' (DbType = Guid)], CommandType='Text', CommandTimeout='30']
      SELECT COALESCE(sum(o.wallet_amount_used), 0.0)
      FROM public.orders AS o
      WHERE o.user_id = @__user_Id_0 AND o.status = 'pending'
info: Microsoft.EntityFrameworkCore.Database.Command[20101]
      Executed DbCommand (82ms) [Parameters=[@__p_1='?' (DbType = Int32), @__p_0='?' (DbType = Int32)], CommandType='Text', CommandTimeout='30']
      SELECT p4.id, p4.name, p4.description, p4.category, p4.type, p4.current_price, p4.stock_qty, p4.c, p4.c0, p4.c1, p3.id, p3.url, p3.media_type, p3.display_order, p4.created_at, p4.updated_at
      FROM (
          SELECT p.id, p.name, p.description, p.category, p.type, p.current_price, p.stock_qty, COALESCE((
              SELECT avg(p0.score::double precision)
              FROM public.product_reviews AS p0
              WHERE p.id = p0.product_id AND p0.score IS NOT NULL), 0.0) AS c, (
              SELECT count(*)::int
              FROM public.product_reviews AS p1
              WHERE p.id = p1.product_id) AS c0, (
              SELECT p2.url
              FROM public.product_media AS p2
              WHERE p.id = p2.product_id
              ORDER BY p2.display_order
              LIMIT 1) AS c1, p.created_at, p.updated_at
          FROM public.products AS p
          WHERE p.is_deleted <> TRUE OR p.is_deleted IS NULL
          ORDER BY p.created_at DESC
          LIMIT @__p_1 OFFSET @__p_0
      ) AS p4
      LEFT JOIN public.product_media AS p3 ON p4.id = p3.product_id
      ORDER BY p4.created_at DESC, p4.id, p3.display_order
info: Microsoft.EntityFrameworkCore.Database.Command[20101]
      Executed DbCommand (78ms) [Parameters=[@__userId_0='?' (DbType = Guid)], CommandType='Text', CommandTimeout='30']
      SELECT u.id, u.city, u.country, u.created_at, u.email, u.first_name, u.google_place_id, u.is_buyer, u.is_deleted, u.is_seller, u.last_name, u.lat, u.life_track_story, u.lng, u.phone, u.roles, u.state, u.updated_at, u.wallet_balance
      FROM public.users AS u
      WHERE u.id = @__userId_0 AND (u.is_deleted <> TRUE OR u.is_deleted IS NULL)
      LIMIT 1
info: Microsoft.EntityFrameworkCore.Database.Command[20101]
      Executed DbCommand (79ms) [Parameters=[@__user_Id_0='?' (DbType = Guid)], CommandType='Text', CommandTimeout='30']
      SELECT w.product_id, p.name, p.description, p.category, p.type, p.current_price, p.stock_qty, COALESCE((
          SELECT avg(p0.score::double precision)
          FROM public.product_reviews AS p0
          WHERE p.id = p0.product_id AND p0.score IS NOT NULL), 0.0), (
          SELECT count(*)::int
          FROM public.product_reviews AS p1
          WHERE p.id = p1.product_id), (
          SELECT p2.url
          FROM public.product_media AS p2
          WHERE p.id = p2.product_id
          ORDER BY p2.display_order
          LIMIT 1), w.id, p.id, p3.id, p3.url, p3.media_type, p3.display_order, w.created_at
      FROM public.wishlist_items AS w
      INNER JOIN public.products AS p ON w.product_id = p.id
      LEFT JOIN public.product_media AS p3 ON p.id = p3.product_id
      WHERE w.user_id = @__user_Id_0 AND (p.is_deleted <> TRUE OR p.is_deleted IS NULL)
      ORDER BY w.created_at DESC, w.id, p.id, p3.display_order
info: Microsoft.EntityFrameworkCore.Database.Command[20101]
      Executed DbCommand (77ms) [Parameters=[@__userId_0='?' (DbType = Guid)], CommandType='Text', CommandTimeout='30']
      SELECT u.id, u.city, u.country, u.created_at, u.email, u.first_name, u.google_place_id, u.is_buyer, u.is_deleted, u.is_seller, u.last_name, u.lat, u.life_track_story, u.lng, u.phone, u.roles, u.state, u.updated_at, u.wallet_balance
      FROM public.users AS u
      WHERE u.id = @__userId_0
      LIMIT 1
info: Microsoft.EntityFrameworkCore.Database.Command[20101]
      Executed DbCommand (77ms) [Parameters=[@__userId_0='?' (DbType = Guid)], CommandType='Text', CommandTimeout='30']
      SELECT u.id, u.city, u.country, u.created_at, u.email, u.first_name, u.google_place_id, u.is_buyer, u.is_deleted, u.is_seller, u.last_name, u.lat, u.life_track_story, u.lng, u.phone, u.roles, u.state, u.updated_at, u.wallet_balance
      FROM public.users AS u
      WHERE u.id = @__userId_0
      LIMIT 1
info: Microsoft.EntityFrameworkCore.Database.Command[20101]
      Executed DbCommand (71ms) [Parameters=[@__userId_0='?' (DbType = Guid)], CommandType='Text', CommandTimeout='30']
      SELECT u.id, u.city, u.country, u.created_at, u.email, u.first_name, u.google_place_id, u.is_buyer, u.is_deleted, u.is_seller, u.last_name, u.lat, u.life_track_story, u.lng, u.phone, u.roles, u.state, u.updated_at, u.wallet_balance
      FROM public.users AS u
      WHERE u.id = @__userId_0
      LIMIT 1
info: Microsoft.EntityFrameworkCore.Database.Command[20101]
      Executed DbCommand (79ms) [Parameters=[@__userId_0='?' (DbType = Guid)], CommandType='Text', CommandTimeout='30']
      SELECT u.id, u.city, u.country, u.created_at, u.email, u.first_name, u.google_place_id, u.is_buyer, u.is_deleted, u.is_seller, u.last_name, u.lat, u.life_track_story, u.lng, u.phone, u.roles, u.state, u.updated_at, u.wallet_balance
      FROM public.users AS u
      WHERE u.id = @__userId_0
      LIMIT 1
info: Microsoft.EntityFrameworkCore.Database.Command[20101]
      Executed DbCommand (76ms) [Parameters=[], CommandType='Text', CommandTimeout='30']
      SELECT count(*)::int
      FROM public.products AS p
      WHERE p.is_deleted <> TRUE OR p.is_deleted IS NULL
info: Microsoft.EntityFrameworkCore.Database.Command[20101]
      Executed DbCommand (80ms) [Parameters=[@__p_1='?' (DbType = Int32), @__p_0='?' (DbType = Int32)], CommandType='Text', CommandTimeout='30']
      SELECT p4.id, p4.name, p4.description, p4.category, p4.type, p4.current_price, p4.stock_qty, p4.c, p4.c0, p4.c1, p3.id, p3.url, p3.media_type, p3.display_order, p4.created_at, p4.updated_at
      FROM (
          SELECT p.id, p.name, p.description, p.category, p.type, p.current_price, p.stock_qty, COALESCE((
              SELECT avg(p0.score::double precision)
              FROM public.product_reviews AS p0
              WHERE p.id = p0.product_id AND p0.score IS NOT NULL), 0.0) AS c, (
              SELECT count(*)::int
              FROM public.product_reviews AS p1
              WHERE p.id = p1.product_id) AS c0, (
              SELECT p2.url
              FROM public.product_media AS p2
              WHERE p.id = p2.product_id
              ORDER BY p2.display_order
              LIMIT 1) AS c1, p.created_at, p.updated_at
          FROM public.products AS p
          WHERE p.is_deleted <> TRUE OR p.is_deleted IS NULL
          ORDER BY p.created_at DESC
          LIMIT @__p_1 OFFSET @__p_0
      ) AS p4
      LEFT JOIN public.product_media AS p3 ON p4.id = p3.product_id
      ORDER BY p4.created_at DESC, p4.id, p3.display_order
info: Microsoft.EntityFrameworkCore.Database.Command[20101]
      Executed DbCommand (78ms) [Parameters=[@__userId_0='?' (DbType = Guid)], CommandType='Text', CommandTimeout='30']
      SELECT u.id, u.city, u.country, u.created_at, u.email, u.first_name, u.google_place_id, u.is_buyer, u.is_deleted, u.is_seller, u.last_name, u.lat, u.life_track_story, u.lng, u.phone, u.roles, u.state, u.updated_at, u.wallet_balance
      FROM public.users AS u
      WHERE u.id = @__userId_0 AND (u.is_deleted <> TRUE OR u.is_deleted IS NULL)
      LIMIT 1
info: Microsoft.EntityFrameworkCore.Database.Command[20101]
      Executed DbCommand (79ms) [Parameters=[@__user_Id_0='?' (DbType = Guid)], CommandType='Text', CommandTimeout='30']
      SELECT COALESCE(sum(o.wallet_amount_used), 0.0)
      FROM public.orders AS o
      WHERE o.user_id = @__user_Id_0 AND o.status = 'pending'
info: Microsoft.EntityFrameworkCore.Database.Command[20101]
      Executed DbCommand (72ms) [Parameters=[@__userId_0='?' (DbType = Guid)], CommandType='Text', CommandTimeout='30']
      SELECT u.id, u.city, u.country, u.created_at, u.email, u.first_name, u.google_place_id, u.is_buyer, u.is_deleted, u.is_seller, u.last_name, u.lat, u.life_track_story, u.lng, u.phone, u.roles, u.state, u.updated_at, u.wallet_balance
      FROM public.users AS u
      WHERE u.id = @__userId_0 AND (u.is_deleted <> TRUE OR u.is_deleted IS NULL)
      LIMIT 1
info: Microsoft.EntityFrameworkCore.Database.Command[20101]
      Executed DbCommand (79ms) [Parameters=[@__user_Id_0='?' (DbType = Guid)], CommandType='Text', CommandTimeout='30']
      SELECT w.product_id, p.name, p.description, p.category, p.type, p.current_price, p.stock_qty, COALESCE((
          SELECT avg(p0.score::double precision)
          FROM public.product_reviews AS p0
          WHERE p.id = p0.product_id AND p0.score IS NOT NULL), 0.0), (
          SELECT count(*)::int
          FROM public.product_reviews AS p1
          WHERE p.id = p1.product_id), (
          SELECT p2.url
          FROM public.product_media AS p2
          WHERE p.id = p2.product_id
          ORDER BY p2.display_order
          LIMIT 1), w.id, p.id, p3.id, p3.url, p3.media_type, p3.display_order, w.created_at
      FROM public.wishlist_items AS w
      INNER JOIN public.products AS p ON w.product_id = p.id
      LEFT JOIN public.product_media AS p3 ON p.id = p3.product_id
      WHERE w.user_id = @__user_Id_0 AND (p.is_deleted <> TRUE OR p.is_deleted IS NULL)
      ORDER BY w.created_at DESC, w.id, p.id, p3.display_order
info: Microsoft.EntityFrameworkCore.Database.Command[20101]
      Executed DbCommand (187ms) [Parameters=[], CommandType='Text', CommandTimeout='30']
      SELECT count(*)::int
      FROM public.products AS p
      WHERE p.is_deleted <> TRUE OR p.is_deleted IS NULL
info: Microsoft.EntityFrameworkCore.Database.Command[20101]
      Executed DbCommand (172ms) [Parameters=[@__userId_0='?' (DbType = Guid)], CommandType='Text', CommandTimeout='30']
      SELECT u.id, u.city, u.country, u.created_at, u.email, u.first_name, u.google_place_id, u.is_buyer, u.is_deleted, u.is_seller, u.last_name, u.lat, u.life_track_story, u.lng, u.phone, u.roles, u.state, u.updated_at, u.wallet_balance
      FROM public.users AS u
      WHERE u.id = @__userId_0 AND (u.is_deleted <> TRUE OR u.is_deleted IS NULL)
      LIMIT 1
info: Microsoft.EntityFrameworkCore.Database.Command[20101]
      Executed DbCommand (186ms) [Parameters=[@__userId_0='?' (DbType = Guid)], CommandType='Text', CommandTimeout='30']
      SELECT u.id, u.city, u.country, u.created_at, u.email, u.first_name, u.google_place_id, u.is_buyer, u.is_deleted, u.is_seller, u.last_name, u.lat, u.life_track_story, u.lng, u.phone, u.roles, u.state, u.updated_at, u.wallet_balance
      FROM public.users AS u
      WHERE u.id = @__userId_0 AND (u.is_deleted <> TRUE OR u.is_deleted IS NULL)
      LIMIT 1
info: Microsoft.EntityFrameworkCore.Database.Command[20101]
      Executed DbCommand (186ms) [Parameters=[@__user_Id_0='?' (DbType = Guid)], CommandType='Text', CommandTimeout='30']
      SELECT COALESCE(sum(o.wallet_amount_used), 0.0)
      FROM public.orders AS o
      WHERE o.user_id = @__user_Id_0 AND o.status = 'pending'
info: Microsoft.EntityFrameworkCore.Database.Command[20101]
      Executed DbCommand (192ms) [Parameters=[@__p_1='?' (DbType = Int32), @__p_0='?' (DbType = Int32)], CommandType='Text', CommandTimeout='30']
      SELECT p4.id, p4.name, p4.description, p4.category, p4.type, p4.current_price, p4.stock_qty, p4.c, p4.c0, p4.c1, p3.id, p3.url, p3.media_type, p3.display_order, p4.created_at, p4.updated_at
      FROM (
          SELECT p.id, p.name, p.description, p.category, p.type, p.current_price, p.stock_qty, COALESCE((
              SELECT avg(p0.score::double precision)
              FROM public.product_reviews AS p0
              WHERE p.id = p0.product_id AND p0.score IS NOT NULL), 0.0) AS c, (
              SELECT count(*)::int
              FROM public.product_reviews AS p1
              WHERE p.id = p1.product_id) AS c0, (
              SELECT p2.url
              FROM public.product_media AS p2
              WHERE p.id = p2.product_id
              ORDER BY p2.display_order
              LIMIT 1) AS c1, p.created_at, p.updated_at
          FROM public.products AS p
          WHERE p.is_deleted <> TRUE OR p.is_deleted IS NULL
          ORDER BY p.created_at DESC
          LIMIT @__p_1 OFFSET @__p_0
      ) AS p4
      LEFT JOIN public.product_media AS p3 ON p4.id = p3.product_id
      ORDER BY p4.created_at DESC, p4.id, p3.display_order
info: Microsoft.EntityFrameworkCore.Database.Command[20101]
      Executed DbCommand (199ms) [Parameters=[@__user_Id_0='?' (DbType = Guid)], CommandType='Text', CommandTimeout='30']
      SELECT w.product_id, p.name, p.description, p.category, p.type, p.current_price, p.stock_qty, COALESCE((
          SELECT avg(p0.score::double precision)
          FROM public.product_reviews AS p0
          WHERE p.id = p0.product_id AND p0.score IS NOT NULL), 0.0), (
          SELECT count(*)::int
          FROM public.product_reviews AS p1
          WHERE p.id = p1.product_id), (
          SELECT p2.url
          FROM public.product_media AS p2
          WHERE p.id = p2.product_id
          ORDER BY p2.display_order
          LIMIT 1), w.id, p.id, p3.id, p3.url, p3.media_type, p3.display_order, w.created_at
      FROM public.wishlist_items AS w
      INNER JOIN public.products AS p ON w.product_id = p.id
      LEFT JOIN public.product_media AS p3 ON p.id = p3.product_id
      WHERE w.user_id = @__user_Id_0 AND (p.is_deleted <> TRUE OR p.is_deleted IS NULL)
      ORDER BY w.created_at DESC, w.id, p.id, p3.display_order
info: Microsoft.EntityFrameworkCore.Database.Command[20101]
      Executed DbCommand (87ms) [Parameters=[@__id_0='?' (DbType = Guid)], CommandType='Text', CommandTimeout='30']
      SELECT p3.id, p3.category, p3.created_at, p3.current_price, p3.description, p3.discriminator, p3.is_deleted, p3.name, p3.stock_qty, p3.type, p3.updated_at, p0.id, p0.created_at, p0.display_order, p0.media_type, p0.product_id, p0.url, p1.id, p1.name, p1.product_id, p1.value, p2.id, p2.comment, p2.created_at, p2.order_item_id, p2.product_id, p2.score, p2.user_id
      FROM (
          SELECT p.id, p.category, p.created_at, p.current_price, p.description, p.discriminator, p.is_deleted, p.name, p.stock_qty, p.type, p.updated_at
          FROM public.products AS p
          WHERE p.id = @__id_0 AND (p.is_deleted <> TRUE OR p.is_deleted IS NULL)
          LIMIT 1
      ) AS p3
      LEFT JOIN public.product_media AS p0 ON p3.id = p0.product_id
      LEFT JOIN public.product_attributes AS p1 ON p3.id = p1.product_id
      LEFT JOIN public.product_reviews AS p2 ON p3.id = p2.product_id
      ORDER BY p3.id, p0.id, p1.id
info: Microsoft.EntityFrameworkCore.Database.Command[20101]
      Executed DbCommand (73ms) [Parameters=[@__userId_0='?' (DbType = Guid)], CommandType='Text', CommandTimeout='30']
      SELECT u.id, u.city, u.country, u.created_at, u.email, u.first_name, u.google_place_id, u.is_buyer, u.is_deleted, u.is_seller, u.last_name, u.lat, u.life_track_story, u.lng, u.phone, u.roles, u.state, u.updated_at, u.wallet_balance
      FROM public.users AS u
      WHERE u.id = @__userId_0
      LIMIT 1
info: Microsoft.EntityFrameworkCore.Database.Command[20101]
      Executed DbCommand (84ms) [Parameters=[@__userId_0='?' (DbType = Guid)], CommandType='Text', CommandTimeout='30']
      SELECT u.id, u.city, u.country, u.created_at, u.email, u.first_name, u.google_place_id, u.is_buyer, u.is_deleted, u.is_seller, u.last_name, u.lat, u.life_track_story, u.lng, u.phone, u.roles, u.state, u.updated_at, u.wallet_balance
      FROM public.users AS u
      WHERE u.id = @__userId_0
      LIMIT 1
info: Microsoft.EntityFrameworkCore.Database.Command[20101]
      Executed DbCommand (72ms) [Parameters=[@__userId_0='?' (DbType = Guid)], CommandType='Text', CommandTimeout='30']
      SELECT u.id, u.city, u.country, u.created_at, u.email, u.first_name, u.google_place_id, u.is_buyer, u.is_deleted, u.is_seller, u.last_name, u.lat, u.life_track_story, u.lng, u.phone, u.roles, u.state, u.updated_at, u.wallet_balance
      FROM public.users AS u
      WHERE u.id = @__userId_0
      LIMIT 1
info: Microsoft.EntityFrameworkCore.Database.Command[20101]
      Executed DbCommand (78ms) [Parameters=[@__userId_0='?' (DbType = Guid)], CommandType='Text', CommandTimeout='30']
      SELECT u.id, u.city, u.country, u.created_at, u.email, u.first_name, u.google_place_id, u.is_buyer, u.is_deleted, u.is_seller, u.last_name, u.lat, u.life_track_story, u.lng, u.phone, u.roles, u.state, u.updated_at, u.wallet_balance
      FROM public.users AS u
      WHERE u.id = @__userId_0
      LIMIT 1
info: Microsoft.EntityFrameworkCore.Database.Command[20101]
      Executed DbCommand (78ms) [Parameters=[@__userId_0='?' (DbType = Guid)], CommandType='Text', CommandTimeout='30']
      SELECT u.id, u.city, u.country, u.created_at, u.email, u.first_name, u.google_place_id, u.is_buyer, u.is_deleted, u.is_seller, u.last_name, u.lat, u.life_track_story, u.lng, u.phone, u.roles, u.state, u.updated_at, u.wallet_balance
      FROM public.users AS u
      WHERE u.id = @__userId_0 AND (u.is_deleted <> TRUE OR u.is_deleted IS NULL)
      LIMIT 1
info: Microsoft.EntityFrameworkCore.Database.Command[20101]
      Executed DbCommand (79ms) [Parameters=[@__user_Id_0='?' (DbType = Guid)], CommandType='Text', CommandTimeout='30']
      SELECT COALESCE(sum(o.wallet_amount_used), 0.0)
      FROM public.orders AS o
      WHERE o.user_id = @__user_Id_0 AND o.status = 'pending'
info: Microsoft.EntityFrameworkCore.Database.Command[20101]
      Executed DbCommand (79ms) [Parameters=[@__userId_0='?' (DbType = Guid)], CommandType='Text', CommandTimeout='30']
      SELECT u.id, u.city, u.country, u.created_at, u.email, u.first_name, u.google_place_id, u.is_buyer, u.is_deleted, u.is_seller, u.last_name, u.lat, u.life_track_story, u.lng, u.phone, u.roles, u.state, u.updated_at, u.wallet_balance
      FROM public.users AS u
      WHERE u.id = @__userId_0 AND (u.is_deleted <> TRUE OR u.is_deleted IS NULL)
      LIMIT 1
info: Microsoft.EntityFrameworkCore.Database.Command[20101]
      Executed DbCommand (87ms) [Parameters=[@__user_Id_0='?' (DbType = Guid)], CommandType='Text', CommandTimeout='30']
      SELECT w.product_id, p.name, p.description, p.category, p.type, p.current_price, p.stock_qty, COALESCE((
          SELECT avg(p0.score::double precision)
          FROM public.product_reviews AS p0
          WHERE p.id = p0.product_id AND p0.score IS NOT NULL), 0.0), (
          SELECT count(*)::int
          FROM public.product_reviews AS p1
          WHERE p.id = p1.product_id), (
          SELECT p2.url
          FROM public.product_media AS p2
          WHERE p.id = p2.product_id
          ORDER BY p2.display_order
          LIMIT 1), w.id, p.id, p3.id, p3.url, p3.media_type, p3.display_order, w.created_at
      FROM public.wishlist_items AS w
      INNER JOIN public.products AS p ON w.product_id = p.id
      LEFT JOIN public.product_media AS p3 ON p.id = p3.product_id
      WHERE w.user_id = @__user_Id_0 AND (p.is_deleted <> TRUE OR p.is_deleted IS NULL)
      ORDER BY w.created_at DESC, w.id, p.id, p3.display_order
info: Microsoft.EntityFrameworkCore.Database.Command[20101]
      Executed DbCommand (77ms) [Parameters=[], CommandType='Text', CommandTimeout='30']
      SELECT count(*)::int
      FROM public.products AS p
      WHERE p.is_deleted <> TRUE OR p.is_deleted IS NULL
info: Microsoft.EntityFrameworkCore.Database.Command[20101]
      Executed DbCommand (80ms) [Parameters=[@__p_1='?' (DbType = Int32), @__p_0='?' (DbType = Int32)], CommandType='Text', CommandTimeout='30']
      SELECT p4.id, p4.name, p4.description, p4.category, p4.type, p4.current_price, p4.stock_qty, p4.c, p4.c0, p4.c1, p3.id, p3.url, p3.media_type, p3.display_order, p4.created_at, p4.updated_at
      FROM (
          SELECT p.id, p.name, p.description, p.category, p.type, p.current_price, p.stock_qty, COALESCE((
              SELECT avg(p0.score::double precision)
              FROM public.product_reviews AS p0
              WHERE p.id = p0.product_id AND p0.score IS NOT NULL), 0.0) AS c, (
              SELECT count(*)::int
              FROM public.product_reviews AS p1
              WHERE p.id = p1.product_id) AS c0, (
              SELECT p2.url
              FROM public.product_media AS p2
              WHERE p.id = p2.product_id
              ORDER BY p2.display_order
              LIMIT 1) AS c1, p.created_at, p.updated_at
          FROM public.products AS p
          WHERE p.is_deleted <> TRUE OR p.is_deleted IS NULL
          ORDER BY p.created_at DESC
          LIMIT @__p_1 OFFSET @__p_0
      ) AS p4
      LEFT JOIN public.product_media AS p3 ON p4.id = p3.product_id
      ORDER BY p4.created_at DESC, p4.id, p3.display_order
info: Microsoft.EntityFrameworkCore.Database.Command[20101]
      Executed DbCommand (70ms) [Parameters=[@__userId_0='?' (DbType = Guid)], CommandType='Text', CommandTimeout='30']
      SELECT u.id, u.city, u.country, u.created_at, u.email, u.first_name, u.google_place_id, u.is_buyer, u.is_deleted, u.is_seller, u.last_name, u.lat, u.life_track_story, u.lng, u.phone, u.roles, u.state, u.updated_at, u.wallet_balance
      FROM public.users AS u
      WHERE u.id = @__userId_0
      LIMIT 1
info: Microsoft.EntityFrameworkCore.Database.Command[20101]
      Executed DbCommand (80ms) [Parameters=[@__userId_0='?' (DbType = Guid)], CommandType='Text', CommandTimeout='30']
      SELECT u.id, u.city, u.country, u.created_at, u.email, u.first_name, u.google_place_id, u.is_buyer, u.is_deleted, u.is_seller, u.last_name, u.lat, u.life_track_story, u.lng, u.phone, u.roles, u.state, u.updated_at, u.wallet_balance
      FROM public.users AS u
      WHERE u.id = @__userId_0
      LIMIT 1
info: Microsoft.EntityFrameworkCore.Database.Command[20101]
      Executed DbCommand (76ms) [Parameters=[], CommandType='Text', CommandTimeout='30']
      SELECT count(*)::int
      FROM public.products AS p
      WHERE p.is_deleted <> TRUE OR p.is_deleted IS NULL
info: Microsoft.EntityFrameworkCore.Database.Command[20101]
      Executed DbCommand (70ms) [Parameters=[@__userId_0='?' (DbType = Guid)], CommandType='Text', CommandTimeout='30']
      SELECT u.id, u.city, u.country, u.created_at, u.email, u.first_name, u.google_place_id, u.is_buyer, u.is_deleted, u.is_seller, u.last_name, u.lat, u.life_track_story, u.lng, u.phone, u.roles, u.state, u.updated_at, u.wallet_balance
      FROM public.users AS u
      WHERE u.id = @__userId_0
      LIMIT 1
info: Microsoft.EntityFrameworkCore.Database.Command[20101]
      Executed DbCommand (81ms) [Parameters=[@__userId_0='?' (DbType = Guid)], CommandType='Text', CommandTimeout='30']
      SELECT u.id, u.city, u.country, u.created_at, u.email, u.first_name, u.google_place_id, u.is_buyer, u.is_deleted, u.is_seller, u.last_name, u.lat, u.life_track_story, u.lng, u.phone, u.roles, u.state, u.updated_at, u.wallet_balance
      FROM public.users AS u
      WHERE u.id = @__userId_0
      LIMIT 1
info: Microsoft.EntityFrameworkCore.Database.Command[20101]
      Executed DbCommand (80ms) [Parameters=[@__p_1='?' (DbType = Int32), @__p_0='?' (DbType = Int32)], CommandType='Text', CommandTimeout='30']
      SELECT p4.id, p4.name, p4.description, p4.category, p4.type, p4.current_price, p4.stock_qty, p4.c, p4.c0, p4.c1, p3.id, p3.url, p3.media_type, p3.display_order, p4.created_at, p4.updated_at
      FROM (
          SELECT p.id, p.name, p.description, p.category, p.type, p.current_price, p.stock_qty, COALESCE((
              SELECT avg(p0.score::double precision)
              FROM public.product_reviews AS p0
              WHERE p.id = p0.product_id AND p0.score IS NOT NULL), 0.0) AS c, (
              SELECT count(*)::int
              FROM public.product_reviews AS p1
              WHERE p.id = p1.product_id) AS c0, (
              SELECT p2.url
              FROM public.product_media AS p2
              WHERE p.id = p2.product_id
              ORDER BY p2.display_order
              LIMIT 1) AS c1, p.created_at, p.updated_at
          FROM public.products AS p
          WHERE p.is_deleted <> TRUE OR p.is_deleted IS NULL
          ORDER BY p.created_at DESC
          LIMIT @__p_1 OFFSET @__p_0
      ) AS p4
      LEFT JOIN public.product_media AS p3 ON p4.id = p3.product_id
      ORDER BY p4.created_at DESC, p4.id, p3.display_order
info: Microsoft.EntityFrameworkCore.Database.Command[20101]
      Executed DbCommand (74ms) [Parameters=[@__userId_0='?' (DbType = Guid)], CommandType='Text', CommandTimeout='30']
      SELECT u.id, u.city, u.country, u.created_at, u.email, u.first_name, u.google_place_id, u.is_buyer, u.is_deleted, u.is_seller, u.last_name, u.lat, u.life_track_story, u.lng, u.phone, u.roles, u.state, u.updated_at, u.wallet_balance
      FROM public.users AS u
      WHERE u.id = @__userId_0 AND (u.is_deleted <> TRUE OR u.is_deleted IS NULL)
      LIMIT 1
info: Microsoft.EntityFrameworkCore.Database.Command[20101]
      Executed DbCommand (77ms) [Parameters=[@__user_Id_0='?' (DbType = Guid)], CommandType='Text', CommandTimeout='30']
      SELECT COALESCE(sum(o.wallet_amount_used), 0.0)
      FROM public.orders AS o
      WHERE o.user_id = @__user_Id_0 AND o.status = 'pending'
info: Microsoft.EntityFrameworkCore.Database.Command[20101]
      Executed DbCommand (83ms) [Parameters=[@__userId_0='?' (DbType = Guid)], CommandType='Text', CommandTimeout='30']
      SELECT u.id, u.city, u.country, u.created_at, u.email, u.first_name, u.google_place_id, u.is_buyer, u.is_deleted, u.is_seller, u.last_name, u.lat, u.life_track_story, u.lng, u.phone, u.roles, u.state, u.updated_at, u.wallet_balance
      FROM public.users AS u
      WHERE u.id = @__userId_0 AND (u.is_deleted <> TRUE OR u.is_deleted IS NULL)
      LIMIT 1
info: Microsoft.EntityFrameworkCore.Database.Command[20101]
      Executed DbCommand (79ms) [Parameters=[@__user_Id_0='?' (DbType = Guid)], CommandType='Text', CommandTimeout='30']
      SELECT w.product_id, p.name, p.description, p.category, p.type, p.current_price, p.stock_qty, COALESCE((
          SELECT avg(p0.score::double precision)
          FROM public.product_reviews AS p0
          WHERE p.id = p0.product_id AND p0.score IS NOT NULL), 0.0), (
          SELECT count(*)::int
          FROM public.product_reviews AS p1
          WHERE p.id = p1.product_id), (
          SELECT p2.url
          FROM public.product_media AS p2
          WHERE p.id = p2.product_id
          ORDER BY p2.display_order
          LIMIT 1), w.id, p.id, p3.id, p3.url, p3.media_type, p3.display_order, w.created_at
      FROM public.wishlist_items AS w
      INNER JOIN public.products AS p ON w.product_id = p.id
      LEFT JOIN public.product_media AS p3 ON p.id = p3.product_id
      WHERE w.user_id = @__user_Id_0 AND (p.is_deleted <> TRUE OR p.is_deleted IS NULL)
      ORDER BY w.created_at DESC, w.id, p.id, p3.display_order
info: Microsoft.EntityFrameworkCore.Database.Command[20101]
      Executed DbCommand (70ms) [Parameters=[], CommandType='Text', CommandTimeout='30']
      SELECT count(*)::int
      FROM public.products AS p
      WHERE p.is_deleted <> TRUE OR p.is_deleted IS NULL
info: Microsoft.EntityFrameworkCore.Database.Command[20101]
      Executed DbCommand (73ms) [Parameters=[@__userId_0='?' (DbType = Guid)], CommandType='Text', CommandTimeout='30']
      SELECT u.id, u.city, u.country, u.created_at, u.email, u.first_name, u.google_place_id, u.is_buyer, u.is_deleted, u.is_seller, u.last_name, u.lat, u.life_track_story, u.lng, u.phone, u.roles, u.state, u.updated_at, u.wallet_balance
      FROM public.users AS u
      WHERE u.id = @__userId_0 AND (u.is_deleted <> TRUE OR u.is_deleted IS NULL)
      LIMIT 1
info: Microsoft.EntityFrameworkCore.Database.Command[20101]
      Executed DbCommand (86ms) [Parameters=[@__userId_0='?' (DbType = Guid)], CommandType='Text', CommandTimeout='30']
      SELECT u.id, u.city, u.country, u.created_at, u.email, u.first_name, u.google_place_id, u.is_buyer, u.is_deleted, u.is_seller, u.last_name, u.lat, u.life_track_story, u.lng, u.phone, u.roles, u.state, u.updated_at, u.wallet_balance
      FROM public.users AS u
      WHERE u.id = @__userId_0 AND (u.is_deleted <> TRUE OR u.is_deleted IS NULL)
      LIMIT 1
info: Microsoft.EntityFrameworkCore.Database.Command[20101]
      Executed DbCommand (80ms) [Parameters=[@__p_1='?' (DbType = Int32), @__p_0='?' (DbType = Int32)], CommandType='Text', CommandTimeout='30']
      SELECT p4.id, p4.name, p4.description, p4.category, p4.type, p4.current_price, p4.stock_qty, p4.c, p4.c0, p4.c1, p3.id, p3.url, p3.media_type, p3.display_order, p4.created_at, p4.updated_at
      FROM (
          SELECT p.id, p.name, p.description, p.category, p.type, p.current_price, p.stock_qty, COALESCE((
              SELECT avg(p0.score::double precision)
              FROM public.product_reviews AS p0
              WHERE p.id = p0.product_id AND p0.score IS NOT NULL), 0.0) AS c, (
              SELECT count(*)::int
              FROM public.product_reviews AS p1
              WHERE p.id = p1.product_id) AS c0, (
              SELECT p2.url
              FROM public.product_media AS p2
              WHERE p.id = p2.product_id
              ORDER BY p2.display_order
              LIMIT 1) AS c1, p.created_at, p.updated_at
          FROM public.products AS p
          WHERE p.is_deleted <> TRUE OR p.is_deleted IS NULL
          ORDER BY p.created_at DESC
          LIMIT @__p_1 OFFSET @__p_0
      ) AS p4
      LEFT JOIN public.product_media AS p3 ON p4.id = p3.product_id
      ORDER BY p4.created_at DESC, p4.id, p3.display_order
info: Microsoft.EntityFrameworkCore.Database.Command[20101]
      Executed DbCommand (75ms) [Parameters=[@__user_Id_0='?' (DbType = Guid)], CommandType='Text', CommandTimeout='30']
      SELECT COALESCE(sum(o.wallet_amount_used), 0.0)
      FROM public.orders AS o
      WHERE o.user_id = @__user_Id_0 AND o.status = 'pending'
info: Microsoft.EntityFrameworkCore.Database.Command[20101]
      Executed DbCommand (78ms) [Parameters=[@__user_Id_0='?' (DbType = Guid)], CommandType='Text', CommandTimeout='30']
      SELECT w.product_id, p.name, p.description, p.category, p.type, p.current_price, p.stock_qty, COALESCE((
          SELECT avg(p0.score::double precision)
          FROM public.product_reviews AS p0
          WHERE p.id = p0.product_id AND p0.score IS NOT NULL), 0.0), (
          SELECT count(*)::int
          FROM public.product_reviews AS p1
          WHERE p.id = p1.product_id), (
          SELECT p2.url
          FROM public.product_media AS p2
          WHERE p.id = p2.product_id
          ORDER BY p2.display_order
          LIMIT 1), w.id, p.id, p3.id, p3.url, p3.media_type, p3.display_order, w.created_at
      FROM public.wishlist_items AS w
      INNER JOIN public.products AS p ON w.product_id = p.id
      LEFT JOIN public.product_media AS p3 ON p.id = p3.product_id
      WHERE w.user_id = @__user_Id_0 AND (p.is_deleted <> TRUE OR p.is_deleted IS NULL)
      ORDER BY w.created_at DESC, w.id, p.id, p3.display_order
info: Microsoft.EntityFrameworkCore.Database.Command[20101]
      Executed DbCommand (79ms) [Parameters=[], CommandType='Text', CommandTimeout='30']
      SELECT count(*)::int
      FROM public.products AS p
      WHERE p.is_deleted <> TRUE OR p.is_deleted IS NULL
info: Microsoft.EntityFrameworkCore.Database.Command[20101]
      Executed DbCommand (79ms) [Parameters=[@__userId_0='?' (DbType = Guid)], CommandType='Text', CommandTimeout='30']
      SELECT u.id, u.city, u.country, u.created_at, u.email, u.first_name, u.google_place_id, u.is_buyer, u.is_deleted, u.is_seller, u.last_name, u.lat, u.life_track_story, u.lng, u.phone, u.roles, u.state, u.updated_at, u.wallet_balance
      FROM public.users AS u
      WHERE u.id = @__userId_0 AND (u.is_deleted <> TRUE OR u.is_deleted IS NULL)
      LIMIT 1
info: Microsoft.EntityFrameworkCore.Database.Command[20101]
      Executed DbCommand (79ms) [Parameters=[@__userId_0='?' (DbType = Guid)], CommandType='Text', CommandTimeout='30']
      SELECT u.id, u.city, u.country, u.created_at, u.email, u.first_name, u.google_place_id, u.is_buyer, u.is_deleted, u.is_seller, u.last_name, u.lat, u.life_track_story, u.lng, u.phone, u.roles, u.state, u.updated_at, u.wallet_balance
      FROM public.users AS u
      WHERE u.id = @__userId_0 AND (u.is_deleted <> TRUE OR u.is_deleted IS NULL)
      LIMIT 1
info: Microsoft.EntityFrameworkCore.Database.Command[20101]
      Executed DbCommand (79ms) [Parameters=[@__user_Id_0='?' (DbType = Guid)], CommandType='Text', CommandTimeout='30']
      SELECT COALESCE(sum(o.wallet_amount_used), 0.0)
      FROM public.orders AS o
      WHERE o.user_id = @__user_Id_0 AND o.status = 'pending'
info: Microsoft.EntityFrameworkCore.Database.Command[20101]
      Executed DbCommand (90ms) [Parameters=[@__p_1='?' (DbType = Int32), @__p_0='?' (DbType = Int32)], CommandType='Text', CommandTimeout='30']
      SELECT p4.id, p4.name, p4.description, p4.category, p4.type, p4.current_price, p4.stock_qty, p4.c, p4.c0, p4.c1, p3.id, p3.url, p3.media_type, p3.display_order, p4.created_at, p4.updated_at
      FROM (
          SELECT p.id, p.name, p.description, p.category, p.type, p.current_price, p.stock_qty, COALESCE((
              SELECT avg(p0.score::double precision)
              FROM public.product_reviews AS p0
              WHERE p.id = p0.product_id AND p0.score IS NOT NULL), 0.0) AS c, (
              SELECT count(*)::int
              FROM public.product_reviews AS p1
              WHERE p.id = p1.product_id) AS c0, (
              SELECT p2.url
              FROM public.product_media AS p2
              WHERE p.id = p2.product_id
              ORDER BY p2.display_order
              LIMIT 1) AS c1, p.created_at, p.updated_at
          FROM public.products AS p
          WHERE p.is_deleted <> TRUE OR p.is_deleted IS NULL
          ORDER BY p.created_at DESC
          LIMIT @__p_1 OFFSET @__p_0
      ) AS p4
      LEFT JOIN public.product_media AS p3 ON p4.id = p3.product_id
      ORDER BY p4.created_at DESC, p4.id, p3.display_order
info: Microsoft.EntityFrameworkCore.Database.Command[20101]
      Executed DbCommand (100ms) [Parameters=[@__user_Id_0='?' (DbType = Guid)], CommandType='Text', CommandTimeout='30']
      SELECT w.product_id, p.name, p.description, p.category, p.type, p.current_price, p.stock_qty, COALESCE((
          SELECT avg(p0.score::double precision)
          FROM public.product_reviews AS p0
          WHERE p.id = p0.product_id AND p0.score IS NOT NULL), 0.0), (
          SELECT count(*)::int
          FROM public.product_reviews AS p1
          WHERE p.id = p1.product_id), (
          SELECT p2.url
          FROM public.product_media AS p2
          WHERE p.id = p2.product_id
          ORDER BY p2.display_order
          LIMIT 1), w.id, p.id, p3.id, p3.url, p3.media_type, p3.display_order, w.created_at
      FROM public.wishlist_items AS w
      INNER JOIN public.products AS p ON w.product_id = p.id
      LEFT JOIN public.product_media AS p3 ON p.id = p3.product_id
      WHERE w.user_id = @__user_Id_0 AND (p.is_deleted <> TRUE OR p.is_deleted IS NULL)
      ORDER BY w.created_at DESC, w.id, p.id, p3.display_order
info: Microsoft.EntityFrameworkCore.Database.Command[20101]
      Executed DbCommand (78ms) [Parameters=[@__userId_0='?' (DbType = Guid)], CommandType='Text', CommandTimeout='30']
      SELECT u.id, u.city, u.country, u.created_at, u.email, u.first_name, u.google_place_id, u.is_buyer, u.is_deleted, u.is_seller, u.last_name, u.lat, u.life_track_story, u.lng, u.phone, u.roles, u.state, u.updated_at, u.wallet_balance
      FROM public.users AS u
      WHERE u.id = @__userId_0 AND (u.is_deleted <> TRUE OR u.is_deleted IS NULL)
      LIMIT 1
info: Microsoft.EntityFrameworkCore.Database.Command[20101]
      Executed DbCommand (83ms) [Parameters=[@__userId_0='?' (DbType = Guid)], CommandType='Text', CommandTimeout='30']
      SELECT u.id, u.city, u.country, u.created_at, u.email, u.first_name, u.google_place_id, u.is_buyer, u.is_deleted, u.is_seller, u.last_name, u.lat, u.life_track_story, u.lng, u.phone, u.roles, u.state, u.updated_at, u.wallet_balance
      FROM public.users AS u
      WHERE u.id = @__userId_0 AND (u.is_deleted <> TRUE OR u.is_deleted IS NULL)
      LIMIT 1
info: Microsoft.EntityFrameworkCore.Database.Command[20101]
      Executed DbCommand (84ms) [Parameters=[@__userId_0='?' (DbType = Guid)], CommandType='Text', CommandTimeout='30']
      SELECT u.id, u.city, u.country, u.created_at, u.email, u.first_name, u.google_place_id, u.is_buyer, u.is_deleted, u.is_seller, u.last_name, u.lat, u.life_track_story, u.lng, u.phone, u.roles, u.state, u.updated_at, u.wallet_balance
      FROM public.users AS u
      WHERE u.id = @__userId_0 AND (u.is_deleted <> TRUE OR u.is_deleted IS NULL)
      LIMIT 1
info: Microsoft.EntityFrameworkCore.Database.Command[20101]
      Executed DbCommand (83ms) [Parameters=[@__user_Id_0='?' (DbType = Guid)], CommandType='Text', CommandTimeout='30']
      SELECT w.product_id, p.name, p.description, p.category, p.type, p.current_price, p.stock_qty, COALESCE((
          SELECT avg(p0.score::double precision)
          FROM public.product_reviews AS p0
          WHERE p.id = p0.product_id AND p0.score IS NOT NULL), 0.0), (
          SELECT count(*)::int
          FROM public.product_reviews AS p1
          WHERE p.id = p1.product_id), (
          SELECT p2.url
          FROM public.product_media AS p2
          WHERE p.id = p2.product_id
          ORDER BY p2.display_order
          LIMIT 1), w.id, p.id, p3.id, p3.url, p3.media_type, p3.display_order, w.created_at
      FROM public.wishlist_items AS w
      INNER JOIN public.products AS p ON w.product_id = p.id
      LEFT JOIN public.product_media AS p3 ON p.id = p3.product_id
      WHERE w.user_id = @__user_Id_0 AND (p.is_deleted <> TRUE OR p.is_deleted IS NULL)
      ORDER BY w.created_at DESC, w.id, p.id, p3.display_order
info: Microsoft.EntityFrameworkCore.Database.Command[20101]
      Executed DbCommand (81ms) [Parameters=[@__userId_0='?' (DbType = Guid)], CommandType='Text', CommandTimeout='30']
      SELECT u.id, u.city, u.country, u.created_at, u.email, u.first_name, u.google_place_id, u.is_buyer, u.is_deleted, u.is_seller, u.last_name, u.lat, u.life_track_story, u.lng, u.phone, u.roles, u.state, u.updated_at, u.wallet_balance
      FROM public.users AS u
      WHERE u.id = @__userId_0 AND (u.is_deleted <> TRUE OR u.is_deleted IS NULL)
      LIMIT 1
info: Microsoft.EntityFrameworkCore.Database.Command[20101]
      Executed DbCommand (82ms) [Parameters=[@__user_Id_0='?' (DbType = Guid)], CommandType='Text', CommandTimeout='30']
      SELECT COALESCE(sum(o.wallet_amount_used), 0.0)
      FROM public.orders AS o
      WHERE o.user_id = @__user_Id_0 AND o.status = 'pending'
info: Microsoft.EntityFrameworkCore.Database.Command[20101]
      Executed DbCommand (74ms) [Parameters=[@__userId_0='?' (DbType = Guid)], CommandType='Text', CommandTimeout='30']
      SELECT u.id, u.city, u.country, u.created_at, u.email, u.first_name, u.google_place_id, u.is_buyer, u.is_deleted, u.is_seller, u.last_name, u.lat, u.life_track_story, u.lng, u.phone, u.roles, u.state, u.updated_at, u.wallet_balance
      FROM public.users AS u
      WHERE u.id = @__userId_0 AND (u.is_deleted <> TRUE OR u.is_deleted IS NULL)
      LIMIT 1
info: Microsoft.EntityFrameworkCore.Database.Command[20101]
      Executed DbCommand (81ms) [Parameters=[@__user_Id_0='?' (DbType = Guid)], CommandType='Text', CommandTimeout='30']
      SELECT count(*)::int
      FROM public.transactions AS t
      WHERE t.user_id = @__user_Id_0
info: Microsoft.EntityFrameworkCore.Database.Command[20101]
      Executed DbCommand (75ms) [Parameters=[@__user_Id_0='?' (DbType = Guid), @__p_2='?' (DbType = Int32), @__p_1='?' (DbType = Int32)], CommandType='Text', CommandTimeout='30']
      SELECT t.id, t.type, t.amount, t.order_id, t.created_at
      FROM public.transactions AS t
      WHERE t.user_id = @__user_Id_0
      ORDER BY t.created_at DESC
      LIMIT @__p_2 OFFSET @__p_1
info: Microsoft.EntityFrameworkCore.Database.Command[20101]
      Executed DbCommand (73ms) [Parameters=[@__userId_0='?' (DbType = Guid)], CommandType='Text', CommandTimeout='30']
      SELECT u.id, u.city, u.country, u.created_at, u.email, u.first_name, u.google_place_id, u.is_buyer, u.is_deleted, u.is_seller, u.last_name, u.lat, u.life_track_story, u.lng, u.phone, u.roles, u.state, u.updated_at, u.wallet_balance
      FROM public.users AS u
      WHERE u.id = @__userId_0 AND (u.is_deleted <> TRUE OR u.is_deleted IS NULL)
      LIMIT 1
info: Microsoft.EntityFrameworkCore.Database.Command[20101]
      Executed DbCommand (79ms) [Parameters=[@__user_Id_0='?' (DbType = Guid)], CommandType='Text', CommandTimeout='30']
      SELECT w.product_id, p.name, p.description, p.category, p.type, p.current_price, p.stock_qty, COALESCE((
          SELECT avg(p0.score::double precision)
          FROM public.product_reviews AS p0
          WHERE p.id = p0.product_id AND p0.score IS NOT NULL), 0.0), (
          SELECT count(*)::int
          FROM public.product_reviews AS p1
          WHERE p.id = p1.product_id), (
          SELECT p2.url
          FROM public.product_media AS p2
          WHERE p.id = p2.product_id
          ORDER BY p2.display_order
          LIMIT 1), w.id, p.id, p3.id, p3.url, p3.media_type, p3.display_order, w.created_at
      FROM public.wishlist_items AS w
      INNER JOIN public.products AS p ON w.product_id = p.id
      LEFT JOIN public.product_media AS p3 ON p.id = p3.product_id
      WHERE w.user_id = @__user_Id_0 AND (p.is_deleted <> TRUE OR p.is_deleted IS NULL)
      ORDER BY w.created_at DESC, w.id, p.id, p3.display_order
info: Microsoft.EntityFrameworkCore.Database.Command[20101]
      Executed DbCommand (80ms) [Parameters=[], CommandType='Text', CommandTimeout='30']
      SELECT count(*)::int
      FROM public.products AS p
      WHERE p.is_deleted <> TRUE OR p.is_deleted IS NULL
info: Microsoft.EntityFrameworkCore.Database.Command[20101]
      Executed DbCommand (80ms) [Parameters=[@__p_1='?' (DbType = Int32), @__p_0='?' (DbType = Int32)], CommandType='Text', CommandTimeout='30']
      SELECT p4.id, p4.name, p4.description, p4.category, p4.type, p4.current_price, p4.stock_qty, p4.c, p4.c0, p4.c1, p3.id, p3.url, p3.media_type, p3.display_order, p4.created_at, p4.updated_at
      FROM (
          SELECT p.id, p.name, p.description, p.category, p.type, p.current_price, p.stock_qty, COALESCE((
              SELECT avg(p0.score::double precision)
              FROM public.product_reviews AS p0
              WHERE p.id = p0.product_id AND p0.score IS NOT NULL), 0.0) AS c, (
              SELECT count(*)::int
              FROM public.product_reviews AS p1
              WHERE p.id = p1.product_id) AS c0, (
              SELECT p2.url
              FROM public.product_media AS p2
              WHERE p.id = p2.product_id
              ORDER BY p2.display_order
              LIMIT 1) AS c1, p.created_at, p.updated_at
          FROM public.products AS p
          WHERE p.is_deleted <> TRUE OR p.is_deleted IS NULL
          ORDER BY p.created_at DESC
          LIMIT @__p_1 OFFSET @__p_0
      ) AS p4
      LEFT JOIN public.product_media AS p3 ON p4.id = p3.product_id
      ORDER BY p4.created_at DESC, p4.id, p3.display_order
info: Microsoft.EntityFrameworkCore.Database.Command[20101]
      Executed DbCommand (75ms) [Parameters=[@__userId_0='?' (DbType = Guid)], CommandType='Text', CommandTimeout='30']
      SELECT u.id, u.city, u.country, u.created_at, u.email, u.first_name, u.google_place_id, u.is_buyer, u.is_deleted, u.is_seller, u.last_name, u.lat, u.life_track_story, u.lng, u.phone, u.roles, u.state, u.updated_at, u.wallet_balance
      FROM public.users AS u
      WHERE u.id = @__userId_0 AND (u.is_deleted <> TRUE OR u.is_deleted IS NULL)
      LIMIT 1
info: Microsoft.EntityFrameworkCore.Database.Command[20101]
      Executed DbCommand (82ms) [Parameters=[@__user_Id_0='?' (DbType = Guid)], CommandType='Text', CommandTimeout='30']
      SELECT w.product_id, p.name, p.description, p.category, p.type, p.current_price, p.stock_qty, COALESCE((
          SELECT avg(p0.score::double precision)
          FROM public.product_reviews AS p0
          WHERE p.id = p0.product_id AND p0.score IS NOT NULL), 0.0), (
          SELECT count(*)::int
          FROM public.product_reviews AS p1
          WHERE p.id = p1.product_id), (
          SELECT p2.url
          FROM public.product_media AS p2
          WHERE p.id = p2.product_id
          ORDER BY p2.display_order
          LIMIT 1), w.id, p.id, p3.id, p3.url, p3.media_type, p3.display_order, w.created_at
      FROM public.wishlist_items AS w
      INNER JOIN public.products AS p ON w.product_id = p.id
      LEFT JOIN public.product_media AS p3 ON p.id = p3.product_id
      WHERE w.user_id = @__user_Id_0 AND (p.is_deleted <> TRUE OR p.is_deleted IS NULL)
      ORDER BY w.created_at DESC, w.id, p.id, p3.display_order
info: Microsoft.EntityFrameworkCore.Database.Command[20101]
      Executed DbCommand (87ms) [Parameters=[@__userId_0='?' (DbType = Guid)], CommandType='Text', CommandTimeout='30']
      SELECT u.id, u.city, u.country, u.created_at, u.email, u.first_name, u.google_place_id, u.is_buyer, u.is_deleted, u.is_seller, u.last_name, u.lat, u.life_track_story, u.lng, u.phone, u.roles, u.state, u.updated_at, u.wallet_balance
      FROM public.users AS u
      WHERE u.id = @__userId_0 AND (u.is_deleted <> TRUE OR u.is_deleted IS NULL)
      LIMIT 1
info: Microsoft.EntityFrameworkCore.Database.Command[20101]
      Executed DbCommand (71ms) [Parameters=[@__user_Id_0='?' (DbType = Guid)], CommandType='Text', CommandTimeout='30']
      SELECT COALESCE(sum(o.wallet_amount_used), 0.0)
      FROM public.orders AS o
      WHERE o.user_id = @__user_Id_0 AND o.status = 'pending'
